registration,model,icao_type,variant,category,engine_type,engine_count,multi_pilot,balloon_group,created_at
HB-1000,L 33 SÓLO,GLID,,SAILPLANE,,,FALSE,,
HB-1016,STANDARD LIBELLE,GLID,,SAILPLANE,,,FALSE,,
HB-1029,ASW 15,GLID,,SAILPLANE,,,FALSE,,
HB-1036,STANDARD LIBELLE 201 B,GLID,,SAILPLANE,,,FALSE,,
HB-1043,AN 17,GLID,,SAILPLANE,,,FALSE,,
HB-1052,KA 6CR,GLID,,SAILPLANE,,,FALSE,,
HB-1055,STANDARD LIBELLE,GLID,,SAILPLANE,,,FALSE,,
HB-1066,STANDARD LIBELLE 201 B,GLID,,SAILPLANE,,,FALSE,,
HB-1080,ELFE MK,GLID,,SAILPLANE,,,FALSE,,
HB-1082,STANDARD LIBELLE 201 B,GLID,,SAILPLANE,,,FALSE,,
HB-1087,ELFE 17,GLID,,SAILPLANE,,,FALSE,,
HB-1100,B4-PC 11AF,GLID,,SAILPLANE,,,FALSE,,
HB-1101,B4-PC 11AF,GLID,,SAILPLANE,,,FALSE,,
HB-1105,B4-PC 11AF,GLID,,SAILPLANE,,,FALSE,,
HB-1108,B4-PC 11AF,GLID,,SAILPLANE,,,FALSE,,
HB-1123,B4-PC 11AF,GLID,,SAILPLANE,,,FALSE,,
HB-1128,B4-PC 11AF,GLID,,SAILPLANE,,,FALSE,,
HB-1131,B4-PC 11AF,GLID,,SAILPLANE,,,FALSE,,
HB-1139,B4-PC 11AF,GLID,,SAILPLANE,,,FALSE,,
HB-1156,STANDARD LIBELLE 201 B,GLID,,SAILPLANE,,,FALSE,,
HB-1159,DUO DISCUS,GLID,,SAILPLANE,,,FALSE,,
HB-1182,ELFE 17A,GLID,,SAILPLANE,,,FALSE,,
HB-1227,SPERBER,GLID,,SAILPLANE,,,FALSE,,
HB-1233,STANDARD CIRRUS,GLID,,SAILPLANE,,,FALSE,,
HB-1245,RHÖNLERCHE II,GLID,,SAILPLANE,,,FALSE,,
HB-1249,CLUB LIBELLE 205,GLID,,SAILPLANE,,,FALSE,,
HB-1252,B4-PC 11AF,GLID,,SAILPLANE,,,FALSE,,
HB-1255,B4-PC 11A,GLID,,SAILPLANE,,,FALSE,,
HB-1257,B4-PC 11AF,GLID,,SAILPLANE,,,FALSE,,
HB-1268,CLUB LIBELLE 205,GLID,,SAILPLANE,,,FALSE,,
HB-1275,ELFE 17A,GLID,,SAILPLANE,,,FALSE,,
HB-1295,HORNET,GLID,,SAILPLANE,,,FALSE,,
HB-1296,HORNET,GLID,,SAILPLANE,,,FALSE,,
HB-1314,B4-PC 11AF,GLID,,SAILPLANE,,,FALSE,,
HB-1320,B4-PC 11AF,GLID,,SAILPLANE,,,FALSE,,
HB-1321,B4-PC 11AF,GLID,,SAILPLANE,,,FALSE,,
HB-138,SG 38,GLID,,SAILPLANE,,,FALSE,,
HB-1388,SZD-41A,GLID,,SAILPLANE,,,FALSE,,
HB-1395,MINI-NIMBUS HS 7,GLID,,SAILPLANE,,,FALSE,,
HB-1410,DG-200,GLID,,SAILPLANE,,,FALSE,,
HB-1413,MINI-NIMBUS HS 7,GLID,,SAILPLANE,,,FALSE,,
HB-1414,MINI-NIMBUS HS 7,GLID,,SAILPLANE,,,FALSE,,
HB-1422,ASW 19,GLID,,SAILPLANE,,,FALSE,,
HB-1425,MINI-NIMBUS C,GLID,,SAILPLANE,,,FALSE,,
HB-1444,DG-200,GLID,,SAILPLANE,,,FALSE,,
HB-1449,ASW 20,GLID,,SAILPLANE,,,FALSE,,
HB-1463,LS 3-a,GLID,,SAILPLANE,,,FALSE,,
HB-1464,DG-100 G ELAN,GLID,,SAILPLANE,,,FALSE,,
HB-1478,ASW 19 B,GLID,,SAILPLANE,,,FALSE,,
HB-1479,ASK 18 B,GLID,,SAILPLANE,,,FALSE,,
HB-1480,NIMBUS-2C,GLID,,SAILPLANE,,,FALSE,,
HB-1490,MINI-NIMBUS C,GLID,,SAILPLANE,,,FALSE,,
HB-1505,B4-PC 11AF,GLID,,SAILPLANE,,,FALSE,,
HB-1546,NIMBUS-2C,GLID,,SAILPLANE,,,FALSE,,
HB-1554,ASK 21,GLID,,SAILPLANE,,,FALSE,,
HB-1563,GROB G 103,GLID,,SAILPLANE,,,FALSE,,
HB-1564,LS 4,GLID,,SAILPLANE,,,FALSE,,
HB-1570,VENTUS A/16.6,GLID,,SAILPLANE,,,FALSE,,
HB-1574,LS 4,GLID,,SAILPLANE,,,FALSE,,
HB-1575,DG-100 G ELAN,GLID,,SAILPLANE,,,FALSE,,
HB-1589,ASK 21,GLID,,SAILPLANE,,,FALSE,,
HB-1590,ASK 21,GLID,,SAILPLANE,,,FALSE,,
HB-1591,ASK 21,GLID,,SAILPLANE,,,FALSE,,
HB-1599,VENTUS B/16.6,GLID,,SAILPLANE,,,FALSE,,
HB-1622,ASK 21,GLID,,SAILPLANE,,,FALSE,,
HB-1629,ASK 21,GLID,,SAILPLANE,,,FALSE,,
HB-1630,ASK 21,GLID,,SAILPLANE,,,FALSE,,
HB-1632,ASK 21,GLID,,SAILPLANE,,,FALSE,,
HB-1639,DG-200/17,GLID,,SAILPLANE,,,FALSE,,
HB-1641,LS 4,GLID,,SAILPLANE,,,FALSE,,
HB-1643,LS 4,GLID,,SAILPLANE,,,FALSE,,
HB-1649,ASK 21,GLID,,SAILPLANE,,,FALSE,,
HB-1655,LS 4,GLID,,SAILPLANE,,,FALSE,,
HB-1660,ASW 20 L,GLID,,SAILPLANE,,,FALSE,,
HB-1661,NIMBUS-3/24.5,GLID,,SAILPLANE,,,FALSE,,
HB-1662,LS 4,GLID,,SAILPLANE,,,FALSE,,
HB-1666,101 A,GLID,,SAILPLANE,,,FALSE,,
HB-1669,ASK 21,GLID,,SAILPLANE,,,FALSE,,
HB-1670,VENTUS B/16.6,GLID,,SAILPLANE,,,FALSE,,
HB-1673,LS 4,GLID,,SAILPLANE,,,FALSE,,
HB-1684,VENTUS B/16.6,GLID,,SAILPLANE,,,FALSE,,
HB-1685,ASK 21,GLID,,SAILPLANE,,,FALSE,,
HB-1686,LS 4,GLID,,SAILPLANE,,,FALSE,,
HB-1690,ASK 21,GLID,,SAILPLANE,,,FALSE,,
HB-1699,ASK 21,GLID,,SAILPLANE,,,FALSE,,
HB-1708,ASK 21,GLID,,SAILPLANE,,,FALSE,,
HB-1715,LS 4,GLID,,SAILPLANE,,,FALSE,,
HB-1732,DG-300 ELAN,GLID,,SAILPLANE,,,FALSE,,
HB-1741,VENTUS B/16.6,GLID,,SAILPLANE,,,FALSE,,
HB-1745,DG-300 ELAN,GLID,,SAILPLANE,,,FALSE,,
HB-1747,LS 4,GLID,,SAILPLANE,,,FALSE,,
HB-1751,DG-300 ELAN,GLID,,SAILPLANE,,,FALSE,,
HB-1752,DG-300 ELAN,GLID,,SAILPLANE,,,FALSE,,
HB-1753,LS 4,GLID,,SAILPLANE,,,FALSE,,
HB-1755,DG-300 ELAN,GLID,,SAILPLANE,,,FALSE,,
HB-1764,LS 4,GLID,,SAILPLANE,,,FALSE,,
HB-1766,ASK 21,GLID,,SAILPLANE,,,FALSE,,
HB-1777,101 A,GLID,,SAILPLANE,,,FALSE,,
HB-1778,GROB G 103 A,GLID,,SAILPLANE,,,FALSE,,
HB-1779,ASK 23,GLID,,SAILPLANE,,,FALSE,,
HB-1784,ASW 20 CL,GLID,,SAILPLANE,,,FALSE,,
HB-1792,LS 6,GLID,,SAILPLANE,,,FALSE,,
HB-1796,ASK 23 B,GLID,,SAILPLANE,,,FALSE,,
HB-1798,ASW 20 B,GLID,,SAILPLANE,,,FALSE,,
HB-1799,LS 4,GLID,,SAILPLANE,,,FALSE,,
HB-1800,DG-300 ELAN,GLID,,SAILPLANE,,,FALSE,,
HB-1802,DISCUS B,GLID,,SAILPLANE,,,FALSE,,
HB-1806,DISCUS B,GLID,,SAILPLANE,,,FALSE,,
HB-1810,VENTUS B/16.6,GLID,,SAILPLANE,,,FALSE,,
HB-1811,ASK 21,GLID,,SAILPLANE,,,FALSE,,
HB-1812,DISCUS B,GLID,,SAILPLANE,,,FALSE,,
HB-1819,DG-300 ELAN,GLID,,SAILPLANE,,,FALSE,,
HB-1822,DISCUS B,GLID,,SAILPLANE,,,FALSE,,
HB-1824,LS 4,GLID,,SAILPLANE,,,FALSE,,
HB-1826,DISCUS B,GLID,,SAILPLANE,,,FALSE,,
HB-1827,DISCUS B,GLID,,SAILPLANE,,,FALSE,,
HB-183,GRUNAU BABY II,GLID,,SAILPLANE,,,FALSE,,
HB-1830,DISCUS B,GLID,,SAILPLANE,,,FALSE,,
HB-1835,LS 4-a,GLID,,SAILPLANE,,,FALSE,,
HB-1839,ASK 21,GLID,,SAILPLANE,,,FALSE,,
HB-1840,LS 4,GLID,,SAILPLANE,,,FALSE,,
HB-1845,DG-300 ELAN,GLID,,SAILPLANE,,,FALSE,,
HB-1846,H 101,GLID,,SAILPLANE,,,FALSE,,
HB-1856,ASW 19 B,GLID,,SAILPLANE,,,FALSE,,
HB-1866,LS 3-a,GLID,,SAILPLANE,,,FALSE,,
HB-1870,LS 4,GLID,,SAILPLANE,,,FALSE,,
HB-1871,ASW 20 CL,GLID,,SAILPLANE,,,FALSE,,
HB-1872,DG-300 ELAN,GLID,,SAILPLANE,,,FALSE,,
HB-1875,LS 4,GLID,,SAILPLANE,,,FALSE,,
HB-1879,ASK 23 B,GLID,,SAILPLANE,,,FALSE,,
HB-1885,DISCUS B,GLID,,SAILPLANE,,,FALSE,,
HB-1890,ASK 23 B,GLID,,SAILPLANE,,,FALSE,,
HB-1898,DG-300 ELAN,GLID,,SAILPLANE,,,FALSE,,
HB-190,RRG ZÖGLING,GLID,,SAILPLANE,,,FALSE,,
HB-1900,LS 6,GLID,,SAILPLANE,,,FALSE,,
HB-1910,LS 4,GLID,,SAILPLANE,,,FALSE,,
HB-1929,ASH 25,GLID,,SAILPLANE,,,FALSE,,
HB-1933,DG-300 ELAN,GLID,,SAILPLANE,,,FALSE,,
HB-1934,DG-300 ELAN,GLID,,SAILPLANE,,,FALSE,,
HB-1940,ASH 25,GLID,,SAILPLANE,,,FALSE,,
HB-1941,DG-300 ELAN,GLID,,SAILPLANE,,,FALSE,,
HB-1942,LS 6-b,GLID,,SAILPLANE,,,FALSE,,
HB-1943,DG-300 ELAN,GLID,,SAILPLANE,,,FALSE,,
HB-1945,VENTUS C,GLID,,SAILPLANE,,,FALSE,,
HB-1952,DISCUS B,GLID,,SAILPLANE,,,FALSE,,
HB-1953,NIMBUS-3D,GLID,,SAILPLANE,,,FALSE,,
HB-1959,ASK 21,GLID,,SAILPLANE,,,FALSE,,
HB-1962,ASK 21,GLID,,SAILPLANE,,,FALSE,,
HB-1963,VENTUS C,GLID,,SAILPLANE,,,FALSE,,
HB-1965,DISCUS B,GLID,,SAILPLANE,,,FALSE,,
HB-1966,DISCUS B,GLID,,SAILPLANE,,,FALSE,,
HB-1972,DG-300 ELAN,GLID,,SAILPLANE,,,FALSE,,
HB-1981,LS 7-WL,GLID,,SAILPLANE,,,FALSE,,
HB-1982,ASK 21,GLID,,SAILPLANE,,,FALSE,,
HB-1983,DG-300 ELAN,GLID,,SAILPLANE,,,FALSE,,
HB-1988,LS 7-WL,GLID,,SAILPLANE,,,FALSE,,
HB-1990,DISCUS B,GLID,,SAILPLANE,,,FALSE,,
HB-1995,LS 6-a,GLID,,SAILPLANE,,,FALSE,,
HB-2000,ARCUS M,ARCP,,AEROPLANE,Piston Engine,,FALSE,,
HB-2010,SF 25 B,SF25,,AEROPLANE,Piston Engine,,FALSE,,
HB-2025,DG-800 A,DG80,,AEROPLANE,Piston Engine,,FALSE,,
HB-2033,ASK 16,AS16,,AEROPLANE,Piston Engine,,FALSE,,
HB-2042,SF 28 A,SF28,,AEROPLANE,Piston Engine,,FALSE,,
HB-2045,SF 25 E,SF25,,AEROPLANE,Piston Engine,,FALSE,,
HB-2053,PIK-20 E,PK20,,AEROPLANE,Piston Engine,,FALSE,,
HB-2061,PIK 20 E II F,PK20,,AEROPLANE,Piston Engine,,FALSE,,
HB-2070,DG-400,DG40,,AEROPLANE,Piston Engine,,FALSE,,
HB-2073,DG-400,DG40,,AEROPLANE,Piston Engine,,FALSE,,
HB-2077,DG-400,DG40,,AEROPLANE,Piston Engine,,FALSE,,
HB-2083,G 109 B,G109,,AEROPLANE,Piston Engine,,FALSE,,
HB-2084,G 109 B,G109,,AEROPLANE,Piston Engine,,FALSE,,
HB-2087,G 109 B,G109,,AEROPLANE,Piston Engine,,FALSE,,
HB-2089,DG-400,DG40,,AEROPLANE,Piston Engine,,FALSE,,
HB-2094,TAIFUN 17 E,TFUN,,AEROPLANE,Piston Engine,,FALSE,,
HB-2097,G 109 B,G109,,AEROPLANE,Piston Engine,,FALSE,,
HB-2100,VENTUS bT,VENT,,AEROPLANE,Piston Engine,,FALSE,,
HB-2103,GLASFLÜGEL 304 MS,GLID,,AEROPLANE,Piston Engine,,FALSE,,
HB-2114,VENTUS bT,VENT,,AEROPLANE,Piston Engine,,FALSE,,
HB-2116,VENTUS cT,VENT,,AEROPLANE,Piston Engine,,FALSE,,
HB-2119,H 36,DIMO,,AEROPLANE,Piston Engine,,FALSE,,
HB-212,S 18 II A,GLID,,SAILPLANE,,,FALSE,,
HB-2120,VENTUS cT,VENT,,AEROPLANE,Piston Engine,,FALSE,,
HB-2130,PICCOLO B,ZZZZ,,AEROPLANE,Piston Engine,,FALSE,,
HB-2132,ASH 25 E,AS25,,AEROPLANE,Piston Engine,,FALSE,,
HB-2146,ELFE S 4 A TOP,ZZZZ,,AEROPLANE,Piston Engine,,FALSE,,
HB-2152,CANARD SCM,ZZZZ,,AEROPLANE,Piston Engine,,FALSE,,
HB-2160,NIMBUS-3DT,NIMB,,AEROPLANE,Piston Engine,,FALSE,,
HB-2161,DG-400,DG40,,AEROPLANE,Piston Engine,,FALSE,,
HB-2167,DG-400,DG40,,AEROPLANE,Piston Engine,,FALSE,,
HB-2172,ASH 25 E,AS25,,AEROPLANE,Piston Engine,,FALSE,,
HB-2173,VENTUS cT,VENT,,AEROPLANE,Piston Engine,,FALSE,,
HB-2176,DG-400,DG40,,AEROPLANE,Piston Engine,,FALSE,,
HB-2181,ASW 24 E,AS24,,AEROPLANE,Piston Engine,,FALSE,,
HB-2182,ASW 24 E,AS24,,AEROPLANE,Piston Engine,,FALSE,,
HB-2193,DISCUS bT,DISC,,AEROPLANE,Piston Engine,,FALSE,,
HB-2194,DISCUS bT,DISC,,AEROPLANE,Piston Engine,,FALSE,,
HB-2199,S10-V,S10S,,AEROPLANE,Piston Engine,,FALSE,,
HB-2203,DG-600 M,DG60,,AEROPLANE,Piston Engine,,FALSE,,
HB-2205,HK 36 R,DIMO,,AEROPLANE,Piston Engine,,FALSE,,
HB-2206,VENTUS cT,VENT,,AEROPLANE,Piston Engine,,FALSE,,
HB-2222,VENTUS-3M,VENT,,AEROPLANE,Piston Engine,,FALSE,,
HB-2224,G 103 C,G103,,AEROPLANE,Piston Engine,,FALSE,,
HB-2233,VENTUS cT,VENT,,AEROPLANE,Piston Engine,,FALSE,,
HB-2249,DG-500 M,DG50,,AEROPLANE,Piston Engine,,FALSE,,
HB-225,S 19,GLID,,SAILPLANE,,,FALSE,,
HB-2251,VENTUS cT,VENT,,AEROPLANE,Piston Engine,,FALSE,,
HB-2254,NIMBUS-4M,NIMB,,AEROPLANE,Piston Engine,,FALSE,,
HB-2258,VENTUS cM,VENT,,AEROPLANE,Piston Engine,,FALSE,,
HB-2260,PICCOLO B,ZZZZ,,AEROPLANE,Piston Engine,,FALSE,,
HB-2261,SF 25 C,SF25,,AEROPLANE,Piston Engine,,FALSE,,
HB-2263,VENTUS-2cT,VENT,,AEROPLANE,Piston Engine,,FALSE,,
HB-2281,ASH 25 E,AS25,,AEROPLANE,Piston Engine,,FALSE,,
HB-2283,ASH 26 E,AS26,,AEROPLANE,Piston Engine,,FALSE,,
HB-2284,NIMBUS-4DM,NIMB,,AEROPLANE,Piston Engine,,FALSE,,
HB-2286,VENTUS-2cT,VENT,,AEROPLANE,Piston Engine,,FALSE,,
HB-2288,ASH 26 E,AS26,,AEROPLANE,Piston Engine,,FALSE,,
HB-2289,VENTUS-2cT,VENT,,AEROPLANE,Piston Engine,,FALSE,,
HB-2290,VENTUS-2cM,VENT,,AEROPLANE,Piston Engine,,FALSE,,
HB-2291,DG-800 B,DG80,,AEROPLANE,Piston Engine,,FALSE,,
HB-2292,DG-800 B,DG80,,AEROPLANE,Piston Engine,,FALSE,,
HB-2302,PICCOLO B,ZZZZ,,AEROPLANE,Piston Engine,,FALSE,,
HB-2307,DG-800 B,DG80,,AEROPLANE,Piston Engine,,FALSE,,
HB-2310,HK 36 TTC,DIMO,,AEROPLANE,Piston Engine,,FALSE,,
HB-2311,DG-800 B,DG80,,AEROPLANE,Piston Engine,,FALSE,,
HB-2314,HK 36 TTC,DIMO,,AEROPLANE,Piston Engine,,FALSE,,
HB-2315,ASW 24 TOP,AS24,,AEROPLANE,Piston Engine,,FALSE,,
HB-2316,ASH 26 E,AS26,,AEROPLANE,Piston Engine,,FALSE,,
HB-2317,VENTUS-2cM,VENT,,AEROPLANE,Piston Engine,,FALSE,,
HB-2319,DG-800 B,DG80,,AEROPLANE,Piston Engine,,FALSE,,
HB-2322,DG-800 B,DG80,,AEROPLANE,Piston Engine,,FALSE,,
HB-2324,HK 36 TTC,DIMO,,AEROPLANE,Piston Engine,,FALSE,,
HB-2327,DG-800 B,DG80,,AEROPLANE,Piston Engine,,FALSE,,
HB-2328,HK 36 TTC,DIMO,,AEROPLANE,Piston Engine,,FALSE,,
HB-2329,ASH 26 E,AS26,,AEROPLANE,Piston Engine,,FALSE,,
HB-2330,ASH 26 E,AS26,,AEROPLANE,Piston Engine,,FALSE,,
HB-2337,VENTUS-2cT,VENT,,AEROPLANE,Piston Engine,,FALSE,,
HB-2338,HK 36 TTC,DIMO,,AEROPLANE,Piston Engine,,FALSE,,
HB-2339,NIMBUS-4DM,NIMB,,AEROPLANE,Piston Engine,,FALSE,,
HB-234,GRUNAU BABY II,GLID,,SAILPLANE,,,FALSE,,
HB-2340,DG-800 B,DG80,,AEROPLANE,Piston Engine,,FALSE,,
HB-2341,DG-800 B,DG80,,AEROPLANE,Piston Engine,,FALSE,,
HB-2344,DG-800 B,DG80,,AEROPLANE,Piston Engine,,FALSE,,
HB-2350,VENTUS-2cM,VENT,,AEROPLANE,Piston Engine,,FALSE,,
HB-2351,ASH 25 M,AS25,,AEROPLANE,Piston Engine,,FALSE,,
HB-2355,HK 36 TTC,DIMO,,AEROPLANE,Piston Engine,,FALSE,,
HB-2356,DUO DISCUS T,DUOD,,AEROPLANE,Piston Engine,,FALSE,,
HB-2361,IS-28M2/GR,IS28,,AEROPLANE,Piston Engine,,FALSE,,
HB-2362,SF 25 C,SF25,,AEROPLANE,Piston Engine,,FALSE,,
HB-2363,HK 36 TTS,DIMO,,AEROPLANE,Piston Engine,,FALSE,,
HB-2364,SF 25 B,SF25,,AEROPLANE,Piston Engine,,FALSE,,
HB-2366,DG-800 B,DG80,,AEROPLANE,Piston Engine,,FALSE,,
HB-2367,VENTUS-2cM,VENT,,AEROPLANE,Piston Engine,,FALSE,,
HB-2368,DG-800 B,DG80,,AEROPLANE,Piston Engine,,FALSE,,
HB-2369,DG-800 B,DG80,,AEROPLANE,Piston Engine,,FALSE,,
HB-2371,NIMBUS-4DM,NIMB,,AEROPLANE,Piston Engine,,FALSE,,
HB-2373,HK 36 TC,DIMO,,AEROPLANE,Piston Engine,,FALSE,,
HB-2376,HK 36 TTC,DIMO,,AEROPLANE,Piston Engine,,FALSE,,
HB-2377,HK 36 TTC,DIMO,,AEROPLANE,Piston Engine,,FALSE,,
HB-2384,NIMBUS-4DM,NIMB,,AEROPLANE,Piston Engine,,FALSE,,
HB-2393,ASH 25 M,AS25,,AEROPLANE,Piston Engine,,FALSE,,
HB-2394,DG-800 B,DG80,,AEROPLANE,Piston Engine,,FALSE,,
HB-2396,DG-800 B,DG80,,AEROPLANE,Piston Engine,,FALSE,,
HB-2397,ASH 26 E,AS26,,AEROPLANE,Piston Engine,,FALSE,,
HB-2398,GLASFLÜGEL 304 MS,GLID,,AEROPLANE,Piston Engine,,FALSE,,
HB-2401,ASH 25 M,AS25,,AEROPLANE,Piston Engine,,FALSE,,
HB-2402,S10-VT,S10S,,AEROPLANE,Piston Engine,,FALSE,,
HB-2404,ASH 26 E,AS26,,AEROPLANE,Piston Engine,,FALSE,,
HB-2405,E1 ANTARES,LAE1,,AEROPLANE,Electrical Engine,,FALSE,,
HB-2406,E1 ANTARES,LAE1,,AEROPLANE,Electrical Engine,,FALSE,,
HB-2408,VENTUS-2cM,VENT,,AEROPLANE,Piston Engine,,FALSE,,
HB-2411,CARAT A,TFK2,,AEROPLANE,Piston Engine,,FALSE,,
HB-2412,E1 ANTARES,LAE1,,AEROPLANE,Electrical Engine,,FALSE,,
HB-2414,E1 ANTARES,LAE1,,AEROPLANE,Electrical Engine,,FALSE,,
HB-2418,TAIFUN 17 E,TFUN,,AEROPLANE,Piston Engine,,FALSE,,
HB-2419,DISCUS-2cT,DISC,,AEROPLANE,Piston Engine,,FALSE,,
HB-2420,NIMBUS-4M,NIMB,,AEROPLANE,Piston Engine,,FALSE,,
HB-2423,ASH 26 E,AS26,,AEROPLANE,Piston Engine,,FALSE,,
HB-2424,DUO DISCUS T,DUOD,,AEROPLANE,Piston Engine,,FALSE,,
HB-2426,E1 ANTARES,LAE1,,AEROPLANE,Electrical Engine,,FALSE,,
HB-2427,DISCUS-2cT,DISC,,AEROPLANE,Piston Engine,,FALSE,,
HB-2429,E1 ANTARES,LAE1,,AEROPLANE,Electrical Engine,,FALSE,,
HB-2434,DG-808 C,DG80,,AEROPLANE,Piston Engine,,FALSE,,
HB-2436,E1 ANTARES,LAE1,,AEROPLANE,Electrical Engine,,FALSE,,
HB-2438,DG-808 C,DG80,,AEROPLANE,Piston Engine,,FALSE,,
HB-2440,E1 ANTARES,LAE1,,AEROPLANE,Electrical Engine,,FALSE,,
HB-2442,DG-808 C,DG80,,AEROPLANE,Piston Engine,,FALSE,,
HB-2443,ASH 26 E,AS26,,AEROPLANE,Piston Engine,,FALSE,,
HB-2446,DG-808 C,DG80,,AEROPLANE,Piston Engine,,FALSE,,
HB-2447,ASW 27-18 E,AS29,,AEROPLANE,Piston Engine,,FALSE,,
HB-2448,NIMBUS-4DM,NIMB,,AEROPLANE,Piston Engine,,FALSE,,
HB-2450,ASK 21 MI,AS21,,AEROPLANE,Piston Engine,,FALSE,,
HB-2451,AVO 68-R 115,AV68,,AEROPLANE,Piston Engine,,FALSE,,
HB-2452,E1 ANTARES,LAE1,,AEROPLANE,Electrical Engine,,FALSE,,
HB-2453,VENTUS-2cM,VENT,,AEROPLANE,Piston Engine,,FALSE,,
HB-2454,E1 ANTARES,LAE1,,AEROPLANE,Electrical Engine,,FALSE,,
HB-2455,DUO DISCUS T,DUOD,,AEROPLANE,Piston Engine,,FALSE,,
HB-2457,DUO DISCUS T,DUOD,,AEROPLANE,Piston Engine,,FALSE,,
HB-2459,HK 36 TTC,DIMO,,AEROPLANE,Piston Engine,,FALSE,,
HB-2460,DUO DISCUS T,DUOD,,AEROPLANE,Piston Engine,,FALSE,,
HB-2462,S10-VT,S10S,,AEROPLANE,Piston Engine,,FALSE,,
HB-2463,ASW 27-18 E,AS29,,AEROPLANE,Piston Engine,,FALSE,,
HB-2464,DISCUS-2cT,DISC,,AEROPLANE,Piston Engine,,FALSE,,
HB-2466,DISCUS-2cT,DISC,,AEROPLANE,Piston Engine,,FALSE,,
HB-2467,ARCUS T,ARCP,,AEROPLANE,Piston Engine,,FALSE,,
HB-2468,LS9,LS9,,AEROPLANE,Piston Engine,,FALSE,,
HB-2469,ASH 26 E,AS26,,AEROPLANE,Piston Engine,,FALSE,,
HB-2470,ARCUS T,ARCP,,AEROPLANE,Piston Engine,,FALSE,,
HB-2471,ARCUS M,ARCP,,AEROPLANE,Piston Engine,,FALSE,,
HB-2472,ASH 31 MI,AS31,,AEROPLANE,Piston Engine,,FALSE,,
HB-2473,ASW 27-18 E,AS29,,AEROPLANE,Piston Engine,,FALSE,,
HB-2474,DG-808 C,DG80,,AEROPLANE,Piston Engine,,FALSE,,
HB-2475,E1 ANTARES,LAE1,,AEROPLANE,Electrical Engine,,FALSE,,
HB-2478,DG-808 C,DG80,,AEROPLANE,Piston Engine,,FALSE,,
HB-2480,ARCUS M,ARCP,,AEROPLANE,Piston Engine,,FALSE,,
HB-2482,ARCUS M,ARCP,,AEROPLANE,Piston Engine,,FALSE,,
HB-2486,ARCUS T,ARCP,,AEROPLANE,Piston Engine,,FALSE,,
HB-2487,DISCUS-2cT,DISC,,AEROPLANE,Piston Engine,,FALSE,,
HB-2488,DG-808 C,DG80,,AEROPLANE,Piston Engine,,FALSE,,
HB-2489,VENTUS-2cT,VENT,,AEROPLANE,Piston Engine,,FALSE,,
HB-2490,VENTUS-2cT,VENT,,AEROPLANE,Piston Engine,,FALSE,,
HB-2491,DG-808 C,DG80,,AEROPLANE,Piston Engine,,FALSE,,
HB-2492,DUO DISCUS T,DUOD,,AEROPLANE,Piston Engine,,FALSE,,
HB-2494,VENTUS-2cM,VENT,,AEROPLANE,Piston Engine,,FALSE,,
HB-2495,DISCUS-2cT,DISC,,AEROPLANE,Piston Engine,,FALSE,,
HB-2496,ARCUS T,ARCP,,AEROPLANE,Piston Engine,,FALSE,,
HB-2497,ARCUS T,ARCP,,AEROPLANE,Piston Engine,,FALSE,,
HB-2498,ASH 31 MI,AS31,,AEROPLANE,Piston Engine,,FALSE,,
HB-2499,E1 ANTARES,LAE1,,AEROPLANE,Electrical Engine,,FALSE,,
HB-2500,ARCUS M,ARCP,,AEROPLANE,Piston Engine,,FALSE,,
HB-2502,DUO DISCUS T,DUOD,,AEROPLANE,Piston Engine,,FALSE,,
HB-2504,ARCUS T,ARCP,,AEROPLANE,Piston Engine,,FALSE,,
HB-2505,DG-1000M,DG1T,,AEROPLANE,Piston Engine,,FALSE,,
HB-2506,ASH 31 MI,AS31,,AEROPLANE,Piston Engine,,FALSE,,
HB-2508,ASH 26 E,AS26,,AEROPLANE,Piston Engine,,FALSE,,
HB-2509,DISCUS-2cT,DISC,,AEROPLANE,Piston Engine,,FALSE,,
HB-2510,ASH 25 EB 28,AS25,,AEROPLANE,Piston Engine,,FALSE,,
HB-2511,S6-RT,S6,,AEROPLANE,Piston Engine,,FALSE,,
HB-2512,ASH 31 MI,AS31,,AEROPLANE,Piston Engine,,FALSE,,
HB-2513,DUO DISCUS T,DUOD,,AEROPLANE,Piston Engine,,FALSE,,
HB-2514,VENTUS-2cT,VENT,,AEROPLANE,Piston Engine,,FALSE,,
HB-2515,S10-VT,S10S,,AEROPLANE,Piston Engine,,FALSE,,
HB-2519,DISCUS-2cT,DISC,,AEROPLANE,Piston Engine,,FALSE,,
HB-2520,ASH 31 MI,AS31,,AEROPLANE,Piston Engine,,FALSE,,
HB-2523,GLASFLÜGEL 304 MS,GLID,,AEROPLANE,Piston Engine,,FALSE,,
HB-2524,ARCUS T,ARCP,,AEROPLANE,Piston Engine,,FALSE,,
HB-2525,ARCUS M,ARCP,,AEROPLANE,Piston Engine,,FALSE,,
HB-2526,ARCUS M,ARCP,,AEROPLANE,Piston Engine,,FALSE,,
HB-2527,VENTUS-2cM,VENT,,AEROPLANE,Piston Engine,,FALSE,,
HB-2529,ARCUS T,ARCP,,AEROPLANE,Piston Engine,,FALSE,,
HB-2530,ASW 27-18 E,AS29,,AEROPLANE,Piston Engine,,FALSE,,
HB-2531,VENTUS-3M,VENT,,AEROPLANE,Piston Engine,,FALSE,,
HB-2533,DISCUS-2cT,DISC,,AEROPLANE,Piston Engine,,FALSE,,
HB-2534,JS-MD 3,JS3J,,AEROPLANE,Jet Engine,,FALSE,,
HB-2535,VENTUS-3F,VNTE,,AEROPLANE,Electrical Engine,,FALSE,,
HB-2536,VENTUS-3M,VENT,,AEROPLANE,Piston Engine,,FALSE,,
HB-2540,JS-MD 1C,JS1J,,AEROPLANE,Jet Engine,,FALSE,,
HB-2541,JS-MD 3,JS3J,,AEROPLANE,Jet Engine,,FALSE,,
HB-2545,S10-VT,S10S,,AEROPLANE,Piston Engine,,FALSE,,
HB-2546,ASW 27-18 E,AS29,,AEROPLANE,Piston Engine,,FALSE,,
HB-255,L-SPATZ 55,GLID,,SAILPLANE,,,FALSE,,
HB-2552,ASH 31 MI,AS31,,AEROPLANE,Piston Engine,,FALSE,,
HB-2555,GLASFLÜGEL 304 MS,GLID,,AEROPLANE,Piston Engine,,FALSE,,
HB-2559,ASH 31 MI,AS31,,AEROPLANE,Piston Engine,,FALSE,,
HB-2560,ASG 32 Mi,S32M,,AEROPLANE,Piston Engine,,FALSE,,
HB-2561,JS-MD 1C,JS1J,,AEROPLANE,Jet Engine,,FALSE,,
HB-2562,ASG 32 EI,S32E,,AEROPLANE,Electrical Engine,,FALSE,,
HB-2565,DG-1001E,,,AEROPLANE,Electrical Engine,,FALSE,,
HB-2566,AMT-200S,RF10,,AEROPLANE,Piston Engine,,FALSE,,
HB-2567,DISCUS-2c FES,DISC,,AEROPLANE,Electrical Engine,,FALSE,,
HB-257,MOSWEY II A,GLID,,SAILPLANE,,,FALSE,,
HB-2570,DG-1001E,,,AEROPLANE,Electrical Engine,,FALSE,,
HB-2572,JS-MD 3 RES,JS3E,,AEROPLANE,Electrical Engine,,FALSE,,
HB-2575,GLASFLÜGEL 304 MS,GLID,,AEROPLANE,Piston Engine,,FALSE,,
HB-2576,GLASFLÜGEL 304 MS,GLID,,AEROPLANE,Piston Engine,,FALSE,,
HB-2586,ARCUS T,ARCP,,AEROPLANE,Piston Engine,,FALSE,,
HB-2600,JS-MD 1C,JS1J,,AEROPLANE,Jet Engine,,FALSE,,
HB-2601,GLASFLÜGEL 304 MS,GLID,,AEROPLANE,Piston Engine,,FALSE,,
HB-2603,VENTUS-3M,VENT,,AEROPLANE,Piston Engine,,FALSE,,
HB-2605,DG-800 B,DG80,,AEROPLANE,Piston Engine,,FALSE,,
HB-2606,GLASFLÜGEL 304 S JET,,,AEROPLANE,Jet Engine,,FALSE,,
HB-2609,JS-MD 3 RES,JS3E,,AEROPLANE,Electrical Engine,,FALSE,,
HB-2610,S10-VT,S10S,,AEROPLANE,Piston Engine,,FALSE,,
HB-2611,VENTUS-3F,VNTE,,AEROPLANE,Electrical Engine,,FALSE,,
HB-2625,VENTUS-3M,VENT,,AEROPLANE,Piston Engine,,FALSE,,
HB-2633,VENTUS-3M,VENT,,AEROPLANE,Piston Engine,,FALSE,,
HB-2656,DG-1000T,DG1T,,AEROPLANE,Piston Engine,,FALSE,,
HB-2662,ARCUS M,ARCP,,AEROPLANE,Piston Engine,,FALSE,,
HB-2673,HPH 304TS,,,AEROPLANE,Piston Engine,,FALSE,,
HB-2674,AS 34 Me,A34E,,AEROPLANE,Electrical Engine,,FALSE,,
HB-2681,HPH 304TS,,,AEROPLANE,Piston Engine,,FALSE,,
HB-2700,ASH 31 MI,AS31,,AEROPLANE,Piston Engine,,FALSE,,
HB-2705,ARCUS M,ARCP,,AEROPLANE,Piston Engine,,FALSE,,
HB-2717,ANTARES 18T,,,AEROPLANE,Piston Engine,,FALSE,,
HB-2724,JS-MD 3 RES,JS3E,,AEROPLANE,Electrical Engine,,FALSE,,
HB-2725,JS-MD 3,JS3J,,AEROPLANE,Jet Engine,,FALSE,,
HB-2727,DISCUS-2c FES,DISC,,AEROPLANE,Electrical Engine,,FALSE,,
HB-2728,JS-MD 3 RES,JS3E,,AEROPLANE,Electrical Engine,,FALSE,,
HB-2729,JS-MD 3 RES,JS3E,,AEROPLANE,Electrical Engine,,FALSE,,
HB-2748,DISCUS-2c FES,DISC,,AEROPLANE,Electrical Engine,,FALSE,,
HB-2772,VENTUS-3M,VENT,,AEROPLANE,Piston Engine,,FALSE,,
HB-280,S 21 H,GLID,,SAILPLANE,,,FALSE,,
HB-2808,JS-MD 3 RES,JS3E,,AEROPLANE,Electrical Engine,,FALSE,,
HB-2929,ARCUS M,ARCP,,AEROPLANE,Piston Engine,,FALSE,,
HB-2933,AS 33 Es,A33P,,AEROPLANE,Piston Engine,,FALSE,,
HB-2943,VENTUS-3M,VENT,,AEROPLANE,Piston Engine,,FALSE,,
HB-3008,ASW 24,GLID,,SAILPLANE,,,FALSE,,
HB-3011,LS 4-a,GLID,,SAILPLANE,,,FALSE,,
HB-3015,ASK 23 B,GLID,,SAILPLANE,,,FALSE,,
HB-3024,ASW 24,GLID,,SAILPLANE,,,FALSE,,
HB-3025,LS 4-a,GLID,,SAILPLANE,,,FALSE,,
HB-3026,ASK 21,GLID,,SAILPLANE,,,FALSE,,
HB-3028,CELSTAR GA-1,GLID,,SAILPLANE,,,FALSE,,
HB-3029,ASK 21,GLID,,SAILPLANE,,,FALSE,,
HB-3032,LS 7-WL,GLID,,SAILPLANE,,,FALSE,,
HB-3038,ASK 21,GLID,,SAILPLANE,,,FALSE,,
HB-3039,DG-600/18,GLID,,SAILPLANE,,,FALSE,,
HB-3041,DISCUS B,GLID,,SAILPLANE,,,FALSE,,
HB-3049,ASH 25,GLID,,SAILPLANE,,,FALSE,,
HB-3050,DG-500 ELAN TRAINER,GLID,,SAILPLANE,,,FALSE,,
HB-3051,B4-PC 11AF,GLID,,SAILPLANE,,,FALSE,,
HB-3062,DISCUS B,GLID,,SAILPLANE,,,FALSE,,
HB-3064,ASH 25,GLID,,SAILPLANE,,,FALSE,,
HB-3072,DG-300 ELAN,GLID,,SAILPLANE,,,FALSE,,
HB-3074,LS 4-b,GLID,,SAILPLANE,,,FALSE,,
HB-3076,LS 4-b,GLID,,SAILPLANE,,,FALSE,,
HB-3085,LS 6-c18,GLID,,SAILPLANE,,,FALSE,,
HB-3089,101 A,GLID,,SAILPLANE,,,FALSE,,
HB-3091,ASK 23 B,GLID,,SAILPLANE,,,FALSE,,
HB-3099,ASK 21,GLID,,SAILPLANE,,,FALSE,,
HB-3100,JANUS Ce,GLID,,SAILPLANE,,,FALSE,,
HB-3101,DISCUS CS,GLID,,SAILPLANE,,,FALSE,,
HB-3105,DISCUS CS,GLID,,SAILPLANE,,,FALSE,,
HB-3108,DISCUS B,GLID,,SAILPLANE,,,FALSE,,
HB-3115,LS 6-18w,GLID,,SAILPLANE,,,FALSE,,
HB-3117,LS 4-b,GLID,,SAILPLANE,,,FALSE,,
HB-3118,SZD-55-1,GLID,,SAILPLANE,,,FALSE,,
HB-3120,LS 4-b,GLID,,SAILPLANE,,,FALSE,,
HB-3122,DG-300 ELAN,GLID,,SAILPLANE,,,FALSE,,
HB-3126,SWIFT S-1,GLID,,SAILPLANE,,,FALSE,,
HB-3127,LS 6-18w,GLID,,SAILPLANE,,,FALSE,,
HB-3129,DG-200/17 C,GLID,,SAILPLANE,,,FALSE,,
HB-3130,ASW 22,GLID,,SAILPLANE,,,FALSE,,
HB-3131,DUO DISCUS,GLID,,SAILPLANE,,,FALSE,,
HB-3143,ASK 21,GLID,,SAILPLANE,,,FALSE,,
HB-3145,LS 4-b,GLID,,SAILPLANE,,,FALSE,,
HB-3146,LS 6-c18,GLID,,SAILPLANE,,,FALSE,,
HB-3150,DG-500 ELAN TRAINER,GLID,,SAILPLANE,,,FALSE,,
HB-3151,DG-800 S,GLID,,SAILPLANE,,,FALSE,,
HB-3152,DG-800 S,GLID,,SAILPLANE,,,FALSE,,
HB-3158,LS 6-18w,GLID,,SAILPLANE,,,FALSE,,
HB-3161,LS 6-18w,GLID,,SAILPLANE,,,FALSE,,
HB-3166,DUO DISCUS,GLID,,SAILPLANE,,,FALSE,,
HB-3167,LS 6-c18,GLID,,SAILPLANE,,,FALSE,,
HB-3170,LS8-a,GLID,,SAILPLANE,,,FALSE,,
HB-3171,LS 4-b,GLID,,SAILPLANE,,,FALSE,,
HB-3173,DG-800 S,GLID,,SAILPLANE,,,FALSE,,
HB-3174,LS 4-b,GLID,,SAILPLANE,,,FALSE,,
HB-3175,LS 6-c18,GLID,,SAILPLANE,,,FALSE,,
HB-3179,GLASFLÜGEL 304,GLID,,SAILPLANE,,,FALSE,,
HB-3180,DG-800 S,GLID,,SAILPLANE,,,FALSE,,
HB-3182,LS8-a,GLID,,SAILPLANE,,,FALSE,,
HB-3185,DG-500 ELAN ORION,GLID,,SAILPLANE,,,FALSE,,
HB-3187,LS 4-b,GLID,,SAILPLANE,,,FALSE,,
HB-3192,VENTUS-2C,GLID,,SAILPLANE,,,FALSE,,
HB-3197,DG-500 ELAN ORION,GLID,,SAILPLANE,,,FALSE,,
HB-3201,DG-500/20 ELAN,GLID,,SAILPLANE,,,FALSE,,
HB-3204,DG-500 ELAN ORION,GLID,,SAILPLANE,,,FALSE,,
HB-3205,DG-500 ELAN ORION,GLID,,SAILPLANE,,,FALSE,,
HB-3206,LS8-a,GLID,,SAILPLANE,,,FALSE,,
HB-3207,VENTUS-2C,GLID,,SAILPLANE,,,FALSE,,
HB-3209,ASW 27,GLID,,SAILPLANE,,,FALSE,,
HB-3210,LS 6-c18,GLID,,SAILPLANE,,,FALSE,,
HB-3211,LS8-a,GLID,,SAILPLANE,,,FALSE,,
HB-3212,101 A,GLID,,SAILPLANE,,,FALSE,,
HB-3213,LS8-18,GLID,,SAILPLANE,,,FALSE,,
HB-3220,LS 4-b,GLID,,SAILPLANE,,,FALSE,,
HB-3224,DUO DISCUS,GLID,,SAILPLANE,,,FALSE,,
HB-3225,ASK 21,GLID,,SAILPLANE,,,FALSE,,
HB-3227,DG-500 ELAN ORION,GLID,,SAILPLANE,,,FALSE,,
HB-3228,DG-500 ELAN ORION,GLID,,SAILPLANE,,,FALSE,,
HB-3235,NIMBUS-3/24.5,GLID,,SAILPLANE,,,FALSE,,
HB-3236,ASW 27,GLID,,SAILPLANE,,,FALSE,,
HB-3237,LS8-18,GLID,,SAILPLANE,,,FALSE,,
HB-3239,ASW 27,GLID,,SAILPLANE,,,FALSE,,
HB-3240,ASW 27,GLID,,SAILPLANE,,,FALSE,,
HB-3241,MDM-1,GLID,,SAILPLANE,,,FALSE,,
HB-3244,101 A,GLID,,SAILPLANE,,,FALSE,,
HB-3246,VENTUS-2C,GLID,,SAILPLANE,,,FALSE,,
HB-3249,LS8-18,GLID,,SAILPLANE,,,FALSE,,
HB-3252,DG-800 S,GLID,,SAILPLANE,,,FALSE,,
HB-3254,LS8-18,GLID,,SAILPLANE,,,FALSE,,
HB-3255,LS8-18,GLID,,SAILPLANE,,,FALSE,,
HB-3256,DG-500 ELAN ORION,GLID,,SAILPLANE,,,FALSE,,
HB-3259,ASW 24 B,GLID,,SAILPLANE,,,FALSE,,
HB-3261,ASW 27,GLID,,SAILPLANE,,,FALSE,,
HB-3263,DUO DISCUS,GLID,,SAILPLANE,,,FALSE,,
HB-3264,ASW 27,GLID,,SAILPLANE,,,FALSE,,
HB-3266,DG-500 ELAN ORION,GLID,,SAILPLANE,,,FALSE,,
HB-3267,LS8-18,GLID,,SAILPLANE,,,FALSE,,
HB-3271,LS 4-b,GLID,,SAILPLANE,,,FALSE,,
HB-3274,DISCUS-2B,GLID,,SAILPLANE,,,FALSE,,
HB-3275,LS8-18,GLID,,SAILPLANE,,,FALSE,,
HB-3276,DG-500 ELAN ORION,GLID,,SAILPLANE,,,FALSE,,
HB-3277,DUO DISCUS,GLID,,SAILPLANE,,,FALSE,,
HB-3278,ASH 25,GLID,,SAILPLANE,,,FALSE,,
HB-3279,DUO DISCUS,GLID,,SAILPLANE,,,FALSE,,
HB-3280,DG-800 S,GLID,,SAILPLANE,,,FALSE,,
HB-3282,DG-800 S,GLID,,SAILPLANE,,,FALSE,,
HB-3283,DISCUS-2B,GLID,,SAILPLANE,,,FALSE,,
HB-3284,LS8-18,GLID,,SAILPLANE,,,FALSE,,
HB-3288,LS8-18,GLID,,SAILPLANE,,,FALSE,,
HB-3290,DISCUS-2B,GLID,,SAILPLANE,,,FALSE,,
HB-3291,DISCUS-2B,GLID,,SAILPLANE,,,FALSE,,
HB-3293,LS8-18,GLID,,SAILPLANE,,,FALSE,,
HB-3294,LS8-18,GLID,,SAILPLANE,,,FALSE,,
HB-3295,DG-500 ELAN ORION,GLID,,SAILPLANE,,,FALSE,,
HB-3296,DUO DISCUS,GLID,,SAILPLANE,,,FALSE,,
HB-3299,DG-800 S,GLID,,SAILPLANE,,,FALSE,,
HB-3300,DISCUS-2B,GLID,,SAILPLANE,,,FALSE,,
HB-3305,DISCUS-2B,GLID,,SAILPLANE,,,FALSE,,
HB-3308,DG-800 S,GLID,,SAILPLANE,,,FALSE,,
HB-3311,VENTUS-2C,GLID,,SAILPLANE,,,FALSE,,
HB-3312,LS8-18,GLID,,SAILPLANE,,,FALSE,,
HB-3314,LS8-18,GLID,,SAILPLANE,,,FALSE,,
HB-3315,LS8-18,GLID,,SAILPLANE,,,FALSE,,
HB-3319,VENTUS-2C,GLID,,SAILPLANE,,,FALSE,,
HB-3320,LS8-18,GLID,,SAILPLANE,,,FALSE,,
HB-3321,VENTUS-2C,GLID,,SAILPLANE,,,FALSE,,
HB-3322,DISCUS-2B,GLID,,SAILPLANE,,,FALSE,,
HB-3323,GLASFLÜGEL 304,GLID,,SAILPLANE,,,FALSE,,
HB-3325,VENTUS-2A,GLID,,SAILPLANE,,,FALSE,,
HB-3326,ASH 25,GLID,,SAILPLANE,,,FALSE,,
HB-3330,SZD-55-1,GLID,,SAILPLANE,,,FALSE,,
HB-3332,VENTUS-2C,GLID,,SAILPLANE,,,FALSE,,
HB-3333,LS8-18,GLID,,SAILPLANE,,,FALSE,,
HB-3334,LS8-18,GLID,,SAILPLANE,,,FALSE,,
HB-3337,LS8-18,GLID,,SAILPLANE,,,FALSE,,
HB-3339,ASW 28,GLID,,SAILPLANE,,,FALSE,,
HB-3341,ASW 28,GLID,,SAILPLANE,,,FALSE,,
HB-3342,DISCUS-2B,GLID,,SAILPLANE,,,FALSE,,
HB-3343,LS8-18,GLID,,SAILPLANE,,,FALSE,,
HB-3345,DG-800 S,GLID,,SAILPLANE,,,FALSE,,
HB-3346,LS8-18,GLID,,SAILPLANE,,,FALSE,,
HB-3347,DUO DISCUS,GLID,,SAILPLANE,,,FALSE,,
HB-3348,ASW 27,GLID,,SAILPLANE,,,FALSE,,
HB-3351,LS8-18,GLID,,SAILPLANE,,,FALSE,,
HB-3352,LS8-18,GLID,,SAILPLANE,,,FALSE,,
HB-3353,ASW 22,GLID,,SAILPLANE,,,FALSE,,
HB-3355,DISCUS-2B,GLID,,SAILPLANE,,,FALSE,,
HB-336,SPYR 4,GLID,,SAILPLANE,,,FALSE,,
HB-3360,LS8-18,GLID,,SAILPLANE,,,FALSE,,
HB-3361,DG-1000S,GLID,,SAILPLANE,,,FALSE,,
HB-3362,DUO DISCUS,GLID,,SAILPLANE,,,FALSE,,
HB-3363,ASW 28,GLID,,SAILPLANE,,,FALSE,,
HB-3367,DG-1000S,GLID,,SAILPLANE,,,FALSE,,
HB-3369,DUO DISCUS,GLID,,SAILPLANE,,,FALSE,,
HB-3370,ASW 28-18,GLID,,SAILPLANE,,,FALSE,,
HB-3373,VENTUS-2B,GLID,,SAILPLANE,,,FALSE,,
HB-3376,ASW 28-18,GLID,,SAILPLANE,,,FALSE,,
HB-3377,LS8-18,GLID,,SAILPLANE,,,FALSE,,
HB-3380,DISCUS-2B,GLID,,SAILPLANE,,,FALSE,,
HB-3381,ASW 28-18,GLID,,SAILPLANE,,,FALSE,,
HB-3384,DUO DISCUS,GLID,,SAILPLANE,,,FALSE,,
HB-3385,DUO DISCUS,GLID,,SAILPLANE,,,FALSE,,
HB-3387,DUO DISCUS,GLID,,SAILPLANE,,,FALSE,,
HB-3388,LS8-s,GLID,,SAILPLANE,,,FALSE,,
HB-3389,LS8-s,GLID,,SAILPLANE,,,FALSE,,
HB-3391,DUO DISCUS,GLID,,SAILPLANE,,,FALSE,,
HB-3394,DG-1000S,GLID,,SAILPLANE,,,FALSE,,
HB-3395,LS8-s,GLID,,SAILPLANE,,,FALSE,,
HB-3396,DUO DISCUS,GLID,,SAILPLANE,,,FALSE,,
HB-3398,DG-808 S,GLID,,SAILPLANE,,,FALSE,,
HB-3400,DG-1000S,GLID,,SAILPLANE,,,FALSE,,
HB-3401,DUO DISCUS,GLID,,SAILPLANE,,,FALSE,,
HB-3404,SZD-51-1,GLID,,SAILPLANE,,,FALSE,,
HB-3406,DG-1000S,GLID,,SAILPLANE,,,FALSE,,
HB-3407,DUO DISCUS,GLID,,SAILPLANE,,,FALSE,,
HB-3411,DUO DISCUS,GLID,,SAILPLANE,,,FALSE,,
HB-3413,DUO DISCUS,GLID,,SAILPLANE,,,FALSE,,
HB-3414,ASW 27-18,GLID,,SAILPLANE,,,FALSE,,
HB-3417,DG-1000S,GLID,,SAILPLANE,,,FALSE,,
HB-3418,DUO DISCUS,GLID,,SAILPLANE,,,FALSE,,
HB-3421,VENTUS-2C,GLID,,SAILPLANE,,,FALSE,,
HB-3422,DUO DISCUS,GLID,,SAILPLANE,,,FALSE,,
HB-3423,DG-1000S,GLID,,SAILPLANE,,,FALSE,,
HB-3424,DISCUS-2B,GLID,,SAILPLANE,,,FALSE,,
HB-3426,DISCUS-2B,GLID,,SAILPLANE,,,FALSE,,
HB-3430,ASW 27-18,GLID,,SAILPLANE,,,FALSE,,
HB-3432,DG-1000S,GLID,,SAILPLANE,,,FALSE,,
HB-3434,DG-1000S,GLID,,SAILPLANE,,,FALSE,,
HB-3436,DG-800 S,GLID,,SAILPLANE,,,FALSE,,
HB-3439,DUO DISCUS,GLID,,SAILPLANE,,,FALSE,,
HB-3441,DISCUS-2C,GLID,,SAILPLANE,,,FALSE,,
HB-3442,ARCUS,GLID,,SAILPLANE,,,FALSE,,
HB-3443,ASW 27-18,GLID,,SAILPLANE,,,FALSE,,
HB-3445,LAK-17A,GLID,,SAILPLANE,,,FALSE,,
HB-3447,DISCUS-2C,GLID,,SAILPLANE,,,FALSE,,
HB-3448,DG-500 ELAN ORION,GLID,,SAILPLANE,,,FALSE,,
HB-3449,DG-1000S,GLID,,SAILPLANE,,,FALSE,,
HB-3451,DISCUS-2C,GLID,,SAILPLANE,,,FALSE,,
HB-3452,DISCUS-2C,GLID,,SAILPLANE,,,FALSE,,
HB-3453,DISCUS-2C,GLID,,SAILPLANE,,,FALSE,,
HB-3456,ANTARES 18T,GLID,,SAILPLANE,,,FALSE,,
HB-3459,SZD-55-1,GLID,,SAILPLANE,,,FALSE,,
HB-3460,DUO DISCUS,GLID,,SAILPLANE,,,FALSE,,
HB-3462,SZD-56-1,GLID,,SAILPLANE,,,FALSE,,
HB-3463,ARCUS,GLID,,SAILPLANE,,,FALSE,,
HB-3464,DISCUS-2C,GLID,,SAILPLANE,,,FALSE,,
HB-3465,DISCUS-2B,GLID,,SAILPLANE,,,FALSE,,
HB-3466,DG-1000S,GLID,,SAILPLANE,,,FALSE,,
HB-3470,DISCUS B,GLID,,SAILPLANE,,,FALSE,,
HB-3472,DG-1000S,GLID,,SAILPLANE,,,FALSE,,
HB-3473,DG-1000S,GLID,,SAILPLANE,,,FALSE,,
HB-3476,DG-300 ELAN,GLID,,SAILPLANE,,,FALSE,,
HB-3477,DG-1000S,GLID,,SAILPLANE,,,FALSE,,
HB-3478,DG-300 ELAN,GLID,,SAILPLANE,,,FALSE,,
HB-3479,DG-300 ELAN,GLID,,SAILPLANE,,,FALSE,,
HB-348,NORD 1300,GLID,,SAILPLANE,,,FALSE,,
HB-3480,DG-1000S,GLID,,SAILPLANE,,,FALSE,,
HB-3481,DG-300 ELAN,GLID,,SAILPLANE,,,FALSE,,
HB-3482,DG-300 ELAN,GLID,,SAILPLANE,,,FALSE,,
HB-3483,DUO DISCUS,GLID,,SAILPLANE,,,FALSE,,
HB-3484,DISCUS-2B,GLID,,SAILPLANE,,,FALSE,,
HB-3495,L-13,GLID,,SAILPLANE,,,FALSE,,
HB-3500,ASW 27-18,GLID,,SAILPLANE,,,FALSE,,
HB-3505,ASG 32,GLID,,SAILPLANE,,,FALSE,,
HB-3559,SZD-59,GLID,,SAILPLANE,,,FALSE,,
HB-366,S 22,GLID,,SAILPLANE,,,FALSE,,
HB-369,SPYR 5,GLID,,SAILPLANE,,,FALSE,,
HB-373,MOSWEY III,GLID,,SAILPLANE,,,FALSE,,
HB-374,MOSWEY III,GLID,,SAILPLANE,,,FALSE,,
HB-376,MOSWEY III,GLID,,SAILPLANE,,,FALSE,,
HB-380,MOSWEY III,GLID,,SAILPLANE,,,FALSE,,
HB-381,OLYMPIA MEISE,GLID,,SAILPLANE,,,FALSE,,
HB-384,OLYMPIA MEISE,GLID,,SAILPLANE,,,FALSE,,
HB-411,S 18 II B,GLID,,SAILPLANE,,,FALSE,,
HB-429,AeCS-ZÖGLING,GLID,,SAILPLANE,,,FALSE,,
HB-437,S 25 M,GLID,,SAILPLANE,,,FALSE,,
HB-442,KARPF BABY,GLID,,SAILPLANE,,,FALSE,,
HB-444,KARPF BABY,GLID,,SAILPLANE,,,FALSE,,
HB-449,S 15 K,GLID,,SAILPLANE,,,FALSE,,
HB-461,KARPF ZÖGLING,GLID,,SAILPLANE,,,FALSE,,
HB-485,MOSWEY III,GLID,,SAILPLANE,,,FALSE,,
HB-486,S 18 III,GLID,,SAILPLANE,,,FALSE,,
HB-494,KARPF BABY,GLID,,SAILPLANE,,,FALSE,,
HB-5002,SINUS,PISI,,AEROPLANE,Piston Engine,,FALSE,,
HB-5007,SINUS,PISI,,AEROPLANE,Piston Engine,,FALSE,,
HB-5008,SINUS,PISI,,AEROPLANE,Piston Engine,,FALSE,,
HB-505,KARPF BABY,GLID,,SAILPLANE,,,FALSE,,
HB-509,SPYR 5A,GLID,,SAILPLANE,,,FALSE,,
HB-510,S 18 III,GLID,,SAILPLANE,,,FALSE,,
HB-522,MOSWEY 4a,GLID,,SAILPLANE,,,FALSE,,
HB-532,FAUVEL AV 36,GLID,,SAILPLANE,,,FALSE,,
HB-534,ELFE M,GLID,,SAILPLANE,,,FALSE,,
HB-535,KA 2B,GLID,,SAILPLANE,,,FALSE,,
HB-536,KA 6CR,GLID,,SAILPLANE,,,FALSE,,
HB-538,KRANICH III,GLID,,SAILPLANE,,,FALSE,,
HB-545,MOSWEY III,GLID,,SAILPLANE,,,FALSE,,
HB-5502,TAURUS,PITA,,AEROPLANE,Piston Engine,,FALSE,,
HB-5512,SILENT 2 ELECTRO,ULAC,,AEROPLANE,Electrical Engine,,FALSE,,
HB-552,WLM 1,GLID,,SAILPLANE,,,FALSE,,
HB-5520,TAURUS,PITA,,AEROPLANE,Piston Engine,,FALSE,,
HB-5550,TAURUS,PITA,,AEROPLANE,Piston Engine,,FALSE,,
HB-5555,SILENT 2 ELECTRO,ULAC,,AEROPLANE,Electrical Engine,,FALSE,,
HB-556,WEIHE 50,GLID,,SAILPLANE,,,FALSE,,
HB-568,FAUVEL AV 36,GLID,,SAILPLANE,,,FALSE,,
HB-575,L-SPATZ 55,GLID,,SAILPLANE,,,FALSE,,
HB-580,GRUNAU BABY III,GLID,,SAILPLANE,,,FALSE,,
HB-587,KA 2B,GLID,,SAILPLANE,,,FALSE,,
HB-595,RHÖNLERCHE II,GLID,,SAILPLANE,,,FALSE,,
HB-597,RHÖNLERCHE II,GLID,,SAILPLANE,,,FALSE,,
HB-602,KA 6BR,GLID,,SAILPLANE,,,FALSE,,
HB-608,RHÖNLERCHE II,GLID,,SAILPLANE,,,FALSE,,
HB-610,RHÖNLERCHE II,GLID,,SAILPLANE,,,FALSE,,
HB-612,L-SPATZ 55,GLID,,SAILPLANE,,,FALSE,,
HB-625,KA 6BR,GLID,,SAILPLANE,,,FALSE,,
HB-643,KA 6CR,GLID,,SAILPLANE,,,FALSE,,
HB-649,RHÖNLERCHE II,GLID,,SAILPLANE,,,FALSE,,
HB-653,K 7,GLID,,SAILPLANE,,,FALSE,,
HB-664,RHÖNLERCHE II,GLID,,SAILPLANE,,,FALSE,,
HB-671,K 8B,GLID,,SAILPLANE,,,FALSE,,
HB-687,K 7,GLID,,SAILPLANE,,,FALSE,,
HB-692,RHÖNLERCHE II,GLID,,SAILPLANE,,,FALSE,,
HB-693,SZD-22B,GLID,,SAILPLANE,,,FALSE,,
HB-695,K 8B,GLID,,SAILPLANE,,,FALSE,,
HB-703,KA 6CR,GLID,,SAILPLANE,,,FALSE,,
HB-704,K 8B,GLID,,SAILPLANE,,,FALSE,,
HB-710,K 8B,GLID,,SAILPLANE,,,FALSE,,
HB-711,KA 6CR,GLID,,SAILPLANE,,,FALSE,,
HB-733,KA 2B,GLID,,SAILPLANE,,,FALSE,,
HB-744,T.31B,GLID,,SAILPLANE,,,FALSE,,
HB-752,K 8B,GLID,,SAILPLANE,,,FALSE,,
HB-759,SZD-22C,GLID,,SAILPLANE,,,FALSE,,
HB-762,HBV-DIAMANT,GLID,,SAILPLANE,,,FALSE,,
HB-765,K 8B,GLID,,SAILPLANE,,,FALSE,,
HB-767,T.50,GLID,,SAILPLANE,,,FALSE,,
HB-768,K 7,GLID,,SAILPLANE,,,FALSE,,
HB-771,KA 6CR,GLID,,SAILPLANE,,,FALSE,,
HB-789,KA 6CR-PE,GLID,,SAILPLANE,,,FALSE,,
HB-790,K 8B,GLID,,SAILPLANE,,,FALSE,,
HB-793,KA 6CR,GLID,,SAILPLANE,,,FALSE,,
HB-796,KA 6CR,GLID,,SAILPLANE,,,FALSE,,
HB-807,RHÖNLERCHE II,GLID,,SAILPLANE,,,FALSE,,
HB-816,KA 6CR,GLID,,SAILPLANE,,,FALSE,,
HB-827,RHÖNLERCHE II,GLID,,SAILPLANE,,,FALSE,,
HB-830,K 8B,GLID,,SAILPLANE,,,FALSE,,
HB-833,MG 23 SL,GLID,,SAILPLANE,,,FALSE,,
HB-842,ELFE S 2/3 P,GLID,,SAILPLANE,,,FALSE,,
HB-850,KA 6E,GLID,,SAILPLANE,,,FALSE,,
HB-852,SB-7 hs,GLID,,SAILPLANE,,,FALSE,,
HB-859,ELFE S 2 H,GLID,,SAILPLANE,,,FALSE,,
HB-87,GRUNAU BABY II,GLID,,SAILPLANE,,,FALSE,,
HB-871,KA 6CR,GLID,,SAILPLANE,,,FALSE,,
HB-872,AN 66,GLID,,SAILPLANE,,,FALSE,,
HB-901,AN 66,GLID,,SAILPLANE,,,FALSE,,
HB-902,ELFE S 3 P,GLID,,SAILPLANE,,,FALSE,,
HB-904,AN 66 B,GLID,,SAILPLANE,,,FALSE,,
HB-909,H 301,GLID,,SAILPLANE,,,FALSE,,
HB-916,DIAMANT 18,GLID,,SAILPLANE,,,FALSE,,
HB-917,DIAMANT 18,GLID,,SAILPLANE,,,FALSE,,
HB-919,PHOEBUS A1,GLID,,SAILPLANE,,,FALSE,,
HB-940,DIAMANT 16.5,GLID,,SAILPLANE,,,FALSE,,
HB-943,K 8B,GLID,,SAILPLANE,,,FALSE,,
HB-949,STANDARD LIBELLE,GLID,,SAILPLANE,,,FALSE,,
HB-957,FS-1,GLID,,SAILPLANE,,,FALSE,,
HB-977,ELFE S 4,GLID,,SAILPLANE,,,FALSE,,
HB-982,ELFE 17,GLID,,SAILPLANE,,,FALSE,,
HB-AFE,BÜ 131,BU31,,AEROPLANE,Piston Engine,,FALSE,,
HB-AFJ,ATR 72-202,AT72,,AEROPLANE,Turboprop Engine,,TRUE,,
HB-AFN,ATR 72-201,AT72,,AEROPLANE,Turboprop Engine,,TRUE,,
HB-AFO,DH 60 G,DH60,,AEROPLANE,Piston Engine,,FALSE,,
HB-ALN,ATR 42-500,AT45,,AEROPLANE,Turboprop Engine,,TRUE,,
HB-ALP,J3C-65/L-4.,J3,,AEROPLANE,Piston Engine,,FALSE,,
HB-AYE,A320-251N,A20N,,AEROPLANE,Jet Engine,,TRUE,,
HB-AYM,A320-251N,A20N,,AEROPLANE,Jet Engine,,TRUE,,
HB-AYN,A320-251N,A20N,,AEROPLANE,Jet Engine,,TRUE,,
HB-AYO,A320-251N,A20N,,AEROPLANE,Jet Engine,,TRUE,,
HB-AYP,A320-251N,A20N,,AEROPLANE,Jet Engine,,TRUE,,
HB-AYQ,A320-251N,A20N,,AEROPLANE,Jet Engine,,TRUE,,
HB-AYR,A320-251N,A20N,,AEROPLANE,Jet Engine,,TRUE,,
HB-AZA,ERJ 190-300,E290,,AEROPLANE,Jet Engine,,TRUE,,
HB-AZB,ERJ 190-300,E290,,AEROPLANE,Jet Engine,,TRUE,,
HB-AZC,ERJ 190-300,E290,,AEROPLANE,Jet Engine,,TRUE,,
HB-AZD,ERJ 190-300,E290,,AEROPLANE,Jet Engine,,TRUE,,
HB-AZE,ERJ 190-300,E290,,AEROPLANE,Jet Engine,,TRUE,,
HB-AZF,ERJ 190-300,E290,,AEROPLANE,Jet Engine,,TRUE,,
HB-AZG,ERJ 190-300,E290,,AEROPLANE,Jet Engine,,TRUE,,
HB-AZH,ERJ 190-300,E290,,AEROPLANE,Jet Engine,,TRUE,,
HB-AZI,ERJ 190-400,E295,,AEROPLANE,Jet Engine,,TRUE,,
HB-AZJ,ERJ 190-400,E295,,AEROPLANE,Jet Engine,,TRUE,,
HB-AZK,ERJ 190-400,E295,,AEROPLANE,Jet Engine,,TRUE,,
HB-AZL,ERJ 190-400,E295,,AEROPLANE,Jet Engine,,TRUE,,
HB-BAB,BB70Z,BALL,,BALLOON,,,FALSE,,
HB-BAC,BB34Z,BALL,,BALLOON,,,FALSE,,
HB-BAG,V-56,BALL,,BALLOON,,,FALSE,,
HB-BAH,BB45Z,BALL,,BALLOON,,,FALSE,,
HB-BAL,Z-90,BALL,,BALLOON,,,FALSE,,
HB-BAS,BB30Z,BALL,,BALLOON,,,FALSE,,
HB-BAW,FIRE BALLOONS G 40/24,BALL,,BALLOON,,,FALSE,,
HB-BBB,BB92Z,BALL,,BALLOON,,,FALSE,,
HB-BBH,M-90,BALL,,BALLOON,,,FALSE,,
HB-BBI,Z-120,BALL,,BALLOON,,,FALSE,,
HB-BBJ,NL-STU/840,BALL,,BALLOON,,,FALSE,,
HB-BBO,BB34Z,BALL,,BALLOON,,,FALSE,,
HB-BBQ,M-130,BALL,,BALLOON,,,FALSE,,
HB-BCG,S-55A,BALL,,BALLOON,,,FALSE,,
HB-BCL,SPECIAL SHAPE (EMMI-120),BALL,,BALLOON,,,FALSE,,
HB-BCV,B-70,BALL,,BALLOON,,,FALSE,,
HB-BDE,FIRE BALLOONS G 18/24,BALL,,BALLOON,,,FALSE,,
HB-BDL,N-300,BALL,,BALLOON,,,FALSE,,
HB-BDW,BB92Z,BALL,,BALLOON,,,FALSE,,
HB-BEV,BB92Z,BALL,,BALLOON,,,FALSE,,
HB-BFB,FIRE BALLOONS G 34/24,BALL,,BALLOON,,,FALSE,,
HB-BFQ,S-66A,BALL,,BALLOON,,,FALSE,,
HB-BGE,FIRE BALLOONS G 34/24,BALL,,BALLOON,,,FALSE,,
HB-BHC,SPECIAL SHAPE (WATCH-75),BALL,,BALLOON,,,FALSE,,
HB-BIO,BB-S (BIO MIGROS),BALL,,BALLOON,,,FALSE,,
HB-BIY,T-210,BALL,,BALLOON,,,FALSE,,
HB-BJQ,21A,BALL,,BALLOON,,,FALSE,,
HB-BJW,Z-160,BALL,,BALLOON,,,FALSE,,
HB-BLA,NL-STU/1000,BALL,,BALLOON,,,FALSE,,
HB-BMI,N-370,BALL,,BALLOON,,,FALSE,,
HB-BMP,SPORT-70,BALL,,BALLOON,,,FALSE,,
HB-BMW,M-120,BALL,,BALLOON,,,FALSE,,
HB-BNI,SPORT-60,BALL,,BALLOON,,,FALSE,,
HB-BNJ,SPORT-90,BALL,,BALLOON,,,FALSE,,
HB-BNW,BB34Z,BALL,,BALLOON,,,FALSE,,
HB-BOX,M-90,BALL,,BALLOON,,,FALSE,,
HB-BPH,M-120,BALL,,BALLOON,,,FALSE,,
HB-BPI,SPECIAL SHAPE (F-44 DRUM),BALL,,BALLOON,,,FALSE,,
HB-BPW,M-160,BALL,,BALLOON,,,FALSE,,
HB-BPY,FS-57A,BALL,,BALLOON,,,FALSE,,
HB-BRZ,N-120,BALL,,BALLOON,,,FALSE,,
HB-BSK,M-120,BALL,,BALLOON,,,FALSE,,
HB-BSM,BB30Z,BALL,,BALLOON,,,FALSE,,
HB-BTF,N-90,BALL,,BALLOON,,,FALSE,,
HB-BTM,BB16XR,BALL,,BALLOON,,,FALSE,,
HB-BTW,M-145,BALL,,BALLOON,,,FALSE,,
HB-BTY,M-130,BALL,,BALLOON,,,FALSE,,
HB-BUH,O-90,BALL,,BALLOON,,,FALSE,,
HB-BUI,N-105,BALL,,BALLOON,,,FALSE,,
HB-BVI,AS 105 MKII,SHIP,,BALLOON,Piston Engine,,FALSE,,
HB-BVV,AX9-140 S2,BALL,,BALLOON,,,FALSE,,
HB-BWW,M-120,BALL,,BALLOON,,,FALSE,,
HB-BYC,AS 105 MKII,SHIP,,BALLOON,Piston Engine,,FALSE,,
HB-BYM,RXS-8,BALL,,BALLOON,,,FALSE,,
HB-BYX,SPECIAL SHAPE (F-11 MONTGOLFIERE),BALL,,BALLOON,,,FALSE,,
HB-BZS,N-210,BALL,,BALLOON,,,FALSE,,
HB-BZU,RX-9,BALL,,BALLOON,,,FALSE,,
HB-BZW,LBL 120A,BALL,,BALLOON,,,FALSE,,
HB-CAB,140,C140,,AEROPLANE,Piston Engine,,FALSE,,
HB-CAG,140,C140,,AEROPLANE,Piston Engine,,FALSE,,
HB-CAJ,140,C140,,AEROPLANE,Piston Engine,,FALSE,,
HB-CAO,170,C170,,AEROPLANE,Piston Engine,,FALSE,,
HB-CAT,F172H,C172,,AEROPLANE,Piston Engine,,FALSE,,
HB-CAX,170A,C170,,AEROPLANE,Piston Engine,,FALSE,,
HB-CBA,150D,C150,,AEROPLANE,Piston Engine,,FALSE,,
HB-CBF,F150F,C150,,AEROPLANE,Piston Engine,,FALSE,,
HB-CBJ,172N,C172,,AEROPLANE,Piston Engine,,FALSE,,
HB-CBK,F150F,C150,,AEROPLANE,Piston Engine,,FALSE,,
HB-CBX,F150G,C150,,AEROPLANE,Piston Engine,,FALSE,,
HB-CCA,FR172K,C172,,AEROPLANE,Piston Engine,,FALSE,,
HB-CCO,F172N,C172,,AEROPLANE,Piston Engine,,FALSE,,
HB-CCR,T210N,C210,,AEROPLANE,Piston Engine,,FALSE,,
HB-CCT,F172N,C172,,AEROPLANE,Piston Engine,,FALSE,,
HB-CCV,F172M,C172,,AEROPLANE,Piston Engine,,FALSE,,
HB-CDC,F172M,C172,,AEROPLANE,Piston Engine,,FALSE,,
HB-CDE,F177RG,C77R,,AEROPLANE,Piston Engine,,FALSE,,
HB-CDF,F172M,C172,,AEROPLANE,Piston Engine,,FALSE,,
HB-CDH,F150L,C150,,AEROPLANE,Piston Engine,,FALSE,,
HB-CDN,F172H,C172,,AEROPLANE,Piston Engine,,FALSE,,
HB-CDP,F150L,C150,,AEROPLANE,Piston Engine,,FALSE,,
HB-CDS,F172M,C172,,AEROPLANE,Piston Engine,,FALSE,,
HB-CDU,182P,C182,,AEROPLANE,Piston Engine,,FALSE,,
HB-CEC,182P,C182,,AEROPLANE,Piston Engine,,FALSE,,
HB-CED,F177RG,C77R,,AEROPLANE,Piston Engine,,FALSE,,
HB-CEE,F150L,C150,,AEROPLANE,Piston Engine,,FALSE,,
HB-CEU,F172L,C172,,AEROPLANE,Piston Engine,,FALSE,,
HB-CFA,F152,C152,,AEROPLANE,Piston Engine,,FALSE,,
HB-CFB,172RG,C72R,,AEROPLANE,Piston Engine,,FALSE,,
HB-CFF,F152,C152,,AEROPLANE,Piston Engine,,FALSE,,
HB-CFH,F152,C152,,AEROPLANE,Piston Engine,,FALSE,,
HB-CFN,F172P,C172,,AEROPLANE,Piston Engine,,FALSE,,
HB-CFO,172RG,C72R,,AEROPLANE,Piston Engine,,FALSE,,
HB-CFR,F172P,C172,,AEROPLANE,Piston Engine,,FALSE,,
HB-CFS,F150L,C150,,AEROPLANE,Piston Engine,,FALSE,,
HB-CFY,F172M,C172,,AEROPLANE,Piston Engine,,FALSE,,
HB-CGI,F172P,C172,,AEROPLANE,Piston Engine,,FALSE,,
HB-CGK,152,C152,,AEROPLANE,Piston Engine,,FALSE,,
HB-CGM,F177RG,C77R,,AEROPLANE,Piston Engine,,FALSE,,
HB-CGN,F172P,C172,,AEROPLANE,Piston Engine,,FALSE,,
HB-CGS,172RG,C72R,,AEROPLANE,Piston Engine,,FALSE,,
HB-CHA,F152,C152,,AEROPLANE,Piston Engine,,FALSE,,
HB-CHS,182R,C182,,AEROPLANE,Piston Engine,,FALSE,,
HB-CHV,F152,C152,,AEROPLANE,Piston Engine,,FALSE,,
HB-CHY,F172M,C172,,AEROPLANE,Piston Engine,,FALSE,,
HB-CHZ,210L,C210,,AEROPLANE,Piston Engine,,FALSE,,
HB-CIA,F172P,C172,,AEROPLANE,Piston Engine,,FALSE,,
HB-CIE,F172P,C172,,AEROPLANE,Piston Engine,,FALSE,,
HB-CIO,F172P,C172,,AEROPLANE,Piston Engine,,FALSE,,
HB-CIR,182Q,C182,,AEROPLANE,Piston Engine,,FALSE,,
HB-CIT,F172P,C172,,AEROPLANE,Piston Engine,,FALSE,,
HB-CIU,FR172J,C172,,AEROPLANE,Piston Engine,,FALSE,,
HB-CIX,F152,C152,,AEROPLANE,Piston Engine,,FALSE,,
HB-CIY,F152,C152,,AEROPLANE,Piston Engine,,FALSE,,
HB-CJQ,172N,C172,,AEROPLANE,Piston Engine,,FALSE,,
HB-CJW,152,C152,,AEROPLANE,Piston Engine,,FALSE,,
HB-CKA,170A,C170,,AEROPLANE,Piston Engine,,FALSE,,
HB-CKB,182P,C182,,AEROPLANE,Piston Engine,,FALSE,,
HB-CKG,F172P,C172,,AEROPLANE,Piston Engine,,FALSE,,
HB-CKS,F152,C152,,AEROPLANE,Piston Engine,,FALSE,,
HB-CKT,172RG,C72R,,AEROPLANE,Piston Engine,,FALSE,,
HB-CLA,R182,C82R,,AEROPLANE,Piston Engine,,FALSE,,
HB-CLE,F182Q,C182,,AEROPLANE,Piston Engine,,FALSE,,
HB-CLH,172P,C172,,AEROPLANE,Piston Engine,,FALSE,,
HB-CLJ,F177RG,C77R,,AEROPLANE,Piston Engine,,FALSE,,
HB-CLP,172P,C172,,AEROPLANE,Piston Engine,,FALSE,,
HB-CLS,172P,C172,,AEROPLANE,Piston Engine,,FALSE,,
HB-CLU,R182,C82R,,AEROPLANE,Piston Engine,,FALSE,,
HB-CMC,175,C175,,AEROPLANE,Piston Engine,,FALSE,,
HB-CMS,150D,C150,,AEROPLANE,Piston Engine,,FALSE,,
HB-CMZ,182H,C182,,AEROPLANE,Piston Engine,,FALSE,,
HB-CNF,F172H,C172,,AEROPLANE,Piston Engine,,FALSE,,
HB-CNI,F152,C152,,AEROPLANE,Piston Engine,,FALSE,,
HB-CNM,177RG,C77R,,AEROPLANE,Piston Engine,,FALSE,,
HB-CNN,TR182,C82R,,AEROPLANE,Piston Engine,,FALSE,,
HB-CNQ,F172N,C172,,AEROPLANE,Piston Engine,,FALSE,,
HB-CNS,F152,C152,,AEROPLANE,Piston Engine,,FALSE,,
HB-COE,180,C180,,AEROPLANE,Piston Engine,,FALSE,,
HB-CON,T206H,C206,,AEROPLANE,Piston Engine,,FALSE,,
HB-COR,140A,C140,,AEROPLANE,Piston Engine,,FALSE,,
HB-CPP,172,C172,,AEROPLANE,Piston Engine,,FALSE,,
HB-CQB,A185F,C185,,AEROPLANE,Piston Engine,,FALSE,,
HB-CQF,172M,C172,,AEROPLANE,Piston Engine,,FALSE,,
HB-CQL,172P,C172,,AEROPLANE,Piston Engine,,FALSE,,
HB-CQM,172N,C172,,AEROPLANE,Piston Engine,,FALSE,,
HB-CQN,150L,C150,,AEROPLANE,Piston Engine,,FALSE,,
HB-CQO,150L,C150,,AEROPLANE,Piston Engine,,FALSE,,
HB-CQR,172R,C172,,AEROPLANE,Piston Engine,,FALSE,,
HB-CQS,P210N,P210,,AEROPLANE,Turboprop Engine,,FALSE,,
HB-CQU,182Q,C182,,AEROPLANE,Piston Engine,,FALSE,,
HB-CQW,172S,C172,,AEROPLANE,Piston Engine,,FALSE,,
HB-CRD,172,C172,,AEROPLANE,Piston Engine,,FALSE,,
HB-CRJ,180J,C180,,AEROPLANE,Piston Engine,,FALSE,,
HB-CRL,175A,C175,,AEROPLANE,Piston Engine,,FALSE,,
HB-CRM,175B,C175,,AEROPLANE,Piston Engine,,FALSE,,
HB-CRR,150B,C150,,AEROPLANE,Piston Engine,,FALSE,,
HB-CRS,172C,C172,,AEROPLANE,Piston Engine,,FALSE,,
HB-CRZ,182E,C182,,AEROPLANE,Piston Engine,,FALSE,,
HB-CSD,F150G,C150,,AEROPLANE,Piston Engine,,FALSE,,
HB-CSZ,F150H,C150,,AEROPLANE,Piston Engine,,FALSE,,
HB-CVD,F150L,C150,,AEROPLANE,Piston Engine,,FALSE,,
HB-CVI,F177RG,C77R,,AEROPLANE,Piston Engine,,FALSE,,
HB-CVM,F172K,C172,,AEROPLANE,Piston Engine,,FALSE,,
HB-CVU,F172K,C172,,AEROPLANE,Piston Engine,,FALSE,,
HB-CVZ,F150J,C150,,AEROPLANE,Piston Engine,,FALSE,,
HB-CWA,FRA150L,C150,,AEROPLANE,Piston Engine,,FALSE,,
HB-CWE,F172L,C172,,AEROPLANE,Piston Engine,,FALSE,,
HB-CWN,182P,C182,,AEROPLANE,Piston Engine,,FALSE,,
HB-CWR,F150L,C150,,AEROPLANE,Piston Engine,,FALSE,,
HB-CWX,182P,C182,,AEROPLANE,Piston Engine,,FALSE,,
HB-CWY,182P,C182,,AEROPLANE,Piston Engine,,FALSE,,
HB-CXA,177B,C177,,AEROPLANE,Piston Engine,,FALSE,,
HB-CXN,F150M,C150,,AEROPLANE,Piston Engine,,FALSE,,
HB-CXQ,FA150K,C150,,AEROPLANE,Piston Engine,,FALSE,,
HB-CXW,F152,C152,,AEROPLANE,Piston Engine,,FALSE,,
HB-CXZ,F172N,C172,,AEROPLANE,Piston Engine,,FALSE,,
HB-CYF,F152,C152,,AEROPLANE,Piston Engine,,FALSE,,
HB-CYH,172P,C172,,AEROPLANE,Piston Engine,,FALSE,,
HB-CYJ,P210R,P210,,AEROPLANE,Piston Engine,,FALSE,,
HB-CYK,TU206G,C206,,AEROPLANE,Piston Engine,,FALSE,,
HB-CYM,182S,C182,,AEROPLANE,Piston Engine,,FALSE,,
HB-CYP,F152,C152,,AEROPLANE,Piston Engine,,FALSE,,
HB-CYQ,F172L,C172,,AEROPLANE,Piston Engine,,FALSE,,
HB-CYU,172S,C172,,AEROPLANE,Piston Engine,,FALSE,,
HB-CYX,152,C152,,AEROPLANE,Piston Engine,,FALSE,,
HB-CYZ,LC41-550FG,COL4,,AEROPLANE,Piston Engine,,FALSE,,
HB-CZM,T182T,C182,,AEROPLANE,Piston Engine,,FALSE,,
HB-CZN,T210N,C210,,AEROPLANE,Piston Engine,,FALSE,,
HB-CZS,T182T,C182,,AEROPLANE,Piston Engine,,FALSE,,
HB-CZU,182S,C182,,AEROPLANE,Piston Engine,,FALSE,,
HB-CZX,T182T,C182,,AEROPLANE,Piston Engine,,FALSE,,
HB-CZY,T206H,C206,,AEROPLANE,Piston Engine,,FALSE,,
HB-CZZ,182T,C182,,AEROPLANE,Piston Engine,,FALSE,,
HB-DAR,DA 50 C,DA50,,AEROPLANE,Piston Engine,,FALSE,,
HB-DAS,DA 50 C,DA50,,AEROPLANE,Piston Engine,,FALSE,,
HB-DBF,R 90-230 RG,R90R,,AEROPLANE,Piston Engine,,FALSE,,
HB-DBI,R 90-230 RG,R90R,,AEROPLANE,Piston Engine,,FALSE,,
HB-DBU,M20J,M20P,,AEROPLANE,Piston Engine,,FALSE,,
HB-DCB,WA 40A,WA40,,AEROPLANE,Piston Engine,,FALSE,,
HB-DCE,WA 4/21,WA42,,AEROPLANE,Piston Engine,,FALSE,,
HB-DCF,GARDAN GY-80-160,GY80,,AEROPLANE,Piston Engine,,FALSE,,
HB-DCR,2150A,MOR2,,AEROPLANE,Piston Engine,,FALSE,,
HB-DCU,2180,MOR2,,AEROPLANE,Piston Engine,,FALSE,,
HB-DED,M20E,M20P,,AEROPLANE,Piston Engine,,FALSE,,
HB-DEN,M20E,M20P,,AEROPLANE,Piston Engine,,FALSE,,
HB-DET,M20E,M20P,,AEROPLANE,Piston Engine,,FALSE,,
HB-DEV,M20F,M20P,,AEROPLANE,Piston Engine,,FALSE,,
HB-DEZ,M20F,M20P,,AEROPLANE,Piston Engine,,FALSE,,
HB-DFA,M20J,M20P,,AEROPLANE,Piston Engine,,FALSE,,
HB-DFF,M20J,M20P,,AEROPLANE,Piston Engine,,FALSE,,
HB-DFK,M20J,M20P,,AEROPLANE,Piston Engine,,FALSE,,
HB-DFN,M20J,M20P,,AEROPLANE,Piston Engine,,FALSE,,
HB-DFU,M20J,M20P,,AEROPLANE,Piston Engine,,FALSE,,
HB-DFZ,M20K,M20T,,AEROPLANE,Piston Engine,,FALSE,,
HB-DGC,M20K,M20T,,AEROPLANE,Piston Engine,,FALSE,,
HB-DGG,M20J,M20P,,AEROPLANE,Piston Engine,,FALSE,,
HB-DGI,M20K,M20T,,AEROPLANE,Piston Engine,,FALSE,,
HB-DGM,M20K,M20T,,AEROPLANE,Piston Engine,,FALSE,,
HB-DGN,M20K,M20T,,AEROPLANE,Piston Engine,,FALSE,,
HB-DGP,2180,MOR2,,AEROPLANE,Piston Engine,,FALSE,,
HB-DGR,M20K,M20T,,AEROPLANE,Piston Engine,,FALSE,,
HB-DGV,M20J,M20P,,AEROPLANE,Piston Engine,,FALSE,,
HB-DGW,M20J,M20P,,AEROPLANE,Piston Engine,,FALSE,,
HB-DHA,M20K,M20T,,AEROPLANE,Piston Engine,,FALSE,,
HB-DHH,M20K,M20T,,AEROPLANE,Piston Engine,,FALSE,,
HB-DHI,M20J,M20P,,AEROPLANE,Piston Engine,,FALSE,,
HB-DHP,M20M,M20T,,AEROPLANE,Piston Engine,,FALSE,,
HB-DHU,E75,ST75,,AEROPLANE,Piston Engine,,FALSE,,
HB-DHV,M20M,M20T,,AEROPLANE,Piston Engine,,FALSE,,
HB-DHW,M20J,M20P,,AEROPLANE,Piston Engine,,FALSE,,
HB-DHZ,M20M,M20T,,AEROPLANE,Piston Engine,,FALSE,,
HB-DIA,M20J,M20P,,AEROPLANE,Piston Engine,,FALSE,,
HB-DIB,M20M,M20T,,AEROPLANE,Piston Engine,,FALSE,,
HB-DIC,M20J,M20P,,AEROPLANE,Piston Engine,,FALSE,,
HB-DIE,M20R,M20P,,AEROPLANE,Piston Engine,,FALSE,,
HB-DIF,M20M,M20T,,AEROPLANE,Piston Engine,,FALSE,,
HB-DIH,M20J,M20P,,AEROPLANE,Piston Engine,,FALSE,,
HB-DIK,M20J,M20P,,AEROPLANE,Piston Engine,,FALSE,,
HB-DIO,M20R,M20P,,AEROPLANE,Piston Engine,,FALSE,,
HB-DMR,DA 50 C,DA50,,AEROPLANE,Piston Engine,,FALSE,,
HB-DTC,DA 50 C,DA50,,AEROPLANE,Piston Engine,,FALSE,,
HB-DTT,DA 50 C,DA50,,AEROPLANE,Piston Engine,,FALSE,,
HB-DUN,14-13-3,B14A,,AEROPLANE,Piston Engine,,FALSE,,
HB-DUS,8A,L8,,AEROPLANE,Piston Engine,,FALSE,,
HB-DUX,8A,L8,,AEROPLANE,Piston Engine,,FALSE,,
HB-DUZ,GARDAN GY-80-160,GY80,,AEROPLANE,Piston Engine,,FALSE,,
HB-DVG,M20F,M20P,,AEROPLANE,Piston Engine,,FALSE,,
HB-DVM,M20E,M20P,,AEROPLANE,Piston Engine,,FALSE,,
HB-DVN,M20E,M20P,,AEROPLANE,Piston Engine,,FALSE,,
HB-DVY,M22,M22,,AEROPLANE,Piston Engine,,FALSE,,
HB-DWC,M20C,M20P,,AEROPLANE,Piston Engine,,FALSE,,
HB-DWD,M20E,M20P,,AEROPLANE,Piston Engine,,FALSE,,
HB-DWI,M20F,M20P,,AEROPLANE,Piston Engine,,FALSE,,
HB-DYB,M20K,M20T,,AEROPLANE,Piston Engine,,FALSE,,
HB-DZH,M20R,M20P,,AEROPLANE,Piston Engine,,FALSE,,
HB-EBK,CEA DR 1050,DR10,,AEROPLANE,Piston Engine,,FALSE,,
HB-EBR,BRISTELL B23-916,BR23,,AEROPLANE,Piston Engine,,FALSE,,
HB-EBS,CEA DR 1050,DR10,,AEROPLANE,Piston Engine,,FALSE,,
HB-ECH,BRISTELL B23-915 IFR,BR23,,AEROPLANE,Piston Engine,,FALSE,,
HB-ECJ,JODEL DR 250-160,D250,,AEROPLANE,Piston Engine,,FALSE,,
HB-ECX,B35,BE35,,AEROPLANE,Piston Engine,,FALSE,,
HB-EDB,ROBIN DR 300/180 R,DR30,,AEROPLANE,Piston Engine,,FALSE,,
HB-EDX,MS 885,RALL,,AEROPLANE,Piston Engine,,FALSE,,
HB-EEI,CEA DR 1050 M1,DR10,,AEROPLANE,Piston Engine,,FALSE,,
HB-EEN,CEA DR 1051 M,DR10,,AEROPLANE,Piston Engine,,FALSE,,
HB-EEV,JODEL DR 250-160,D250,,AEROPLANE,Piston Engine,,FALSE,,
HB-EEW,CEA DR 1050,DR10,,AEROPLANE,Piston Engine,,FALSE,,
HB-EEZ,JODEL DR 250-160,D250,,AEROPLANE,Piston Engine,,FALSE,,
HB-EFP,CEA DR 1050,DR10,,AEROPLANE,Piston Engine,,FALSE,,
HB-EFR,CEA DR 1051,DR10,,AEROPLANE,Piston Engine,,FALSE,,
HB-EFS,CEA DR 220,DR22,,AEROPLANE,Piston Engine,,FALSE,,
HB-EFT,CEA DR 1050 M1,DR10,,AEROPLANE,Piston Engine,,FALSE,,
HB-EGG,BRISTELL B23-915,BR23,,AEROPLANE,Piston Engine,,FALSE,,
HB-EGO,F.260D,F260,,AEROPLANE,Piston Engine,,FALSE,,
HB-EHN,V35B,BE35,,AEROPLANE,Piston Engine,,FALSE,,
HB-EHO,35-33,BE33,,AEROPLANE,Piston Engine,,FALSE,,
HB-EHS,C23,BE23,,AEROPLANE,Piston Engine,,FALSE,,
HB-EHW,C23,BE23,,AEROPLANE,Piston Engine,,FALSE,,
HB-EIU,35-B33,BE33,,AEROPLANE,Piston Engine,,FALSE,,
HB-EIX,E35,BE35,,AEROPLANE,Piston Engine,,FALSE,,
HB-EIZ,P35,BE35,,AEROPLANE,Piston Engine,,FALSE,,
HB-EJA,A36,BE36,,AEROPLANE,Piston Engine,,FALSE,,
HB-EJO,F.260D,F260,,AEROPLANE,Piston Engine,,FALSE,,
HB-EJV,35-C33,BE33,,AEROPLANE,Piston Engine,,FALSE,,
HB-EKJ,F.260D,F260,,AEROPLANE,Piston Engine,,FALSE,,
HB-EKX,35-C33A,BE33,,AEROPLANE,Piston Engine,,FALSE,,
HB-ELD,JOB 15-180/2,JB15,,AEROPLANE,Piston Engine,,FALSE,,
HB-ELI,J3C-65/L-4.,J3,,AEROPLANE,Piston Engine,,FALSE,,
HB-ELJ,35-C33,BE33,,AEROPLANE,Piston Engine,,FALSE,,
HB-ELO,J3C-65/L-4.,J3,,AEROPLANE,Piston Engine,,FALSE,,
HB-ELP,S.205-20/R,S05R,,AEROPLANE,Piston Engine,,FALSE,,
HB-EML,F.260,F260,,AEROPLANE,Piston Engine,,FALSE,,
HB-EMN,CEA DR 300/180 R,DR30,,AEROPLANE,Piston Engine,,FALSE,,
HB-EMP,ROBIN DR 300/180 R,DR30,,AEROPLANE,Piston Engine,,FALSE,,
HB-EMQ,ROBIN DR 300/180 R,DR30,,AEROPLANE,Piston Engine,,FALSE,,
HB-EMX,JODEL DR 250-160,D250,,AEROPLANE,Piston Engine,,FALSE,,
HB-EMZ,CEA DR 221,DR22,,AEROPLANE,Piston Engine,,FALSE,,
HB-ENV,A23-24,BE23,,AEROPLANE,Piston Engine,,FALSE,,
HB-ENX,A23-19,BE23,,AEROPLANE,Piston Engine,,FALSE,,
HB-EOF,J/1,AUS5,,AEROPLANE,Piston Engine,,FALSE,,
HB-EOP,J/1,AUS5,,AEROPLANE,Piston Engine,,FALSE,,
HB-EOW,AUSTER MARK 5,AUS5,,AEROPLANE,Piston Engine,,FALSE,,
HB-EPC,MS 894 A,RALL,,AEROPLANE,Piston Engine,,FALSE,,
HB-EPH,BRISTELL B23-915,BR23,,AEROPLANE,Piston Engine,,FALSE,,
HB-EPK,P.64B,OSCR,,AEROPLANE,Piston Engine,,FALSE,,
HB-EQB,ROBIN DR 400/180,DR40,,AEROPLANE,Piston Engine,,FALSE,,
HB-EQC,ROBIN DR 400/180 R,DR40,,AEROPLANE,Piston Engine,,FALSE,,
HB-EQG,ROBIN DR 400/180 R,DR40,,AEROPLANE,Piston Engine,,FALSE,,
HB-EQJ,ROBIN DR 400/180,DR40,,AEROPLANE,Piston Engine,,FALSE,,
HB-EQM,ROBIN DR 300/180 R,DR30,,AEROPLANE,Piston Engine,,FALSE,,
HB-ERB,415-D,ERCO,,AEROPLANE,Piston Engine,,FALSE,,
HB-ERD,ROBIN DR 400/180,DR40,,AEROPLANE,Piston Engine,,FALSE,,
HB-ERH,415-C,ERCO,,AEROPLANE,Piston Engine,,FALSE,,
HB-ERJ,F.260C,F260,,AEROPLANE,Piston Engine,,FALSE,,
HB-ERP,MS 883,RALL,,AEROPLANE,Piston Engine,,FALSE,,
HB-ERQ,CEA DR 380,DR30,,AEROPLANE,Piston Engine,,FALSE,,
HB-ESB,NAVION A,NAVI,,AEROPLANE,Piston Engine,,FALSE,,
HB-ESO,NAVION A (L-17B),NAVI,,AEROPLANE,Piston Engine,,FALSE,,
HB-ETA,BRISTELL B23-915 IFR,BR23,,AEROPLANE,Piston Engine,,FALSE,,
HB-ETD,7AC (CONV),CH7A,,AEROPLANE,Piston Engine,,FALSE,,
HB-ETF,7AC,CH7A,,AEROPLANE,Piston Engine,,FALSE,,
HB-ETG,BRISTELL B23-915,BR23,,AEROPLANE,Piston Engine,,FALSE,,
HB-ETI,AC4,ZZZZ,,AEROPLANE,Piston Engine,,FALSE,,
HB-ETM,MS 894 A,RALL,,AEROPLANE,Piston Engine,,FALSE,,
HB-ETN,M-4-210,M4,,AEROPLANE,Piston Engine,,FALSE,,
HB-ETR,M-4-210C,M4,,AEROPLANE,Piston Engine,,FALSE,,
HB-ETX,BRISTELL B23-915,BR23,,AEROPLANE,Piston Engine,,FALSE,,
HB-EUO,CEA DR 1050 M1,DR10,,AEROPLANE,Piston Engine,,FALSE,,
HB-EUP,ROBIN DR 400/180 R,DR40,,AEROPLANE,Piston Engine,,FALSE,,
HB-EUQ,ROBIN DR 400/180 R,DR40,,AEROPLANE,Piston Engine,,FALSE,,
HB-EUV,ROBIN DR 400/180 R,DR40,,AEROPLANE,Piston Engine,,FALSE,,
HB-EUX,CEA DR 340,DR30,,AEROPLANE,Piston Engine,,FALSE,,
HB-EUZ,JODEL DR 250-160,D250,,AEROPLANE,Piston Engine,,FALSE,,
HB-EVP,S.208,S208,,AEROPLANE,Piston Engine,,FALSE,,
HB-EVQ,M-5-235C,M5,,AEROPLANE,Piston Engine,,FALSE,,
HB-EVT,F.260,F260,,AEROPLANE,Piston Engine,,FALSE,,
HB-EVW,F.15,PICO,,AEROPLANE,Piston Engine,,FALSE,,
HB-EWE,23,BE23,,AEROPLANE,Piston Engine,,FALSE,,
HB-EWG,F33A,BE33,,AEROPLANE,Piston Engine,,FALSE,,
HB-EWH,F33A,BE33,,AEROPLANE,Piston Engine,,FALSE,,
HB-EWQ,F.260C,F260,,AEROPLANE,Piston Engine,,FALSE,,
HB-EWY,RS 180,RS18,,AEROPLANE,Piston Engine,,FALSE,,
HB-EXQ,ROBIN DR 400/180 R,DR40,,AEROPLANE,Piston Engine,,FALSE,,
HB-EXT,ROBIN DR 400/180 R,DR40,,AEROPLANE,Piston Engine,,FALSE,,
HB-EXU,ROBIN DR 400/180 R,DR40,,AEROPLANE,Piston Engine,,FALSE,,
HB-EXW,ROBIN DR 400/180 R,DR40,,AEROPLANE,Piston Engine,,FALSE,,
HB-EXX,R2160,R200,,AEROPLANE,Piston Engine,,FALSE,,
HB-EYD,MS 893 E,RALL,,AEROPLANE,Piston Engine,,FALSE,,
HB-EYX,TB 10,TOBA,,AEROPLANE,Piston Engine,,FALSE,,
HB-EZD,BRISTELL B23-912iS,BR23,,AEROPLANE,Piston Engine,,FALSE,,
HB-EZE,BRISTELL B23-912iS,BR23,,AEROPLANE,Piston Engine,,FALSE,,
HB-EZG,PZL-104 WILGA 35A,PZ04,,AEROPLANE,Piston Engine,,FALSE,,
HB-EZS,M-5-235C,M5,,AEROPLANE,Piston Engine,,FALSE,,
HB-EZZ,F.260D,F260,,AEROPLANE,Piston Engine,,FALSE,,
HB-FAM,PC-12/47G,PC12,,AEROPLANE,Turboprop Engine,,FALSE,,
HB-FAN,PC-6/350-H2,PC6P,,AEROPLANE,Piston Engine,,FALSE,,
HB-FCF,PC-6/B2-H2,PC6T,,AEROPLANE,Turboprop Engine,,FALSE,,
HB-FDK,PC-12/47E,PC12,,AEROPLANE,Turboprop Engine,,FALSE,,
HB-FEM,PC-12/47E,PC12,,AEROPLANE,Turboprop Engine,,FALSE,,
HB-FGA,PC-12/47E,PC12,,AEROPLANE,Turboprop Engine,,FALSE,,
HB-FGF,PC-12/47G,PC12,,AEROPLANE,Turboprop Engine,,FALSE,,
HB-FGR,PC-12/47G,PC12,,AEROPLANE,Turboprop Engine,,FALSE,,
HB-FIR,PC-12/47E,PC12,,AEROPLANE,Turboprop Engine,,FALSE,,
HB-FJJ,PC-12/47E,PC12,,AEROPLANE,Turboprop Engine,,FALSE,,
HB-FJL,PC-12/47E,PC12,,AEROPLANE,Turboprop Engine,,FALSE,,
HB-FJP,PC-6/B2-H4,PC6T,,AEROPLANE,Turboprop Engine,,FALSE,,
HB-FKC,PC-6/B2-H4,PC6T,,AEROPLANE,Turboprop Engine,,FALSE,,
HB-FKH,PC-6/B2-H4,PC6T,,AEROPLANE,Turboprop Engine,,FALSE,,
HB-FKL,PC-6/B2-H4,PC6T,,AEROPLANE,Turboprop Engine,,FALSE,,
HB-FKM,PC-6/B2-H4,PC6T,,AEROPLANE,Turboprop Engine,,FALSE,,
HB-FKP,PC-6/B2-H4,PC6T,,AEROPLANE,Turboprop Engine,,FALSE,,
HB-FKT,PC-6/B2-H4,PC6T,,AEROPLANE,Turboprop Engine,,FALSE,,
HB-FLB,PC-6/B2-H4,PC6T,,AEROPLANE,Turboprop Engine,,FALSE,,
HB-FLH,PC-6/B2-H4,PC6T,,AEROPLANE,Turboprop Engine,,FALSE,,
HB-FLI,PC-6/B2-H4,PC6T,,AEROPLANE,Turboprop Engine,,FALSE,,
HB-FLX,PC-12/47E,PC12,,AEROPLANE,Turboprop Engine,,FALSE,,
HB-FOG,PC-12/45,PC12,,AEROPLANE,Turboprop Engine,,FALSE,,
HB-FOS,PC-12/45,PC12,,AEROPLANE,Turboprop Engine,,FALSE,,
HB-FOW,PC-12/45,PC12,,AEROPLANE,Turboprop Engine,,FALSE,,
HB-FOX,PC-12/47E,PC12,,AEROPLANE,Turboprop Engine,,FALSE,,
HB-FOZ,PC-12/45,PC12,,AEROPLANE,Turboprop Engine,,FALSE,,
HB-FPC,PC-12/45,PC12,,AEROPLANE,Turboprop Engine,,FALSE,,
HB-FPS,PC-12/45,PC12,,AEROPLANE,Turboprop Engine,,FALSE,,
HB-FQA27,PC-12/47G,PC12,,AEROPLANE,Turboprop Engine,,FALSE,,
HB-FQB28,PC-12/47G,PC12,,AEROPLANE,Turboprop Engine,,FALSE,,
HB-FQC26,PC-12/47G,PC12,,AEROPLANE,Turboprop Engine,,FALSE,,
HB-FQO28,PC-12/47G,PC12,,AEROPLANE,Turboprop Engine,,FALSE,,
HB-FQP28,PC-12/47G,PC12,,AEROPLANE,Turboprop Engine,,FALSE,,
HB-FQQ28,PC-12/47G,PC12,,AEROPLANE,Turboprop Engine,,FALSE,,
HB-FQR28,PC-12/47G,PC12,,AEROPLANE,Turboprop Engine,,FALSE,,
HB-FQS26,PC-12/47G,PC12,,AEROPLANE,Turboprop Engine,,FALSE,,
HB-FQT28,PC-12/47G,PC12,,AEROPLANE,Turboprop Engine,,FALSE,,
HB-FQU28,PC-12/47G,PC12,,AEROPLANE,Turboprop Engine,,FALSE,,
HB-FQV28,PC-12/47G,PC12,,AEROPLANE,Turboprop Engine,,FALSE,,
HB-FQW28,PC-12/47G,PC12,,AEROPLANE,Turboprop Engine,,FALSE,,
HB-FQX27,PC-12/47G,PC12,,AEROPLANE,Turboprop Engine,,FALSE,,
HB-FQY28,PC-12/47G,PC12,,AEROPLANE,Turboprop Engine,,FALSE,,
HB-FQZ28,PC-12/47G,PC12,,AEROPLANE,Turboprop Engine,,FALSE,,
HB-FRA27,PC-12/47G,PC12,,AEROPLANE,Turboprop Engine,,FALSE,,
HB-FSC26,PC-12/47G,PC12,,AEROPLANE,Turboprop Engine,,FALSE,,
HB-FSN27,PC-12/47G,PC12,,AEROPLANE,Turboprop Engine,,FALSE,,
HB-FSU27,PC-12/47G,PC12,,AEROPLANE,Turboprop Engine,,FALSE,,
HB-FSY26,PC-12/47G,PC12,,AEROPLANE,Turboprop Engine,,FALSE,,
HB-FUF,PC-12/47G,PC12,,AEROPLANE,Turboprop Engine,,FALSE,,
HB-FUG,PC-12/47G,PC12,,AEROPLANE,Turboprop Engine,,FALSE,,
HB-FUN,PC-12/47E,PC12,,AEROPLANE,Turboprop Engine,,FALSE,,
HB-FUU,PC-12/47E,PC12,,AEROPLANE,Turboprop Engine,,FALSE,,
HB-FVT,PC-12/47E,PC12,,AEROPLANE,Turboprop Engine,,FALSE,,
HB-FWA,PC-12/47E,PC12,,AEROPLANE,Turboprop Engine,,FALSE,,
HB-FWF,PC-12/47E,PC12,,AEROPLANE,Turboprop Engine,,FALSE,,
HB-FWO,PC-12/47E,PC12,,AEROPLANE,Turboprop Engine,,FALSE,,
HB-FWU,PC-12/47E,PC12,,AEROPLANE,Turboprop Engine,,FALSE,,
HB-FXE,PC-12/47E,PC12,,AEROPLANE,Turboprop Engine,,FALSE,,
HB-FXF,PC-12/47E,PC12,,AEROPLANE,Turboprop Engine,,FALSE,,
HB-FXI,PC-12/47E,PC12,,AEROPLANE,Turboprop Engine,,FALSE,,
HB-FXN,PC-12/47E,PC12,,AEROPLANE,Turboprop Engine,,FALSE,,
HB-FYB,PC-12/47E,PC12,,AEROPLANE,Turboprop Engine,,FALSE,,
HB-FYI,PC-12/47E,PC12,,AEROPLANE,Turboprop Engine,,FALSE,,
HB-FZZ,PC-12/47E,PC12,,AEROPLANE,Turboprop Engine,,FALSE,,
HB-GAC,C18S,BE18,,AEROPLANE,Piston Engine,,FALSE,,
HB-GEA,95-55,BE55,,AEROPLANE,Piston Engine,,FALSE,,
HB-GGM,58P,BE58,,AEROPLANE,Piston Engine,,FALSE,,
HB-GJI,200,BE20,,AEROPLANE,Turboprop Engine,,FALSE,,
HB-GJK,B60,BE60,,AEROPLANE,Piston Engine,,FALSE,,
HB-GJM,200,BE20,,AEROPLANE,Turboprop Engine,,FALSE,,
HB-GKD,G58,BE58,,AEROPLANE,Piston Engine,,FALSE,,
HB-GKG,G58,BE58,,AEROPLANE,"Piston Engine, Piston Engine",,FALSE,,
HB-GLA,B200,BE20,,AEROPLANE,Turboprop Engine,,FALSE,,
HB-GLB,B200,BE20,,AEROPLANE,Turboprop Engine,,FALSE,,
HB-GLC,B200,BE20,,AEROPLANE,Turboprop Engine,,FALSE,,
HB-GMM,58,BE58,,AEROPLANE,Piston Engine,,FALSE,,
HB-GMN,58,BE58,,AEROPLANE,Piston Engine,,FALSE,,
HB-GPH,200,BE20,,AEROPLANE,Turboprop Engine,,FALSE,,
HB-GTX,C90GTi,BE9L,,AEROPLANE,Turboprop Engine,,FALSE,,
HB-HEB,ME 108B,ME08,,AEROPLANE,Piston Engine,,FALSE,,
HB-HEC,AS202/15,AS02,,AEROPLANE,Piston Engine,,FALSE,,
HB-HEF,AS202/15,AS02,,AEROPLANE,Piston Engine,,FALSE,,
HB-HEI,AS202/15,AS02,,AEROPLANE,Piston Engine,,FALSE,,
HB-HEP,AS202/15,AS02,,AEROPLANE,Piston Engine,,FALSE,,
HB-HER,AS202/15,AS02,,AEROPLANE,Piston Engine,,FALSE,,
HB-HEZ,AS202/15,AS02,,AEROPLANE,Piston Engine,,FALSE,,
HB-HFF,AS202/15-1/16M,AS02,,AEROPLANE,Piston Engine,,FALSE,,
HB-HFH,AS202/15-1/16M,AS02,,AEROPLANE,Piston Engine,,FALSE,,
HB-HFJ,AS202/32TP,AS2T,,AEROPLANE,Turboprop Engine,,FALSE,,
HB-HFK,AS202/15-1/16M,AS02,,AEROPLANE,Piston Engine,,FALSE,,
HB-HFW,AS202/15-1,AS02,,AEROPLANE,Piston Engine,,FALSE,,
HB-HFZ,AS202/18A4,AS02,,AEROPLANE,Piston Engine,,FALSE,,
HB-HHH,PC-7 MkII,PC7,,AEROPLANE,Turboprop Engine,,FALSE,,
HB-HKD,DO 27 H-2,DO27,,AEROPLANE,Piston Engine,,FALSE,,
HB-HKO,AS202/18A4,AS02,,AEROPLANE,Piston Engine,,FALSE,,
HB-HMU,PC-7,PC7,,AEROPLANE,Turboprop Engine,,FALSE,,
HB-HOJ,MD3-160,MD3,,AEROPLANE,Piston Engine,,FALSE,,
HB-HPA,PC-7,PC7,,AEROPLANE,Turboprop Engine,,FALSE,,
HB-HPR,PC-7,PC7,,AEROPLANE,Turboprop Engine,,FALSE,,
HB-HXA5,PC-21,PC21,,AEROPLANE,Turboprop Engine,,FALSE,,
HB-HXB5,PC-21,PC21,,AEROPLANE,Turboprop Engine,,FALSE,,
HB-HXC5,PC-21,PC21,,AEROPLANE,Turboprop Engine,,FALSE,,
HB-HXD5,PC-21,PC21,,AEROPLANE,Turboprop Engine,,FALSE,,
HB-HXE5,PC-21,PC21,,AEROPLANE,Turboprop Engine,,FALSE,,
HB-HZC,PC-21,PC21,,AEROPLANE,Turboprop Engine,,FALSE,,
HB-HZD,PC-21,PC21,,AEROPLANE,Turboprop Engine,,FALSE,,
HB-IAW,FALCON 2000,F2TH,,AEROPLANE,Jet Engine,,TRUE,,
HB-IFA,A350-941,A359,,AEROPLANE,Jet Engine,,TRUE,,
HB-IFB,A350-941,A359,,AEROPLANE,Jet Engine,,TRUE,,
HB-IGO,FALCON 2000EX,F2TH,,AEROPLANE,Jet Engine,,TRUE,,
HB-IHA,A350-941,A359,,AEROPLANE,Jet Engine,,TRUE,,
HB-IHB,A350-941,A359,,AEROPLANE,Jet Engine,,TRUE,,
HB-IHC,A350-941,A359,,AEROPLANE,Jet Engine,,TRUE,,
HB-IHF,A350-941,A359,,AEROPLANE,Jet Engine,,TRUE,,
HB-IHX,A320-214,A320,,AEROPLANE,"Jet Engine, Jet Engine",,TRUE,,
HB-IHY,A320-214,A320,,AEROPLANE,"Jet Engine, Jet Engine",,TRUE,,
HB-IHZ,A320-214,A320,,AEROPLANE,Jet Engine,,TRUE,,
HB-IJL,A320-214,A320,,AEROPLANE,"Jet Engine, Jet Engine",,TRUE,,
HB-IJN,A320-214,A320,,AEROPLANE,Jet Engine,,TRUE,,
HB-IJO,A320-214,A320,,AEROPLANE,Jet Engine,,TRUE,,
HB-IJP,A320-214,A320,,AEROPLANE,Jet Engine,,TRUE,,
HB-IJQ,A320-214,A320,,AEROPLANE,Jet Engine,,TRUE,,
HB-IJR,A320-214,A320,,AEROPLANE,Jet Engine,,TRUE,,
HB-IJU,A320-214,A320,,AEROPLANE,Jet Engine,,TRUE,,
HB-IJV,A320-214,A320,,AEROPLANE,Jet Engine,,TRUE,,
HB-IJW,A320-214,A320,,AEROPLANE,Jet Engine,,TRUE,,
HB-IKS,CL-600-2B16 (601-3A Variant),CL60,,AEROPLANE,Jet Engine,,TRUE,,
HB-ILS,G-IV,GLF4,,AEROPLANE,Jet Engine,,TRUE,,
HB-IOD,A321-111,A321,,AEROPLANE,Jet Engine,,TRUE,,
HB-IOF,A321-111,A321,,AEROPLANE,Jet Engine,,TRUE,,
HB-IOH,A321-111,A321,,AEROPLANE,Jet Engine,,TRUE,,
HB-IOM,A321-212,A321,,AEROPLANE,"Jet Engine, Jet Engine",,TRUE,,
HB-ION,A321-212,A321,,AEROPLANE,"Jet Engine, Jet Engine",,TRUE,,
HB-IOO,A321-212,A321,,AEROPLANE,Jet Engine,,TRUE,,
HB-IPP,GVIII-G700,GA7C,,AEROPLANE,Jet Engine,,TRUE,,
HB-ISB,DC-3C-S1C3G,DC3,,AEROPLANE,Piston Engine,,TRUE,,
HB-IXL,GVI,GLF6,,AEROPLANE,Jet Engine,,TRUE,,
HB-IXX,FALCON 7X,FA8X,,AEROPLANE,Jet Engine,,TRUE,,
HB-JAA,FALCON 7X,FA8X,,AEROPLANE,Jet Engine,,TRUE,,
HB-JAM,BD-700-1A11,GL5T,,AEROPLANE,Jet Engine,,TRUE,,
HB-JAZ,GV-SP,GLF5,,AEROPLANE,Jet Engine,,TRUE,,
HB-JBA,BD-500-1A10,BCS1,,AEROPLANE,Jet Engine,,TRUE,,
HB-JBB,BD-500-1A10,BCS1,,AEROPLANE,Jet Engine,,TRUE,,
HB-JBC,BD-500-1A10,BCS1,,AEROPLANE,Jet Engine,,TRUE,,
HB-JBD,BD-500-1A10,BCS1,,AEROPLANE,"Jet Engine, Jet Engine",,TRUE,,
HB-JBE,BD-500-1A10,BCS1,,AEROPLANE,Jet Engine,,TRUE,,
HB-JBF,BD-500-1A10,BCS1,,AEROPLANE,"Jet Engine, Jet Engine",,TRUE,,
HB-JBG,BD-500-1A10,BCS1,,AEROPLANE,Jet Engine,,TRUE,,
HB-JBH,BD-500-1A10,BCS1,,AEROPLANE,Jet Engine,,TRUE,,
HB-JBI,BD-500-1A10,BCS1,,AEROPLANE,Jet Engine,,TRUE,,
HB-JCA,BD-500-1A11,BCS3,,AEROPLANE,"Jet Engine, Jet Engine",,TRUE,,
HB-JCB,BD-500-1A11,BCS3,,AEROPLANE,Jet Engine,,TRUE,,
HB-JCC,BD-500-1A11,BCS3,,AEROPLANE,Jet Engine,,TRUE,,
HB-JCD,BD-500-1A11,BCS3,,AEROPLANE,Jet Engine,,TRUE,,
HB-JCE,BD-500-1A11,BCS3,,AEROPLANE,"Jet Engine, Jet Engine",,TRUE,,
HB-JCF,BD-500-1A11,BCS3,,AEROPLANE,Jet Engine,,TRUE,,
HB-JCG,BD-500-1A11,BCS3,,AEROPLANE,Jet Engine,,TRUE,,
HB-JCH,BD-500-1A11,BCS3,,AEROPLANE,Jet Engine,,TRUE,,
HB-JCI,BD-500-1A11,BCS3,,AEROPLANE,"Jet Engine, Jet Engine",,TRUE,,
HB-JCJ,BD-500-1A11,BCS3,,AEROPLANE,Jet Engine,,TRUE,,
HB-JCK,BD-500-1A11,BCS3,,AEROPLANE,Jet Engine,,TRUE,,
HB-JCL,BD-500-1A11,BCS3,,AEROPLANE,Jet Engine,,TRUE,,
HB-JCM,BD-500-1A11,BCS3,,AEROPLANE,"Jet Engine, Jet Engine",,TRUE,,
HB-JCN,BD-500-1A11,BCS3,,AEROPLANE,Jet Engine,,TRUE,,
HB-JCO,BD-500-1A11,BCS3,,AEROPLANE,Jet Engine,,TRUE,,
HB-JCP,BD-500-1A11,BCS3,,AEROPLANE,Jet Engine,,TRUE,,
HB-JCQ,BD-500-1A11,BCS3,,AEROPLANE,Jet Engine,,TRUE,,
HB-JCR,BD-500-1A11,BCS3,,AEROPLANE,Jet Engine,,TRUE,,
HB-JCS,BD-500-1A11,BCS3,,AEROPLANE,Jet Engine,,TRUE,,
HB-JCT,BD-500-1A11,BCS3,,AEROPLANE,Jet Engine,,TRUE,,
HB-JCU,BD-500-1A11,BCS3,,AEROPLANE,"Jet Engine, Jet Engine",,TRUE,,
HB-JDA,A320-271N,A20N,,AEROPLANE,Jet Engine,,TRUE,,
HB-JDB,A320-271N,A20N,,AEROPLANE,Jet Engine,,TRUE,,
HB-JDC,A320-271N,A20N,,AEROPLANE,Jet Engine,,TRUE,,
HB-JDD,A320-271N,A20N,,AEROPLANE,Jet Engine,,TRUE,,
HB-JDE,A320-271N,A20N,,AEROPLANE,Jet Engine,,TRUE,,
HB-JDF,A320-271N,A20N,,AEROPLANE,Jet Engine,,TRUE,,
HB-JDG,A320-271N,A20N,,AEROPLANE,Jet Engine,,TRUE,,
HB-JDH,A320-271N,A20N,,AEROPLANE,Jet Engine,,TRUE,,
HB-JDI,A320-271N,A20N,,AEROPLANE,Jet Engine,,TRUE,,
HB-JDJ,A320-271N,A20N,,AEROPLANE,Jet Engine,,TRUE,,
HB-JDK,A320-271N,A20N,,AEROPLANE,Jet Engine,,TRUE,,
HB-JDL,A320-271N,A20N,,AEROPLANE,Jet Engine,,TRUE,,
HB-JFH,FALCON 6X,FA6X,,AEROPLANE,Jet Engine,,TRUE,,
HB-JFK,EMB-500,E50P,,AEROPLANE,Jet Engine,,FALSE,,
HB-JFP,GVI,GLF6,,AEROPLANE,Jet Engine,,TRUE,,
HB-JFQ,FALCON 7X,FA7X,,AEROPLANE,Jet Engine,,TRUE,,
HB-JFR,FALCON 7X,FA7X,,AEROPLANE,Jet Engine,,TRUE,,
HB-JFS,FALCON 7X,FA7X,,AEROPLANE,Jet Engine,,TRUE,,
HB-JGB,GIV-X,GLF4,,AEROPLANE,Jet Engine,,TRUE,,
HB-JGF,BD-700-1A10,GLEX,,AEROPLANE,Jet Engine,,TRUE,,
HB-JGP,BD-700-1A10,GLEX,,AEROPLANE,Jet Engine,,TRUE,,
HB-JGQ,BD-100-1A10,CL30,,AEROPLANE,Jet Engine,,TRUE,,
HB-JHA,A330-343,A333,,AEROPLANE,Jet Engine,,TRUE,,
HB-JHB,A330-343,A333,,AEROPLANE,Jet Engine,,TRUE,,
HB-JHC,A330-343,A333,,AEROPLANE,Jet Engine,,TRUE,,
HB-JHD,A330-343,A333,,AEROPLANE,Jet Engine,,TRUE,,
HB-JHE,A330-343,A333,,AEROPLANE,Jet Engine,,TRUE,,
HB-JHF,A330-343,A333,,AEROPLANE,Jet Engine,,TRUE,,
HB-JHG,A330-343,A333,,AEROPLANE,Jet Engine,,TRUE,,
HB-JHH,A330-343,A333,,AEROPLANE,Jet Engine,,TRUE,,
HB-JHI,A330-343,A333,,AEROPLANE,Jet Engine,,TRUE,,
HB-JHJ,A330-343,A333,,AEROPLANE,Jet Engine,,TRUE,,
HB-JHK,A330-343,A333,,AEROPLANE,Jet Engine,,TRUE,,
HB-JHL,A330-343,A333,,AEROPLANE,Jet Engine,,TRUE,,
HB-JHM,A330-343,A333,,AEROPLANE,Jet Engine,,TRUE,,
HB-JHN,A330-343,A333,,AEROPLANE,Jet Engine,,TRUE,,
HB-JIM,FALCON 7X,FA8X,,AEROPLANE,Jet Engine,,TRUE,,
HB-JIP,FALCON 2000EX,F2TH,,AEROPLANE,Jet Engine,,TRUE,,
HB-JIT,BD-700-2A12,GL7T,,AEROPLANE,Jet Engine,,TRUE,,
HB-JJK,A320-214,A320,,AEROPLANE,Jet Engine,,TRUE,,
HB-JJL,A320-214,A320,,AEROPLANE,"Jet Engine, Jet Engine",,TRUE,,
HB-JJM,A320-214,A320,,AEROPLANE,Jet Engine,,TRUE,,
HB-JJN,A320-214,A320,,AEROPLANE,Jet Engine,,TRUE,,
HB-JKK,FALCON 7X,FA8X,,AEROPLANE,Jet Engine,,TRUE,,
HB-JKQ,GVI,GLF6,,AEROPLANE,Jet Engine,,TRUE,,
HB-JKR,BD-100-1A10,CL35,,AEROPLANE,Jet Engine,,TRUE,,
HB-JKV,FALCON 7X,FA8X,,AEROPLANE,Jet Engine,,TRUE,,
HB-JLA,FALCON 7X,FA8X,,AEROPLANE,Jet Engine,,TRUE,,
HB-JLC,BD-700-1A10,GLEX,,AEROPLANE,Jet Engine,,TRUE,,
HB-JLD,FALCON 7X,FA8X,,AEROPLANE,Jet Engine,,TRUE,,
HB-JLE,BD-100-1A10,CL35,,AEROPLANE,Jet Engine,,TRUE,,
HB-JLF,BD-700-2A12,GL7T,,AEROPLANE,Jet Engine,,TRUE,,
HB-JLH,BD-100-1A10,CL35,,AEROPLANE,Jet Engine,,TRUE,,
HB-JLM,BD-100-1A10,CL35,,AEROPLANE,Jet Engine,,TRUE,,
HB-JLO,GVI,GLF6,,AEROPLANE,Jet Engine,,TRUE,,
HB-JLP,A320-214,A320,,AEROPLANE,"Jet Engine, Jet Engine",,TRUE,,
HB-JLQ,A320-214,A320,,AEROPLANE,"Jet Engine, Jet Engine",,TRUE,,
HB-JLR,A320-214,A320,,AEROPLANE,"Jet Engine, Jet Engine",,TRUE,,
HB-JLS,A320-214,A320,,AEROPLANE,Jet Engine,,TRUE,,
HB-JLT,A320-214,A320,,AEROPLANE,Jet Engine,,TRUE,,
HB-JMA,A340-313,A343,,AEROPLANE,Jet Engine,,TRUE,,
HB-JMB,A340-313,A343,,AEROPLANE,Jet Engine,,TRUE,,
HB-JMC,A340-313,A343,,AEROPLANE,"Jet Engine, Jet Engine",,TRUE,,
HB-JMD,A340-313,A343,,AEROPLANE,Jet Engine,,TRUE,,
HB-JME,A340-313,A343,,AEROPLANE,Jet Engine,,TRUE,,
HB-JMH,A340-313,A343,,AEROPLANE,Jet Engine,,TRUE,,
HB-JMI,A340-313,A343,,AEROPLANE,Jet Engine,,TRUE,,
HB-JNA,777-3DEER,B77W,,AEROPLANE,Jet Engine,,TRUE,,
HB-JNB,777-3DEER,B77W,,AEROPLANE,Jet Engine,,TRUE,,
HB-JNC,777-3DEER,B77W,,AEROPLANE,Jet Engine,,TRUE,,
HB-JND,777-3DEER,B77W,,AEROPLANE,Jet Engine,,TRUE,,
HB-JNE,777-3DEER,B77W,,AEROPLANE,Jet Engine,,TRUE,,
HB-JNF,777-3DEER,B77W,,AEROPLANE,Jet Engine,,TRUE,,
HB-JNG,777-300ER,B77W,,AEROPLANE,Jet Engine,,TRUE,,
HB-JNH,777-300ER,B77W,,AEROPLANE,Jet Engine,,TRUE,,
HB-JNI,777-300ER,B77W,,AEROPLANE,Jet Engine,,TRUE,,
HB-JNJ,777-300ER,B77W,,AEROPLANE,Jet Engine,,TRUE,,
HB-JNK,777-300ER,B77W,,AEROPLANE,Jet Engine,,TRUE,,
HB-JNL,777-300ER,B77W,,AEROPLANE,Jet Engine,,TRUE,,
HB-JOJ,A319-112,A319,,AEROPLANE,Jet Engine,,TRUE,,
HB-JOK,A320-214,A320,,AEROPLANE,Jet Engine,,TRUE,,
HB-JOP,A320-214,A320,,AEROPLANE,Jet Engine,,TRUE,,
HB-JOR,BD-700-1A11,GL5T,,AEROPLANE,Jet Engine,,TRUE,,
HB-JOS,A320-214,A320,,AEROPLANE,Jet Engine,,TRUE,,
HB-JPA,A321-271NX,A21N,,AEROPLANE,Jet Engine,,TRUE,,
HB-JPB,A321-271NX,A21N,,AEROPLANE,Jet Engine,,TRUE,,
HB-JPC,A321-271NX,A21N,,AEROPLANE,Jet Engine,,TRUE,,
HB-JPD,A321-271NX,A21N,,AEROPLANE,Jet Engine,,TRUE,,
HB-JPE,A321-271NX,A21N,,AEROPLANE,Jet Engine,,TRUE,,
HB-JPF,A321-271NX,A21N,,AEROPLANE,Jet Engine,,TRUE,,
HB-JPG,A321-271NX,A21N,,AEROPLANE,Jet Engine,,TRUE,,
HB-JRH,BD-700-1A10,GLEX,,AEROPLANE,Jet Engine,,TRUE,,
HB-JSB,FALCON 2000,F2TH,,AEROPLANE,Jet Engine,,TRUE,,
HB-JSC,FALCON 7X,FA8X,,AEROPLANE,Jet Engine,,TRUE,,
HB-JTC,FALCON 2000EX,F2TH,,AEROPLANE,Jet Engine,,TRUE,,
HB-JTH,FALCON 7X,FA8X,,AEROPLANE,Jet Engine,,TRUE,,
HB-JTM,FALCON 2000EX,F2TH,,AEROPLANE,Jet Engine,,TRUE,,
HB-JTO,FALCON 6X,FA6X,,AEROPLANE,Jet Engine,,TRUE,,
HB-JTP,FALCON 6X,FA6X,,AEROPLANE,Jet Engine,,TRUE,,
HB-JVA,ERJ 190-200 IGW,E195,,AEROPLANE,Jet Engine,,TRUE,,
HB-JVJ,ERJ 190-200 IGW,E195,,AEROPLANE,Jet Engine,,TRUE,,
HB-JVO,ERJ 190-100 LR,E190,,AEROPLANE,Jet Engine,,TRUE,,
HB-JVP,ERJ 190-100 LR,E190,,AEROPLANE,Jet Engine,,TRUE,,
HB-JVW,ERJ 190-200 IGW,E195,,AEROPLANE,Jet Engine,,TRUE,,
HB-JVX,ERJ 190-100 LR,E190,,AEROPLANE,Jet Engine,,TRUE,,
HB-JVY,ERJ 190-100 LR,E190,,AEROPLANE,Jet Engine,,TRUE,,
HB-JVZ,ERJ 190-200 IGW,E195,,AEROPLANE,Jet Engine,,TRUE,,
HB-JWA,CL-600-2B16 (604 Variant),CL60,,AEROPLANE,Jet Engine,,TRUE,,
HB-JWB,CL-600-2B16 (604 Variant),CL60,,AEROPLANE,Jet Engine,,TRUE,,
HB-JWC,CL-600-2B16 (604 Variant),CL60,,AEROPLANE,Jet Engine,,TRUE,,
HB-JWX,FALCON 7X,FA8X,,AEROPLANE,Jet Engine,,TRUE,,
HB-JWY,GV-SP,GLF5,,AEROPLANE,Jet Engine,,TRUE,,
HB-JXA,A320-214,A320,,AEROPLANE,Jet Engine,,TRUE,,
HB-JXB,A320-214,A320,,AEROPLANE,Jet Engine,,TRUE,,
HB-JXD,A320-214,A320,,AEROPLANE,Jet Engine,,TRUE,,
HB-JXE,A320-214,A320,,AEROPLANE,"Jet Engine, Jet Engine",,TRUE,,
HB-JXF,A320-214,A320,,AEROPLANE,Jet Engine,,TRUE,,
HB-JXJ,A320-214,A320,,AEROPLANE,Jet Engine,,TRUE,,
HB-JXK,A320-214,A320,,AEROPLANE,Jet Engine,,TRUE,,
HB-JXL,A320-214,A320,,AEROPLANE,Jet Engine,,TRUE,,
HB-JXM,A320-214,A320,,AEROPLANE,Jet Engine,,TRUE,,
HB-JXN,A320-214,A320,,AEROPLANE,Jet Engine,,TRUE,,
HB-JXO,A320-214,A320,,AEROPLANE,Jet Engine,,TRUE,,
HB-JXP,A320-214,A320,,AEROPLANE,Jet Engine,,TRUE,,
HB-JXQ,A320-214,A320,,AEROPLANE,Jet Engine,,TRUE,,
HB-JXR,A320-214,A320,,AEROPLANE,Jet Engine,,TRUE,,
HB-JXS,A320-214,A320,,AEROPLANE,Jet Engine,,TRUE,,
HB-JXT,A320-214,A320,,AEROPLANE,Jet Engine,,TRUE,,
HB-JXU,A320-214,A320,,AEROPLANE,Jet Engine,,TRUE,,
HB-JXV,A320-214,A320,,AEROPLANE,Jet Engine,,TRUE,,
HB-JYA,A320-214,A320,,AEROPLANE,Jet Engine,,TRUE,,
HB-JYD,A320-214,A320,,AEROPLANE,"Jet Engine, Jet Engine",,TRUE,,
HB-JZR,A320-214,A320,,AEROPLANE,Jet Engine,,TRUE,,
HB-JZX,A320-214,A320,,AEROPLANE,Jet Engine,,TRUE,,
HB-JZY,A320-214,A320,,AEROPLANE,Jet Engine,,TRUE,,
HB-JZZ,A320-214,A320,,AEROPLANE,Jet Engine,,TRUE,,
HB-KAC,R2160D,R200,,AEROPLANE,Piston Engine,,FALSE,,
HB-KAG,SR22T,S22T,,AEROPLANE,Piston Engine,,FALSE,,
HB-KAH,TB 20,TB20,,AEROPLANE,Piston Engine,,FALSE,,
HB-KAL,JODEL DR 250-160,D250,,AEROPLANE,Piston Engine,,FALSE,,
HB-KAR,P2010 TDI,TWEN,,AEROPLANE,Piston Engine,,FALSE,,
HB-KAU,TB 10,TOBA,,AEROPLANE,Piston Engine,,FALSE,,
HB-KAW,ROBIN DR 400/180 R,DR40,,AEROPLANE,Piston Engine,,FALSE,,
HB-KBJ,JODEL DR 250-160,D250,,AEROPLANE,Piston Engine,,FALSE,,
HB-KBK,ROBIN DR 400/180 R,DR40,,AEROPLANE,Piston Engine,,FALSE,,
HB-KBR,BRISTELL B23-915,BR23,,AEROPLANE,Piston Engine,,FALSE,,
HB-KBT,BRISTELL B23-915,BR23,,AEROPLANE,Piston Engine,,FALSE,,
HB-KBV,ROBIN DR 400/140 B,DR40,,AEROPLANE,Piston Engine,,FALSE,,
HB-KCB,MX-7-235,M7,,AEROPLANE,Piston Engine,,FALSE,,
HB-KCE,MX-7-235,M7,,AEROPLANE,Piston Engine,,FALSE,,
HB-KCI,A-1,HUSK,,AEROPLANE,Piston Engine,,FALSE,,
HB-KCJ,ROBIN DR 400/140 B,DR40,,AEROPLANE,Piston Engine,,FALSE,,
HB-KCM,TBM700 N,TBM9,,AEROPLANE,Turboprop Engine,,FALSE,,
HB-KCS,ROBIN DR 400/180 R,DR40,,AEROPLANE,Piston Engine,,FALSE,,
HB-KCV,TB 20,TB20,,AEROPLANE,Piston Engine,,FALSE,,
HB-KDK,F33A,BE33,,AEROPLANE,Piston Engine,,FALSE,,
HB-KDM,M-7-235,M7,,AEROPLANE,Piston Engine,,FALSE,,
HB-KDO,ROBIN DR 400/200 R,DR40,,AEROPLANE,Piston Engine,,FALSE,,
HB-KDV,ROBIN DR 400/140 B,DR40,,AEROPLANE,Piston Engine,,FALSE,,
HB-KDY,ROBIN DR 400/200 R,DR40,,AEROPLANE,Piston Engine,,FALSE,,
HB-KEC,ROBIN R 3000/160,R300,,AEROPLANE,Piston Engine,,FALSE,,
HB-KED,ROBIN DR 400/180,DR40,,AEROPLANE,Piston Engine,,FALSE,,
HB-KEF,A-1,HUSK,,AEROPLANE,Piston Engine,,FALSE,,
HB-KEG,A-1,HUSK,,AEROPLANE,Piston Engine,,FALSE,,
HB-KEK,A-1,HUSK,,AEROPLANE,Piston Engine,,FALSE,,
HB-KEL,ROBIN R 3000/160,R300,,AEROPLANE,Piston Engine,,FALSE,,
HB-KEM,ROBIN R 3000/160,R300,,AEROPLANE,Piston Engine,,FALSE,,
HB-KEO,A-1,HUSK,,AEROPLANE,Piston Engine,,FALSE,,
HB-KES,ROBIN DR 400/180 R,DR40,,AEROPLANE,Piston Engine,,FALSE,,
HB-KET,JODEL DR 250-160,D250,,AEROPLANE,Piston Engine,,FALSE,,
HB-KEV,JOB 15-180/2,JB15,,AEROPLANE,Piston Engine,,FALSE,,
HB-KEX,ROBIN DR 400/140 B,DR40,,AEROPLANE,Piston Engine,,FALSE,,
HB-KEY,ROBIN DR 400/500,DR40,,AEROPLANE,Piston Engine,,FALSE,,
HB-KFA,HR200-160,HR20,,AEROPLANE,Piston Engine,,FALSE,,
HB-KFB,HR200-160,HR20,,AEROPLANE,Piston Engine,,FALSE,,
HB-KFD,ROBIN DR 400/140 B,DR40,,AEROPLANE,Piston Engine,,FALSE,,
HB-KFH,ROBIN DR 400/200 R,DR40,,AEROPLANE,Piston Engine,,FALSE,,
HB-KFI,ROBIN DR 400/140 B,DR40,,AEROPLANE,Piston Engine,,FALSE,,
HB-KFL,ROBIN DR 400/180,DR40,,AEROPLANE,Piston Engine,,FALSE,,
HB-KFN,ROBIN DR 400/180,DR40,,AEROPLANE,Piston Engine,,FALSE,,
HB-KFO,ROBIN DR 400/140 B,DR40,,AEROPLANE,Piston Engine,,FALSE,,
HB-KFP,ROBIN DR 400/140 B,DR40,,AEROPLANE,Piston Engine,,FALSE,,
HB-KFQ,ROBIN DR 400/140 B,DR40,,AEROPLANE,Piston Engine,,FALSE,,
HB-KFT,ROBIN DR 400/500,DR40,,AEROPLANE,Piston Engine,,FALSE,,
HB-KFW,ROBIN DR 400/140 B,DR40,,AEROPLANE,Piston Engine,,FALSE,,
HB-KFX,ROBIN DR 400/180,DR40,,AEROPLANE,Piston Engine,,FALSE,,
HB-KGA,ROBIN DR 400/140 B,DR40,,AEROPLANE,Piston Engine,,FALSE,,
HB-KGC,SR22T,S22T,,AEROPLANE,Piston Engine,,FALSE,,
HB-KGD,S201,SLG2,,AEROPLANE,Piston Engine,,FALSE,,
HB-KGE,S201,SLG2,,AEROPLANE,Piston Engine,,FALSE,,
HB-KGF,S201,SLG2,,AEROPLANE,Piston Engine,,FALSE,,
HB-KGG,S201,SLG2,,AEROPLANE,Piston Engine,,FALSE,,
HB-KGH,S201,SLG2,,AEROPLANE,Piston Engine,,FALSE,,
HB-KGI,S201,SLG2,,AEROPLANE,Piston Engine,,FALSE,,
HB-KGK,BRISTELL B23,BR23,,AEROPLANE,Piston Engine,,FALSE,,
HB-KGN,BRISTELL B23,BR23,,AEROPLANE,Piston Engine,,FALSE,,
HB-KGO,BRISTELL B23,BR23,,AEROPLANE,Piston Engine,,FALSE,,
HB-KGP,BRISTELL B23,BR23,,AEROPLANE,Piston Engine,,FALSE,,
HB-KGR,BRISTELL B23-915,BR23,,AEROPLANE,Piston Engine,,FALSE,,
HB-KGS,ROBIN DR 400/140 B,DR40,,AEROPLANE,Piston Engine,,FALSE,,
HB-KGT,BRISTELL B23-915,BR23,,AEROPLANE,Piston Engine,,FALSE,,
HB-KGU,BRISTELL B23-915,BR23,,AEROPLANE,Piston Engine,,FALSE,,
HB-KGW,S201,SLG2,,AEROPLANE,Piston Engine,,FALSE,,
HB-KGX,S201,SLG2,,AEROPLANE,Piston Engine,,FALSE,,
HB-KGY,P2010,TWEN,,AEROPLANE,Piston Engine,,FALSE,,
HB-KGZ,BRISTELL B23-915,BR23,,AEROPLANE,Piston Engine,,FALSE,,
HB-KHG,SR22,SR22,,AEROPLANE,Piston Engine,,FALSE,,
HB-KHH,A36,BE36,,AEROPLANE,Piston Engine,,FALSE,,
HB-KHL,SR20,SR20,,AEROPLANE,Piston Engine,,FALSE,,
HB-KHN,8KCAB,BL8,,AEROPLANE,Piston Engine,,FALSE,,
HB-KHO,ROBIN DR 400/180 R,DR40,,AEROPLANE,Piston Engine,,FALSE,,
HB-KHR,SR22,SR22,,AEROPLANE,Piston Engine,,FALSE,,
HB-KHV,ROBIN DR 400/180,DR40,,AEROPLANE,Piston Engine,,FALSE,,
HB-KHZ,ROBIN DR 400/180 R,DR40,,AEROPLANE,Piston Engine,,FALSE,,
HB-KIO,MX-7-235,M7,,AEROPLANE,Piston Engine,,FALSE,,
HB-KIP,A-1,HUSK,,AEROPLANE,Piston Engine,,FALSE,,
HB-KIS,BRISTELL B23-912iS,BR23,,AEROPLANE,Piston Engine,,FALSE,,
HB-KIW,F33A,BE33,,AEROPLANE,Piston Engine,,FALSE,,
HB-KJC,A-1C-180,HUSK,,AEROPLANE,Piston Engine,,FALSE,,
HB-KJD,A-1C-180,HUSK,,AEROPLANE,Piston Engine,,FALSE,,
HB-KJE,TBM700 N,TBM9,,AEROPLANE,Turboprop Engine,,FALSE,,
HB-KJR,A-1C-180,HUSK,,AEROPLANE,Piston Engine,,FALSE,,
HB-KJT,TBM700 N,TBM9,,AEROPLANE,Turboprop Engine,,FALSE,,
HB-KKA,A-1C-180,HUSK,,AEROPLANE,Piston Engine,,FALSE,,
HB-KKB,BRISTELL B23-915,BR23,,AEROPLANE,Piston Engine,,FALSE,,
HB-KKC,BRISTELL B23-915,BR23,,AEROPLANE,Piston Engine,,FALSE,,
HB-KKI,SR22T,S22T,,AEROPLANE,Piston Engine,,FALSE,,
HB-KKM,SR22T,S22T,,AEROPLANE,Piston Engine,,FALSE,,
HB-KLA,ROBIN DR 400/140 B,DR40,,AEROPLANE,Piston Engine,,FALSE,,
HB-KLD,ROBIN DR 400/140 B,DR40,,AEROPLANE,Piston Engine,,FALSE,,
HB-KLE,ROBIN DR 400/140 B,DR40,,AEROPLANE,Piston Engine,,FALSE,,
HB-KLG,ROBIN DR 400/180 R,DR40,,AEROPLANE,Piston Engine,,FALSE,,
HB-KLL,SR22T,S22T,,AEROPLANE,Piston Engine,,FALSE,,
HB-KLR,ROBIN DR 400/140 B,DR40,,AEROPLANE,Piston Engine,,FALSE,,
HB-KLT,ROBIN DR 400/160,DR40,,AEROPLANE,Piston Engine,,FALSE,,
HB-KLX,ROBIN DR 400/140 B,DR40,,AEROPLANE,Piston Engine,,FALSE,,
HB-KLZ,ROBIN DR 400/140 B,DR40,,AEROPLANE,Piston Engine,,FALSE,,
HB-KMA,SR22T,S22T,,AEROPLANE,Piston Engine,,FALSE,,
HB-KMB,P2008 JC,P208,,AEROPLANE,Piston Engine,,FALSE,,
HB-KMC,SR22,SR22,,AEROPLANE,Piston Engine,,FALSE,,
HB-KMD,P2010,TWEN,,AEROPLANE,Piston Engine,,FALSE,,
HB-KME,A-1A,HUSK,,AEROPLANE,Piston Engine,,FALSE,,
HB-KMF,P2008 JC,P208,,AEROPLANE,Piston Engine,,FALSE,,
HB-KMG,P2008 JC,P208,,AEROPLANE,Piston Engine,,FALSE,,
HB-KMH,P2008 JC,P208,,AEROPLANE,Piston Engine,,FALSE,,
HB-KMI,P2008 JC,P208,,AEROPLANE,Piston Engine,,FALSE,,
HB-KMJ,P2008 JC,P208,,AEROPLANE,Piston Engine,,FALSE,,
HB-KML,P2008 JC,P208,,AEROPLANE,Piston Engine,,FALSE,,
HB-KMN,SR22T,S22T,,AEROPLANE,Piston Engine,,FALSE,,
HB-KMO,SR22,SR22,,AEROPLANE,Piston Engine,,FALSE,,
HB-KMP,SR22,SR22,,AEROPLANE,Piston Engine,,FALSE,,
HB-KMQ,P2008 JC,P208,,AEROPLANE,Piston Engine,,FALSE,,
HB-KMR,P2008 JC,P208,,AEROPLANE,Piston Engine,,FALSE,,
HB-KMS,ROBIN DR 400/140 B,DR40,,AEROPLANE,Piston Engine,,FALSE,,
HB-KMV,P2008 JC,P208,,AEROPLANE,Piston Engine,,FALSE,,
HB-KMW,P2010 TDI,TWEN,,AEROPLANE,Piston Engine,,FALSE,,
HB-KMX,P2008 JC,P208,,AEROPLANE,Piston Engine,,FALSE,,
HB-KNC,P2008 JC,P208,,AEROPLANE,Piston Engine,,FALSE,,
HB-KNI,P2008 JC,P208,,AEROPLANE,Piston Engine,,FALSE,,
HB-KNL,P2008 JC,P208,,AEROPLANE,Piston Engine,,FALSE,,
HB-KNM,P2008 JC,P208,,AEROPLANE,Piston Engine,,FALSE,,
HB-KNN,P2008 JC,P208,,AEROPLANE,Piston Engine,,FALSE,,
HB-KNO,P2008 JC,P208,,AEROPLANE,Piston Engine,,FALSE,,
HB-KNP,P2008 JC,P208,,AEROPLANE,Piston Engine,,FALSE,,
HB-KNS,P2008 JC,P208,,AEROPLANE,Piston Engine,,FALSE,,
HB-KNT,P2008 JC,P208,,AEROPLANE,Piston Engine,,FALSE,,
HB-KNW,P2010 TDI,TWEN,,AEROPLANE,Piston Engine,,FALSE,,
HB-KOA,P-MENTOR,SIRA,,AEROPLANE,Piston Engine,,FALSE,,
HB-KOE,ROBIN DR 400/180,DR40,,AEROPLANE,Piston Engine,,FALSE,,
HB-KOJ,ROBIN DR 400/140 B,DR40,,AEROPLANE,Piston Engine,,FALSE,,
HB-KOL,TBM700 B,TBM7,,AEROPLANE,Turboprop Engine,,FALSE,,
HB-KOP,P2002-JF,SIRA,,AEROPLANE,Piston Engine,,FALSE,,
HB-KOR,TBM700 N,TBM8,,AEROPLANE,Turboprop Engine,,FALSE,,
HB-KOV,XL-2,XL2,,AEROPLANE,Piston Engine,,FALSE,,
HB-KOW,ROBIN DR 400/180,DR40,,AEROPLANE,Piston Engine,,FALSE,,
HB-KOY,F.260B,F260,,AEROPLANE,Piston Engine,,FALSE,,
HB-KOZ,P2002-JF,SIRA,,AEROPLANE,Piston Engine,,FALSE,,
HB-KPB,P2002-JF,SIRA,,AEROPLANE,Piston Engine,,FALSE,,
HB-KPI,P-MENTOR,SIRA,,AEROPLANE,Piston Engine,,FALSE,,
HB-KPJ,P-MENTOR,SIRA,,AEROPLANE,Piston Engine,,FALSE,,
HB-KPL,SR22T,S22T,,AEROPLANE,Piston Engine,,FALSE,,
HB-KPM,SR22,SR22,,AEROPLANE,Piston Engine,,FALSE,,
HB-KPN,TB 20,TB20,,AEROPLANE,Piston Engine,,FALSE,,
HB-KPP,SR22T,S22T,,AEROPLANE,Piston Engine,,FALSE,,
HB-KPS,SR20,SR20,,AEROPLANE,Piston Engine,,FALSE,,
HB-KPT,BRISTELL B23-915,BR23,,AEROPLANE,Piston Engine,,FALSE,,
HB-KPW,P2010 TDI,TWEN,,AEROPLANE,Piston Engine,,FALSE,,
HB-KRA,SR22T,S22T,,AEROPLANE,Piston Engine,,FALSE,,
HB-KRC,TBM700 N,TBM9,,AEROPLANE,Turboprop Engine,,FALSE,,
HB-KRT,A-1B,HUSK,,AEROPLANE,Piston Engine,,FALSE,,
HB-KSA,P2010 TDI,TWEN,,AEROPLANE,Piston Engine,,FALSE,,
HB-KSL,P2010 TDI,TWEN,,AEROPLANE,Piston Engine,,FALSE,,
HB-KSM,P2010 TDI,TWEN,,AEROPLANE,Piston Engine,,FALSE,,
HB-KTA,BRISTELL B23-915,BR23,,AEROPLANE,Piston Engine,,FALSE,,
HB-KTC,SR22,SR22,,AEROPLANE,Piston Engine,,FALSE,,
HB-KTG,F.260D,F260,,AEROPLANE,Piston Engine,,FALSE,,
HB-KTL,SR22,SR22,,AEROPLANE,Piston Engine,,FALSE,,
HB-KTM,BRISTELL B23-915,BR23,,AEROPLANE,Piston Engine,,FALSE,,
HB-KTN,BRISTELL B23-915 IFR,BR23,,AEROPLANE,Piston Engine,,FALSE,,
HB-KTR,BRISTELL B23-915,BR23,,AEROPLANE,Piston Engine,,FALSE,,
HB-KTS,SR22,SR22,,AEROPLANE,Piston Engine,,FALSE,,
HB-KTT,BRISTELL B23-915,BR23,,AEROPLANE,Piston Engine,,FALSE,,
HB-KTW,P2010 TDI,TWEN,,AEROPLANE,Piston Engine,,FALSE,,
HB-KUL,SR22,SR22,,AEROPLANE,Piston Engine,,FALSE,,
HB-KVD,BRISTELL B23-915,BR23,,AEROPLANE,Piston Engine,,FALSE,,
HB-KVP,BRISTELL B23-912iS,BR23,,AEROPLANE,Piston Engine,,FALSE,,
HB-KWP,B36TC,BE36,,AEROPLANE,Piston Engine,,FALSE,,
HB-KYW,BRISTELL B23-915,BR23,,AEROPLANE,Piston Engine,,FALSE,,
HB-LAL,DHC-6 SERIES 300,DHC6,,AEROPLANE,Turboprop Engine,,FALSE,,
HB-LAN,DHC-6 SERIES 300,DHC6,,AEROPLANE,Turboprop Engine,,FALSE,,
HB-LAR,DA 42,DA42,,AEROPLANE,Piston Engine,,FALSE,,
HB-LAV,DA 42 NG,DA42,,AEROPLANE,Piston Engine,,FALSE,,
HB-LBU,P2006T,P06T,,AEROPLANE,Piston Engine,,FALSE,,
HB-LDH,PA-23-250,PA27,,AEROPLANE,Piston Engine,,FALSE,,
HB-LEL,PA-34-200,PA34,,AEROPLANE,"Piston Engine, Piston Engine",,FALSE,,
HB-LHW,402B,C402,,AEROPLANE,"Piston Engine, Piston Engine",,FALSE,,
HB-LJK,DA 42,DA42,,AEROPLANE,Piston Engine,,FALSE,,
HB-LKB,PA-34-200T,PA34,,AEROPLANE,"Piston Engine, Piston Engine",,FALSE,,
HB-LKF,340A,C340,,AEROPLANE,Piston Engine,,FALSE,,
HB-LKN,DA 42 NG,DA42,,AEROPLANE,Piston Engine,,FALSE,,
HB-LKR,DA 62,DA62,,AEROPLANE,Piston Engine,,FALSE,,
HB-LMA,DA 42 NG,DA42,,AEROPLANE,Piston Engine,,FALSE,,
HB-LMB,DA 42 NG,DA42,,AEROPLANE,Piston Engine,,FALSE,,
HB-LMC,DA 42 NG,DA42,,AEROPLANE,Piston Engine,,FALSE,,
HB-LMD,DA 42 NG,DA42,,AEROPLANE,Piston Engine,,FALSE,,
HB-LML,PA-34-200,PA34,,AEROPLANE,"Piston Engine, Piston Engine",,FALSE,,
HB-LNL,PA-31T,PAY2,,AEROPLANE,Turboprop Engine,,FALSE,,
HB-LNW,340A,C340,,AEROPLANE,Piston Engine,,FALSE,,
HB-LPI,DA 42,DA42,,AEROPLANE,Piston Engine,,FALSE,,
HB-LPP,340A,C340,,AEROPLANE,Piston Engine,,FALSE,,
HB-LPZ,P.68 B,P68,,AEROPLANE,Piston Engine,,FALSE,,
HB-LQJ,PA-34-200,PA34,,AEROPLANE,"Piston Engine, Piston Engine",,FALSE,,
HB-LQM,PA-34-220T,PA34,,AEROPLANE,"Piston Engine, Piston Engine",,FALSE,,
HB-LQP,PA-31T1,PAY1,,AEROPLANE,Turboprop Engine,,FALSE,,
HB-LQV,DHC-6 SERIES 300,DHC6,,AEROPLANE,Turboprop Engine,,FALSE,,
HB-LRO,DHC-6 SERIES 300,DHC6,,AEROPLANE,Turboprop Engine,,FALSE,,
HB-LRR,DHC-6 SERIES 300,DHC6,,AEROPLANE,Turboprop Engine,,FALSE,,
HB-LRV,PA-31T,PAY2,,AEROPLANE,Turboprop Engine,,FALSE,,
HB-LSC,PA-34-220T,PA34,,AEROPLANE,"Piston Engine, Piston Engine",,FALSE,,
HB-LSG,PA-60-602P,AEST,,AEROPLANE,Piston Engine,,FALSE,,
HB-LSR,340,C340,,AEROPLANE,Piston Engine,,FALSE,,
HB-LSX,414,C414,,AEROPLANE,Piston Engine,,FALSE,,
HB-LTG,DHC-6 SERIES 300,DHC6,,AEROPLANE,Turboprop Engine,,FALSE,,
HB-LTO,340A,C340,,AEROPLANE,Piston Engine,,FALSE,,
HB-LTV,DA 42,DA42,,AEROPLANE,Piston Engine,,FALSE,,
HB-LUA,P.68 C,P68,,AEROPLANE,Piston Engine,,FALSE,,
HB-LUB,DHC-6 SERIES 300,DHC6,,AEROPLANE,Turboprop Engine,,FALSE,,
HB-LUC,DHC-6 SERIES 300,DHC6,,AEROPLANE,Turboprop Engine,,FALSE,,
HB-LUE,DHC-6 SERIES 300,DHC6,,AEROPLANE,Turboprop Engine,,FALSE,,
HB-LUF,PA-31T,PAY2,,AEROPLANE,Turboprop Engine,,FALSE,,
HB-LUH,DA 42,DA42,,AEROPLANE,Piston Engine,,FALSE,,
HB-LUN,P.68 C,P68,,AEROPLANE,Piston Engine,,FALSE,,
HB-LUT,P.180,P180,,AEROPLANE,Turboprop Engine,,FALSE,,
HB-LUU,P2006T,P06T,,AEROPLANE,Piston Engine,,FALSE,,
HB-LUX,DHC-6 SERIES 400,DHC6,,AEROPLANE,Turboprop Engine,,FALSE,,
HB-LUZ,P.68 C,P68,,AEROPLANE,Piston Engine,,FALSE,,
HB-LVA,DA 42 NG,DA42,,AEROPLANE,Piston Engine,,FALSE,,
HB-LVB,DA 42 NG,DA42,,AEROPLANE,Piston Engine,,FALSE,,
HB-LVC,DA 42 NG,DA42,,AEROPLANE,Piston Engine,,FALSE,,
HB-LVL,DA 42 NG,DA42,,AEROPLANE,Piston Engine,,FALSE,,
HB-LVR,DA 42 NG,DA42,,AEROPLANE,Piston Engine,,FALSE,,
HB-LVS,P2012,P212,,AEROPLANE,Piston Engine,,FALSE,,
HB-LWA,DA 42 NG,DA42,,AEROPLANE,Piston Engine,,FALSE,,
HB-LWF,DA 42 NG,DA42,,AEROPLANE,Piston Engine,,FALSE,,
HB-LWP,DA 62,DA62,,AEROPLANE,Piston Engine,,FALSE,,
HB-LWW,DA 42 NG,DA42,,AEROPLANE,Piston Engine,,FALSE,,
HB-LXX,PA-34-220T,PA34,,AEROPLANE,"Piston Engine, Piston Engine",,FALSE,,
HB-LYY,414A,C414,,AEROPLANE,Piston Engine,,FALSE,,
HB-LYZ,340A,C340,,AEROPLANE,Piston Engine,,FALSE,,
HB-LZC,340A,C340,,AEROPLANE,Piston Engine,,FALSE,,
HB-LZH,DA 42 NG,DA42,,AEROPLANE,Piston Engine,,FALSE,,
HB-LZL,DA 42 NG,DA42,,AEROPLANE,Piston Engine,,FALSE,,
HB-LZT,DA 42 NG,DA42,,AEROPLANE,Piston Engine,,FALSE,,
HB-LZZ,340A,C340,,AEROPLANE,Piston Engine,,FALSE,,
HB-MAC,XA41,XA41,,AEROPLANE,Piston Engine,,FALSE,,
HB-MAD,XA42,XA42,,AEROPLANE,Piston Engine,,FALSE,,
HB-MAG,PITTS S-2C,PTS2,,AEROPLANE,Piston Engine,,FALSE,,
HB-MAS,EA 300/200,E300,,AEROPLANE,Piston Engine,,FALSE,,
HB-MAX,EA 300/SC,E300,,AEROPLANE,Piston Engine,,FALSE,,
HB-MCM,EA 300/SX,E300,,AEROPLANE,Piston Engine,,FALSE,,
HB-MDS,YAK-55M,YK55,,AEROPLANE,Piston Engine,,FALSE,,
HB-MGA,EXTRA NG,EXNG,,AEROPLANE,Piston Engine,,FALSE,,
HB-MGB,EA 300/LC,E300,,AEROPLANE,Piston Engine,,FALSE,,
HB-MGN,EXTRA NG,EXNG,,AEROPLANE,Piston Engine,,FALSE,,
HB-MIM,BÜ 133 C,BU33,,AEROPLANE,Piston Engine,,FALSE,,
HB-MIP,BÜ 133 C,BU33,,AEROPLANE,Piston Engine,,FALSE,,
HB-MIU,BÜ 133 C,BU33,,AEROPLANE,Piston Engine,,FALSE,,
HB-MIZ,BÜ 133 C,BU33,,AEROPLANE,Piston Engine,,FALSE,,
HB-MKH,BÜ 133 C,BU33,,AEROPLANE,Piston Engine,,FALSE,,
HB-MKI,BÜ 133 C,BU33,,AEROPLANE,Piston Engine,,FALSE,,
HB-MKM,BÜ 133 C,BU33,,AEROPLANE,Piston Engine,,FALSE,,
HB-MKN,BÜ 133 C,BU33,,AEROPLANE,Piston Engine,,FALSE,,
HB-MKO,BÜ 133 C,BU33,,AEROPLANE,Piston Engine,,FALSE,,
HB-MKR,BÜ 133 C,BU33,,AEROPLANE,Piston Engine,,FALSE,,
HB-MLA,EA 300/S,E300,,AEROPLANE,Piston Engine,,FALSE,,
HB-MLG,EA 300/SC,E300,,AEROPLANE,Piston Engine,,FALSE,,
HB-MLV,EA 300/LC,E300,,AEROPLANE,Piston Engine,,FALSE,,
HB-MLZ,XA42,XA42,,AEROPLANE,Piston Engine,,FALSE,,
HB-MSE,PITTS S-2S,PTS2,,AEROPLANE,Piston Engine,,FALSE,,
HB-MSK,HI-27 MK II,HI27,,AEROPLANE,Piston Engine,,FALSE,,
HB-MSO,SU-26 M,SU26,,AEROPLANE,Piston Engine,,FALSE,,
HB-MSS,SU-26 M,SU26,,AEROPLANE,Piston Engine,,FALSE,,
HB-MSW,EA 300/200,E300,,AEROPLANE,Piston Engine,,FALSE,,
HB-MTA,EA 300/L,E300,,AEROPLANE,Piston Engine,,FALSE,,
HB-MTB,EA 300/200,E300,,AEROPLANE,Piston Engine,,FALSE,,
HB-MTC,EA 300/LC,E300,,AEROPLANE,Piston Engine,,FALSE,,
HB-MTD,EA 300/200,E300,,AEROPLANE,Piston Engine,,FALSE,,
HB-MTR,EA 300/SC,E300,,AEROPLANE,Piston Engine,,FALSE,,
HB-NAB,B.121 SERIES 2,PUP,,AEROPLANE,Piston Engine,,FALSE,,
HB-NCB,112,AC11,,AEROPLANE,Piston Engine,,FALSE,,
HB-NCG,112TC,AC11,,AEROPLANE,Piston Engine,,FALSE,,
HB-NCH,114,AC11,,AEROPLANE,Piston Engine,,FALSE,,
HB-NCI,114,AC11,,AEROPLANE,Piston Engine,,FALSE,,
HB-NCO,114,AC11,,AEROPLANE,Piston Engine,,FALSE,,
HB-NCT,112,AC11,,AEROPLANE,Piston Engine,,FALSE,,
HB-NDA,112TC,AC11,,AEROPLANE,Piston Engine,,FALSE,,
HB-NDC,114B,AC11,,AEROPLANE,Piston Engine,,FALSE,,
HB-NDE,114,AC11,,AEROPLANE,Piston Engine,,FALSE,,
HB-NDG,114A,AC11,,AEROPLANE,Piston Engine,,FALSE,,
HB-NDL,112B,AC11,,AEROPLANE,Piston Engine,,FALSE,,
HB-NDZ,114B,AC11,,AEROPLANE,Piston Engine,,FALSE,,
HB-NEW,114TC,AC11,,AEROPLANE,Piston Engine,,FALSE,,
HB-NGP,114TC,AC11,,AEROPLANE,Piston Engine,,FALSE,,
HB-NPB,VIRUS SW 121,PIVI,,AEROPLANE,Piston Engine,,FALSE,,
HB-NPC,VIRUS SW 121,PIVI,,AEROPLANE,Piston Engine,,FALSE,,
HB-NPD,VIRUS SW 121C,PIVI,,AEROPLANE,Piston Engine,,FALSE,,
HB-NPE,VIRUS SW 121,PIVI,,AEROPLANE,Piston Engine,,FALSE,,
HB-NPG,VIRUS SW 121A,PIVI,,AEROPLANE,Piston Engine,,FALSE,,
HB-NPH,VIRUS SW 121A,PIVI,,AEROPLANE,Piston Engine,,FALSE,,
HB-NPJ,VIRUS SW 121,PIVI,,AEROPLANE,Piston Engine,,FALSE,,
HB-NPN,VIRUS SW 121A,PIVI,,AEROPLANE,Piston Engine,,FALSE,,
HB-NPO,VIRUS SW 121A,PIVI,,AEROPLANE,Piston Engine,,FALSE,,
HB-NPP,VIRUS SW 121C,PIVI,,AEROPLANE,Piston Engine,,FALSE,,
HB-NPS,VIRUS SW 121,PIVI,,AEROPLANE,Piston Engine,,FALSE,,
HB-NPW,VIRUS SW 121,PIVI,,AEROPLANE,Piston Engine,,FALSE,,
HB-NPX,VIRUS SW 121X,PIVI,,AEROPLANE,Piston Engine,,FALSE,,
HB-OAG,J3C-65/L-4.,J3,,AEROPLANE,Piston Engine,,FALSE,,
HB-OAP,PA-12,PA12,,AEROPLANE,Piston Engine,,FALSE,,
HB-OBF,J3C-65/L-4.,J3,,AEROPLANE,Piston Engine,,FALSE,,
HB-OBG,J3C-65/L-4.,J3,,AEROPLANE,Piston Engine,,FALSE,,
HB-OBL,J3C-65/L-4.,J3,,AEROPLANE,Piston Engine,,FALSE,,
HB-OCB,PA-28R-200,P28R,,AEROPLANE,Piston Engine,,FALSE,,
HB-OCI,J3C-65/L-4.,J3,,AEROPLANE,Piston Engine,,FALSE,,
HB-OCP,J3C-65/L-4H,J3,,AEROPLANE,Piston Engine,,FALSE,,
HB-OCR,J3C-65/L-4.,J3,,AEROPLANE,Piston Engine,,FALSE,,
HB-OCU,J3C-65/L-4.,J3,,AEROPLANE,Piston Engine,,FALSE,,
HB-ODC,J3C-65/L-4.,J3,,AEROPLANE,Piston Engine,,FALSE,,
HB-ODE,J3C-65/L-4.,J3,,AEROPLANE,Piston Engine,,FALSE,,
HB-ODH,J3C-65/L-4.,J3,,AEROPLANE,Piston Engine,,FALSE,,
HB-ODL,PA-22-108,PA22,,AEROPLANE,Piston Engine,,FALSE,,
HB-ODN,J3C-65/L-4.,J3,,AEROPLANE,Piston Engine,,FALSE,,
HB-ODW,J3C-65/L-4.,J3,,AEROPLANE,Piston Engine,,FALSE,,
HB-ODX,J3C-65/L-4.,J3,,AEROPLANE,Piston Engine,,FALSE,,
HB-ODZ,J3C-65/L-4.,J3,,AEROPLANE,Piston Engine,,FALSE,,
HB-OEI,J3C-65/L-4.,J3,,AEROPLANE,Piston Engine,,FALSE,,
HB-OEN,J3C-65/L-4.,J3,,AEROPLANE,Piston Engine,,FALSE,,
HB-OER,J3C-65/L-4.,J3,,AEROPLANE,Piston Engine,,FALSE,,
HB-OEY,J3C-65/L-4.,J3,,AEROPLANE,Piston Engine,,FALSE,,
HB-OFC,J3C-65/L-4.,J3,,AEROPLANE,Piston Engine,,FALSE,,
HB-OFK,J3C-65/L-4.,J3,,AEROPLANE,Piston Engine,,FALSE,,
HB-OFR,J3C-65/L-4.,J3,,AEROPLANE,Piston Engine,,FALSE,,
HB-OFW,J3C-65/L-4.,J3,,AEROPLANE,Piston Engine,,FALSE,,
HB-OGA,J3C-65/L-4.,J3,,AEROPLANE,Piston Engine,,FALSE,,
HB-OGC,J3C-65/L-4.,J3,,AEROPLANE,Piston Engine,,FALSE,,
HB-OGZ,J3C-65/L-4.,J3,,AEROPLANE,Piston Engine,,FALSE,,
HB-OHN,PA-28-140,P28A,,AEROPLANE,Piston Engine,,FALSE,,
HB-OHT,PA-28-140/160,P28A,,AEROPLANE,Piston Engine,,FALSE,,
HB-OHW,PA-28R-200,P28R,,AEROPLANE,Piston Engine,,FALSE,,
HB-OIA,J3C-65/L-4.,J3,,AEROPLANE,Piston Engine,,FALSE,,
HB-OIC,J3C-65/L-4.,J3,,AEROPLANE,Piston Engine,,FALSE,,
HB-OIN,J3C-65/L-4.,J3,,AEROPLANE,Piston Engine,,FALSE,,
HB-OIO,J3C-65/L-4.,J3,,AEROPLANE,Piston Engine,,FALSE,,
HB-OIX,ROESGEN EPR 301,ZZZZ,,AEROPLANE,Piston Engine,,FALSE,,
HB-OJI,PA-28-161,P28A,,AEROPLANE,Piston Engine,,FALSE,,
HB-OKB,"PA-18 ""150""",PA18,,AEROPLANE,Piston Engine,,FALSE,,
HB-OKD,PA-28-180,P28A,,AEROPLANE,Piston Engine,,FALSE,,
HB-OKK,PA-28R-200,P28R,,AEROPLANE,Piston Engine,,FALSE,,
HB-OKN,J3C-65/L-4.,J3,,AEROPLANE,Piston Engine,,FALSE,,
HB-OKP,J3C-65/L-4.,J3,,AEROPLANE,Piston Engine,,FALSE,,
HB-OLW,"PA-18 ""180""",PA18,,AEROPLANE,Piston Engine,,FALSE,,
HB-OLX,PA-18-180M,PA18,,AEROPLANE,Piston Engine,,FALSE,,
HB-OMF,PA-32-300,PA32,,AEROPLANE,Piston Engine,,FALSE,,
HB-OMN,PA-28-140,P28A,,AEROPLANE,Piston Engine,,FALSE,,
HB-OMP,PA-28-140/160,P28A,,AEROPLANE,Piston Engine,,FALSE,,
HB-OMS,PA-28-180,P28A,,AEROPLANE,Piston Engine,,FALSE,,
HB-OMV,PA-18,PA18,,AEROPLANE,Piston Engine,,FALSE,,
HB-OMW,PA-28-180,P28A,,AEROPLANE,Piston Engine,,FALSE,,
HB-ONA,J3C-65/L-4.,J3,,AEROPLANE,Piston Engine,,FALSE,,
HB-ONE,J3C-65/L-4.,J3,,AEROPLANE,Piston Engine,,FALSE,,
HB-ONG,J3C-65/L-4.,J3,,AEROPLANE,Piston Engine,,FALSE,,
HB-ONH,J3C-65/L-4.,J3,,AEROPLANE,Piston Engine,,FALSE,,
HB-ONW,J3C-65/L-4.,J3,,AEROPLANE,Piston Engine,,FALSE,,
HB-OOJ,PA-16,PA16,,AEROPLANE,Piston Engine,,FALSE,,
HB-OPH,"PA-18 ""150""",PA18,,AEROPLANE,Piston Engine,,FALSE,,
HB-OPL,PA-22-150,PA22,,AEROPLANE,Piston Engine,,FALSE,,
HB-OPP,"PA-18 ""150""",PA18,,AEROPLANE,Piston Engine,,FALSE,,
HB-OPR,"PA-18 ""150""",PA18,,AEROPLANE,Piston Engine,,FALSE,,
HB-OPU,"PA-18 ""150""",PA18,,AEROPLANE,Piston Engine,,FALSE,,
HB-OQA,"PA-18 ""150""",PA18,,AEROPLANE,Piston Engine,,FALSE,,
HB-OQB,PA-18-180M,PA18,,AEROPLANE,Piston Engine,,FALSE,,
HB-OQG,PA-28-151,P28A,,AEROPLANE,Piston Engine,,FALSE,,
HB-OQL,PA-18,PA18,,AEROPLANE,Piston Engine,,FALSE,,
HB-OQN,PA-28R-200,P28R,,AEROPLANE,Piston Engine,,FALSE,,
HB-OQS,PA-28-151,P28A,,AEROPLANE,Piston Engine,,FALSE,,
HB-OQT,PA-28-180,P28A,,AEROPLANE,Piston Engine,,FALSE,,
HB-ORA,"PA-18 ""150""",PA18,,AEROPLANE,Piston Engine,,FALSE,,
HB-ORH,PA-18-180M,PA18,,AEROPLANE,Piston Engine,,FALSE,,
HB-ORL,PA-18-180M,PA18,,AEROPLANE,Piston Engine,,FALSE,,
HB-ORM,"PA-18 ""150""",PA18,,AEROPLANE,Piston Engine,,FALSE,,
HB-ORN,"PA-18 ""150""",PA18,,AEROPLANE,Piston Engine,,FALSE,,
HB-ORT,PA-18-180M,PA18,,AEROPLANE,Piston Engine,,FALSE,,
HB-ORV,"PA-18 ""150""",PA18,,AEROPLANE,Piston Engine,,FALSE,,
HB-ORW,"PA-18 ""180""",PA18,,AEROPLANE,Piston Engine,,FALSE,,
HB-ORY,PA-18-180M,PA18,,AEROPLANE,Piston Engine,,FALSE,,
HB-ORZ,PA-18-180M,PA18,,AEROPLANE,Piston Engine,,FALSE,,
HB-OSM,J3C-65/L-4.,J3,,AEROPLANE,Piston Engine,,FALSE,,
HB-OSW,J3C-65/L-4.,J3,,AEROPLANE,Piston Engine,,FALSE,,
HB-OSY,J3C-65/L-4.,J3,,AEROPLANE,Piston Engine,,FALSE,,
HB-OTG,J3C-65/L-4.,J3,,AEROPLANE,Piston Engine,,FALSE,,
HB-OTN,PA-22-108,PA22,,AEROPLANE,Piston Engine,,FALSE,,
HB-OTR,PA-22-150,PA22,,AEROPLANE,Piston Engine,,FALSE,,
HB-OTS,PA-24-250,PA24,,AEROPLANE,Piston Engine,,FALSE,,
HB-OUD,J3C-65/L-4.,J3,,AEROPLANE,Piston Engine,,FALSE,,
HB-OUN,J3C-65/L-4.,J3,,AEROPLANE,Piston Engine,,FALSE,,
HB-OUP,J3C-65/L-4.,J3,,AEROPLANE,Piston Engine,,FALSE,,
HB-OUR,J3C-65/L-4.,J3,,AEROPLANE,Piston Engine,,FALSE,,
HB-OUS,J3C-65/L-4.,J3,,AEROPLANE,Piston Engine,,FALSE,,
HB-OVC,PA-12,PA12,,AEROPLANE,Piston Engine,,FALSE,,
HB-OVE,J3C-65/L-4.,J3,,AEROPLANE,Piston Engine,,FALSE,,
HB-OVP,PA-28-160,P28A,,AEROPLANE,Piston Engine,,FALSE,,
HB-OVR,PA-24-250,PA24,,AEROPLANE,Piston Engine,,FALSE,,
HB-OVT,PA-28-180,P28A,,AEROPLANE,Piston Engine,,FALSE,,
HB-OXD,J3C-65/L-4.,J3,,AEROPLANE,Piston Engine,,FALSE,,
HB-OXL,J3C-65/L-4.,J3,,AEROPLANE,Piston Engine,,FALSE,,
HB-OXR,J3C-65/L-4.,J3,,AEROPLANE,Piston Engine,,FALSE,,
HB-OXX,"PA-18 ""150""",PA18,,AEROPLANE,Piston Engine,,FALSE,,
HB-OXY,J3C-65/L-4.,J3,,AEROPLANE,Piston Engine,,FALSE,,
HB-OYB,"PA-18 ""150""",PA18,,AEROPLANE,Piston Engine,,FALSE,,
HB-OYH,PA-28-140/160,P28A,,AEROPLANE,Piston Engine,,FALSE,,
HB-OYI,PA-28-140/160,P28A,,AEROPLANE,Piston Engine,,FALSE,,
HB-OYM,"PA-18 ""150""",PA18,,AEROPLANE,Piston Engine,,FALSE,,
HB-OYX,PA-28R-180,P28R,,AEROPLANE,Piston Engine,,FALSE,,
HB-OYZ,PA-28R-180,P28R,,AEROPLANE,Piston Engine,,FALSE,,
HB-OZB,PA-28-140,P28A,,AEROPLANE,Piston Engine,,FALSE,,
HB-OZG,PA-28-140,P28A,,AEROPLANE,Piston Engine,,FALSE,,
HB-OZU,PA-28R-200,P28R,,AEROPLANE,Piston Engine,,FALSE,,
HB-OZV,PA-28-180,P28A,,AEROPLANE,Piston Engine,,FALSE,,
HB-PAF,PA-28-180,P28A,,AEROPLANE,Piston Engine,,FALSE,,
HB-PAR,PA-18-180M,PA18,,AEROPLANE,Piston Engine,,FALSE,,
HB-PAT,PA-28-181,P28A,,AEROPLANE,Piston Engine,,FALSE,,
HB-PAV,"PA-18 ""150""",PA18,,AEROPLANE,Piston Engine,,FALSE,,
HB-PAW,"PA-18 ""150""",PA18,,AEROPLANE,Piston Engine,,FALSE,,
HB-PAX,"PA-18 ""150""",PA18,,AEROPLANE,Piston Engine,,FALSE,,
HB-PAY,PA-18-150,PA18,,AEROPLANE,Piston Engine,,FALSE,,
HB-PBB,PA-28-151,P28A,,AEROPLANE,Piston Engine,,FALSE,,
HB-PBF,PA-28R-201,P28R,,AEROPLANE,Piston Engine,,FALSE,,
HB-PBH,PA-28-181,P28A,,AEROPLANE,Piston Engine,,FALSE,,
HB-PBJ,PA-28-236,P28B,,AEROPLANE,Piston Engine,,FALSE,,
HB-PBK,PA-32R-300,P32R,,AEROPLANE,Piston Engine,,FALSE,,
HB-PBO,PA-28-235,P28B,,AEROPLANE,Piston Engine,,FALSE,,
HB-PBV,PA-28-181,P28A,,AEROPLANE,Piston Engine,,FALSE,,
HB-PBW,PA-28-181,P28A,,AEROPLANE,Piston Engine,,FALSE,,
HB-PBX,PA-28R-200,P28R,,AEROPLANE,Piston Engine,,FALSE,,
HB-PCA,PA-28-181,P28A,,AEROPLANE,Piston Engine,,FALSE,,
HB-PCC,PA-28R-201T,P28S,,AEROPLANE,Piston Engine,,FALSE,,
HB-PCD,PA-32RT-300T,P32T,,AEROPLANE,Piston Engine,,FALSE,,
HB-PCI,PA-28-180,P28A,,AEROPLANE,Piston Engine,,FALSE,,
HB-PCM,PA-18-180M,PA18,,AEROPLANE,Piston Engine,,FALSE,,
HB-PCN,"PA-18 ""150""",PA18,,AEROPLANE,Piston Engine,,FALSE,,
HB-PDI,PA-28-181,P28A,,AEROPLANE,Piston Engine,,FALSE,,
HB-PDJ,"PA-18 ""150""",PA18,,AEROPLANE,Piston Engine,,FALSE,,
HB-PDL,PA-18-180M,PA18,,AEROPLANE,Piston Engine,,FALSE,,
HB-PDU,PA-28RT-201,P28T,,AEROPLANE,Piston Engine,,FALSE,,
HB-PDV,PA-28-236,P28B,,AEROPLANE,Piston Engine,,FALSE,,
HB-PEH,PA-28-181,P28A,,AEROPLANE,Piston Engine,,FALSE,,
HB-PEL,PA-28RT-201,P28T,,AEROPLANE,Piston Engine,,FALSE,,
HB-PEM,PA-46-600TP,M600,,AEROPLANE,Turboprop Engine,,FALSE,,
HB-PEN,PA-28-236,P28B,,AEROPLANE,Piston Engine,,FALSE,,
HB-PES,PA-32R-301,P32R,,AEROPLANE,Piston Engine,,FALSE,,
HB-PEW,PA-28-181,P28A,,AEROPLANE,Piston Engine,,FALSE,,
HB-PFA,PA-28-181,P28A,,AEROPLANE,Piston Engine,,FALSE,,
HB-PFK,PA-18-180M,PA18,,AEROPLANE,Piston Engine,,FALSE,,
HB-PFS,PA-28-181,P28A,,AEROPLANE,Piston Engine,,FALSE,,
HB-PFZ,PA-28-236,P28B,,AEROPLANE,Piston Engine,,FALSE,,
HB-PGB,PA-28-181,P28A,,AEROPLANE,Piston Engine,,FALSE,,
HB-PGE,PA-28-181,P28A,,AEROPLANE,Piston Engine,,FALSE,,
HB-PGG,PA-28-161,P28A,,AEROPLANE,Piston Engine,,FALSE,,
HB-PGJ,PA-28-236,P28B,,AEROPLANE,Piston Engine,,FALSE,,
HB-PGL,PA-38-112,PA38,,AEROPLANE,Piston Engine,,FALSE,,
HB-PGM,PA-28-181,P28A,,AEROPLANE,Piston Engine,,FALSE,,
HB-PGN,PA-28-161,P28A,,AEROPLANE,Piston Engine,,FALSE,,
HB-PGP,PA-28-236,P28B,,AEROPLANE,Piston Engine,,FALSE,,
HB-PGX,PA-28-181,P28A,,AEROPLANE,Piston Engine,,FALSE,,
HB-PGY,PA-28-236,P28B,,AEROPLANE,Piston Engine,,FALSE,,
HB-PHC,PA-28-181,P28A,,AEROPLANE,Piston Engine,,FALSE,,
HB-PHD,PA-28-161,P28A,,AEROPLANE,Piston Engine,,FALSE,,
HB-PHG,PA-28-181,P28A,,AEROPLANE,Piston Engine,,FALSE,,
HB-PHM,PA-28-181,P28A,,AEROPLANE,Piston Engine,,FALSE,,
HB-PHP,"PA-18 ""150""",PA18,,AEROPLANE,Piston Engine,,FALSE,,
HB-PHT,PA-28-181,P28A,,AEROPLANE,Piston Engine,,FALSE,,
HB-PHU,PA-28-181,P28A,,AEROPLANE,Piston Engine,,FALSE,,
HB-PHX,PA-18-180M,PA18,,AEROPLANE,Piston Engine,,FALSE,,
HB-PHZ,"PA-18 ""150""",PA18,,AEROPLANE,Piston Engine,,FALSE,,
HB-PIC,PA-18-180M,PA18,,AEROPLANE,Piston Engine,,FALSE,,
HB-PIG,PA-28R-201,P28R,,AEROPLANE,Piston Engine,,FALSE,,
HB-PIK,PA-28R-201T,P28S,,AEROPLANE,Piston Engine,,FALSE,,
HB-PIL,PA-28-181,P28A,,AEROPLANE,Piston Engine,,FALSE,,
HB-PIN,PA-28RT-201,P28T,,AEROPLANE,Piston Engine,,FALSE,,
HB-PIV,PA-28-181,P28A,,AEROPLANE,Piston Engine,,FALSE,,
HB-PIX,PA-28RT-201,P28T,,AEROPLANE,Piston Engine,,FALSE,,
HB-PJA,PA-28R-201,P28R,,AEROPLANE,Piston Engine,,FALSE,,
HB-PJE,PA-32R-301,P32R,,AEROPLANE,Piston Engine,,FALSE,,
HB-PJF,PA-32R-301T,P32R,,AEROPLANE,Piston Engine,,FALSE,,
HB-PJP,PA-28-181,P28A,,AEROPLANE,Piston Engine,,FALSE,,
HB-PJW,PA-46-310P,PA46,,AEROPLANE,Piston Engine,,FALSE,,
HB-PKE,PA-28-181,P28A,,AEROPLANE,Piston Engine,,FALSE,,
HB-PKF,PA-28-236,P28B,,AEROPLANE,Piston Engine,,FALSE,,
HB-PKG,PA-28-181,P28A,,AEROPLANE,Piston Engine,,FALSE,,
HB-PKI,"PA-18 ""150""",PA18,,AEROPLANE,Piston Engine,,FALSE,,
HB-PKJ,PA-32-301T,PA32,,AEROPLANE,Piston Engine,,FALSE,,
HB-PKK,PA-28-181,P28A,,AEROPLANE,Piston Engine,,FALSE,,
HB-PKR,PA-28-181,P28A,,AEROPLANE,Piston Engine,,FALSE,,
HB-PKT,PA-28RT-201T,P28U,,AEROPLANE,Piston Engine,,FALSE,,
HB-PKV,PA-28RT-201T,P28U,,AEROPLANE,Piston Engine,,FALSE,,
HB-PKX,PA-28RT-201T,P28U,,AEROPLANE,Piston Engine,,FALSE,,
HB-PLC,PA-28RT-201T,P28U,,AEROPLANE,Piston Engine,,FALSE,,
HB-PLG,"PA-18 ""150""",PA18,,AEROPLANE,Piston Engine,,FALSE,,
HB-PLL,PA-28-161,P28A,,AEROPLANE,Piston Engine,,FALSE,,
HB-PLQ,"PA-18 ""150""",PA18,,AEROPLANE,Piston Engine,,FALSE,,
HB-PLW,PA-28-181,P28A,,AEROPLANE,Piston Engine,,FALSE,,
HB-PLY,PA-28-181,P28A,,AEROPLANE,Piston Engine,,FALSE,,
HB-PLZ,PA-28-181,P28A,,AEROPLANE,Piston Engine,,FALSE,,
HB-PMC,PA-28-161,P28A,,AEROPLANE,Piston Engine,,FALSE,,
HB-PMF,PA-28-161,P28A,,AEROPLANE,Piston Engine,,FALSE,,
HB-PMG,PA-28-181,P28A,,AEROPLANE,Piston Engine,,FALSE,,
HB-PMI,PA-28-161,P28A,,AEROPLANE,Piston Engine,,FALSE,,
HB-PMJ,PA-28-236,P28B,,AEROPLANE,Piston Engine,,FALSE,,
HB-PMK,PA-28-181,P28A,,AEROPLANE,Piston Engine,,FALSE,,
HB-PMN,"PA-18 ""150""",PA18,,AEROPLANE,Piston Engine,,FALSE,,
HB-PMP,PA-28-236,P28B,,AEROPLANE,Piston Engine,,FALSE,,
HB-PMT,PA-28-181,P28A,,AEROPLANE,Piston Engine,,FALSE,,
HB-PMZ,PA-46-701TP,M700,,AEROPLANE,Turboprop Engine,,FALSE,,
HB-PNB,PA-28-181,P28A,,AEROPLANE,Piston Engine,,FALSE,,
HB-PNG,PA-28-161,P28A,,AEROPLANE,Piston Engine,,FALSE,,
HB-PNI,PA-28RT-201T,P28U,,AEROPLANE,Piston Engine,,FALSE,,
HB-PNL,PA-28-161,P28A,,AEROPLANE,Piston Engine,,FALSE,,
HB-PNM,PA-28-161,P28A,,AEROPLANE,Piston Engine,,FALSE,,
HB-PNN,PA-28-161,P28A,,AEROPLANE,Piston Engine,,FALSE,,
HB-PNU,PA-18-180M,PA18,,AEROPLANE,Piston Engine,,FALSE,,
HB-PNZ,PA-24-260,PA24,,AEROPLANE,Piston Engine,,FALSE,,
HB-POC,PA-28-161,P28A,,AEROPLANE,Piston Engine,,FALSE,,
HB-POD,PA-18-180M,PA18,,AEROPLANE,Piston Engine,,FALSE,,
HB-POE,PA-28-161,P28A,,AEROPLANE,Piston Engine,,FALSE,,
HB-POF,PA-28-161,P28A,,AEROPLANE,Piston Engine,,FALSE,,
HB-POP,PA-46-350P,PA46,,AEROPLANE,Piston Engine,,FALSE,,
HB-POQ,J3C-65/L-4.,J3,,AEROPLANE,Piston Engine,,FALSE,,
HB-POR,PA-28-236,P28B,,AEROPLANE,Piston Engine,,FALSE,,
HB-POS,"PA-18 ""150""",PA18,,AEROPLANE,Piston Engine,,FALSE,,
HB-POU,PA-18-150,PA18,,AEROPLANE,Piston Engine,,FALSE,,
HB-POX,PA-28-181,P28A,,AEROPLANE,Piston Engine,,FALSE,,
HB-POY,PA-46-350P,PA46,,AEROPLANE,Turboprop Engine,,FALSE,,
HB-PPB,PA-28RT-201T,P28U,,AEROPLANE,Piston Engine,,FALSE,,
HB-PPF,PA-28-161,P28A,,AEROPLANE,Piston Engine,,FALSE,,
HB-PPG,PA-28-161,P28A,,AEROPLANE,Piston Engine,,FALSE,,
HB-PPJ,"PA-18 ""150""",PA18,,AEROPLANE,Piston Engine,,FALSE,,
HB-PPK,PA-28-181,P28A,,AEROPLANE,Piston Engine,,FALSE,,
HB-PPL,"PA-18 ""150""",PA18,,AEROPLANE,Piston Engine,,FALSE,,
HB-PPT,PA-28-181,P28A,,AEROPLANE,Piston Engine,,FALSE,,
HB-PPW,PA-28-181,P28A,,AEROPLANE,Piston Engine,,FALSE,,
HB-PPX,PA-28-181,P28A,,AEROPLANE,Piston Engine,,FALSE,,
HB-PPY,PA-28-181,P28A,,AEROPLANE,Piston Engine,,FALSE,,
HB-PQB,PA-28-181,P28A,,AEROPLANE,Piston Engine,,FALSE,,
HB-PQD,PA-28-181,P28A,,AEROPLANE,Piston Engine,,FALSE,,
HB-PQG,PA-28R-201T,P28S,,AEROPLANE,Piston Engine,,FALSE,,
HB-PQI,PA-28-161,P28A,,AEROPLANE,Piston Engine,,FALSE,,
HB-PQK,"PA-18 ""150""",PA18,,AEROPLANE,Piston Engine,,FALSE,,
HB-PQL,PA-28-181,P28A,,AEROPLANE,Piston Engine,,FALSE,,
HB-PQM,PA-18,PA18,,AEROPLANE,Piston Engine,,FALSE,,
HB-PQN,PA-32R-301,P32R,,AEROPLANE,Piston Engine,,FALSE,,
HB-PQP,"PA-18 ""150""",PA18,,AEROPLANE,Piston Engine,,FALSE,,
HB-PQQ,PA-28R-201T,P28S,,AEROPLANE,Piston Engine,,FALSE,,
HB-PQS,PA-28-181,P28A,,AEROPLANE,Piston Engine,,FALSE,,
HB-PQW,PA-46-350P,PA46,,AEROPLANE,Piston Engine,,FALSE,,
HB-PQY,PA-28R-201,P28R,,AEROPLANE,Piston Engine,,FALSE,,
HB-PRA,"PA-18 ""150""",PA18,,AEROPLANE,Piston Engine,,FALSE,,
HB-PRB,"PA-18 ""150""",PA18,,AEROPLANE,Piston Engine,,FALSE,,
HB-PRC,PA-46-350P,PA46,,AEROPLANE,Piston Engine,,FALSE,,
HB-PRD,PA-32R-301T,P32R,,AEROPLANE,Piston Engine,,FALSE,,
HB-PRK,PA-46-350P,PA46,,AEROPLANE,Piston Engine,,FALSE,,
HB-PRL,PA-28-161,P28A,,AEROPLANE,Piston Engine,,FALSE,,
HB-PRM,PA-28-181,P28A,,AEROPLANE,Piston Engine,,FALSE,,
HB-PRO,PA-46-500TP,P46T,,AEROPLANE,Turboprop Engine,,FALSE,,
HB-PRR,PA-32R-301T,P32R,,AEROPLANE,Piston Engine,,FALSE,,
HB-PRS,PA-18,PA18,,AEROPLANE,Piston Engine,,FALSE,,
HB-PRT,"PA-18 ""150""",PA18,,AEROPLANE,Piston Engine,,FALSE,,
HB-PRY,PA-28-236,P28B,,AEROPLANE,Piston Engine,,FALSE,,
HB-PSH,PA-46-500TP,P46T,,AEROPLANE,Turboprop Engine,,FALSE,,
HB-PSK,PA-46-350P,PA46,,AEROPLANE,Turboprop Engine,,FALSE,,
HB-PST,PA-46-350P,PA46,,AEROPLANE,Turboprop Engine,,FALSE,,
HB-PTU,PA-46-350P,PA46,,AEROPLANE,Piston Engine,,FALSE,,
HB-PUB,PA-28-181,P28A,,AEROPLANE,Piston Engine,,FALSE,,
HB-PZR,PA-28-161,P28A,,AEROPLANE,Piston Engine,,FALSE,,
HB-PZS,PA-28-161,P28A,,AEROPLANE,Piston Engine,,FALSE,,
HB-QAC,LBL 31A,BALL,,BALLOON,,,FALSE,,
HB-QAM,M-130,BALL,,BALLOON,,,FALSE,,
HB-QAT,NL-STU/640,BALL,,BALLOON,,,FALSE,,
HB-QBF,AS 105 MKII,SHIP,,BALLOON,Piston Engine,,FALSE,,
HB-QBH,LBL 150A,BALL,,BALLOON,,,FALSE,,
HB-QBW,AS 105 MKII,SHIP,,BALLOON,Piston Engine,,FALSE,,
HB-QDW,BB85Z,BALL,,BALLOON,,,FALSE,,
HB-QEI,O-160,BALL,,BALLOON,,,FALSE,,
HB-QEL,105-24,BALL,,BALLOON,,,FALSE,,
HB-QFI,120A,BALL,,BALLOON,,,FALSE,,
HB-QFM,RX-9,BALL,,BALLOON,,,FALSE,,
HB-QGF,SPECIAL SHAPE (ORBITER),BALL,,BALLOON,,,FALSE,,
HB-QGV,A-160,BALL,,BALLOON,,,FALSE,,
HB-QGW,31A,BALL,,BALLOON,,,FALSE,,
HB-QHB,S-105,BALL,,BALLOON,,,FALSE,,
HB-QHH,BB45N,BALL,,BALLOON,,,FALSE,,
HB-QHI,FIRE BALLOONS G 34/24,BALL,,BALLOON,,,FALSE,,
HB-QIB,M-145,BALL,,BALLOON,,,FALSE,,
HB-QIE,S-64A,BALL,,BALLOON,,,FALSE,,
HB-QIG,BB30Z,BALL,,BALLOON,,,FALSE,,
HB-QIJ,BB26N,BALL,,BALLOON,,,FALSE,,
HB-QIM,FIRE BALLOONS G 34/24,BALL,,BALLOON,,,FALSE,,
HB-QIR,BB60N,BALL,,BALLOON,,,FALSE,,
HB-QIU,BB37N,BALL,,BALLOON,,,FALSE,,
HB-QJJ,12/900,BALL,,BALLOON,,,FALSE,,
HB-QJS,BB22N,BALL,,BALLOON,,,FALSE,,
HB-QJT,BB22N,BALL,,BALLOON,,,FALSE,,
HB-QJY,M-130,BALL,,BALLOON,,,FALSE,,
HB-QKC,BB26,BALL,,BALLOON,,,FALSE,,
HB-QKE,FIRE BALLOONS G 42/24,BALL,,BALLOON,,,FALSE,,
HB-QKF,NL-STU/1000,BALL,,BALLOON,,,FALSE,,
HB-QKH,BB45N,BALL,,BALLOON,,,FALSE,,
HB-QKP,BB45N,BALL,,BALLOON,,,FALSE,,
HB-QKQ,Z-275,BALL,,BALLOON,,,FALSE,,
HB-QKR,Z-120,BALL,,BALLOON,,,FALSE,,
HB-QKS,Z-90,BALL,,BALLOON,,,FALSE,,
HB-QKT,120A,BALL,,BALLOON,,,FALSE,,
HB-QKZ,BB45N,BALL,,BALLOON,,,FALSE,,
HB-QLG,Z-180,BALL,,BALLOON,,,FALSE,,
HB-QLN,M-77C,BALL,,BALLOON,,,FALSE,,
HB-QLS,Z-77,BALL,,BALLOON,,,FALSE,,
HB-QLT,AS 105 GD,SHIP,,Airship (Hot-air),Piston Engine,,FALSE,,
HB-QMA,BB37N,BALL,,BALLOON,,,FALSE,,
HB-QMN,BB30N,BALL,,BALLOON,,,FALSE,,
HB-QMT,BB34Z,BALL,,BALLOON,,,FALSE,,
HB-QMU,Z-275,BALL,,BALLOON,,,FALSE,,
HB-QMW,V-77,BALL,,BALLOON,,,FALSE,,
HB-QNE,FIRE BALLOONS G 30/24,BALL,,BALLOON,,,FALSE,,
HB-QNF,Z-69,BALL,,BALLOON,,,FALSE,,
HB-QNH,Z-69,BALL,,BALLOON,,,FALSE,,
HB-QNJ,Z-180,BALL,,BALLOON,,,FALSE,,
HB-QNK,Z-180,BALL,,BALLOON,,,FALSE,,
HB-QNM,LBL 69X,BALL,,BALLOON,,,FALSE,,
HB-QNN,SPECIAL SHAPE (CUP-110),BALL,,BALLOON,,,FALSE,,
HB-QNO,Z-105,BALL,,BALLOON,,,FALSE,,
HB-QNX,FIRE BALLOONS G 42/24,BALL,,BALLOON,,,FALSE,,
HB-QNY,M-160,BALL,,BALLOON,,,FALSE,,
HB-QNZ,BB45Z,BALL,,BALLOON,,,FALSE,,
HB-QOB,SPECIAL SHAPE (COLT FLYING HUT),BALL,,BALLOON,,,FALSE,,
HB-QOC,SPECIAL SHAPE (COLT FLYING SHUTTLECOCK),BALL,,BALLOON,,,FALSE,,
HB-QOD,BB37Z,BALL,,BALLOON,,,FALSE,,
HB-QOJ,SPECIAL SHAPE (RX-105),BALL,,BALLOON,,,FALSE,,
HB-QON,BB42Z,BALL,,BALLOON,,,FALSE,,
HB-QOO,Z-90,BALL,,BALLOON,,,FALSE,,
HB-QOQ,LBL 180A,BALL,,BALLOON,,,FALSE,,
HB-QOT,Z-140,BALL,,BALLOON,,,FALSE,,
HB-QOU,BB85Z,BALL,,BALLOON,,,FALSE,,
HB-QOX,BB45Z,BALL,,BALLOON,,,FALSE,,
HB-QOZ,BB37N,BALL,,BALLOON,,,FALSE,,
HB-QPA,Z-120,BALL,,BALLOON,,,FALSE,,
HB-QPB,Z-140,BALL,,BALLOON,,,FALSE,,
HB-QPD,BB40Z,BALL,,BALLOON,,,FALSE,,
HB-QPF,M-77C,BALL,,BALLOON,,,FALSE,,
HB-QPH,BB22Z,BALL,,BALLOON,,,FALSE,,
HB-QPJ,NL-STU/1000,BALL,,BALLOON,,,FALSE,,
HB-QPP,M-77C,BALL,,BALLOON,,,FALSE,,
HB-QPQ,BB45Z,BALL,,BALLOON,,,FALSE,,
HB-QPR,Z-180,BALL,,BALLOON,,,FALSE,,
HB-QPS,M-90,BALL,,BALLOON,,,FALSE,,
HB-QPT,Z-105,BALL,,BALLOON,,,FALSE,,
HB-QPW,M-130,BALL,,BALLOON,,,FALSE,,
HB-QQA,FIRE BALLOONS G 30/24,BALL,,BALLOON,,,FALSE,,
HB-QQB,12/2000,BALL,,BALLOON,,,FALSE,,
HB-QQC,Z-315,BALL,,BALLOON,,,FALSE,,
HB-QQD,M-145,BALL,,BALLOON,,,FALSE,,
HB-QQE,Z-275,BALL,,BALLOON,,,FALSE,,
HB-QQF,Z-120,BALL,,BALLOON,,,FALSE,,
HB-QQG,Z-225,BALL,,BALLOON,,,FALSE,,
HB-QQH,BB-S (HANDY),BALL,,BALLOON,,,FALSE,,
HB-QQI,BB70Z,BALL,,BALLOON,,,FALSE,,
HB-QQJ,Z-120,BALL,,BALLOON,,,FALSE,,
HB-QQK,FIRE BALLOONS G 26/24,BALL,,BALLOON,,,FALSE,,
HB-QQL,M-77,BALL,,BALLOON,,,FALSE,,
HB-QQM,FIRE BALLOONS G 33/24,BALL,,BALLOON,,,FALSE,,
HB-QQN,Z-225,BALL,,BALLOON,,,FALSE,,
HB-QQO,N-300,BALL,,BALLOON,,,FALSE,,
HB-QQR,FIRE BALLOONS G 30/24,BALL,,BALLOON,,,FALSE,,
HB-QQS,SPECIAL SHAPE (F-41 EINSTEIN),BALL,,BALLOON,,,FALSE,,
HB-QQT,B-70,BALL,,BALLOON,,,FALSE,,
HB-QQU,S-130,BALL,,BALLOON,,,FALSE,,
HB-QQW,BB30Z,BALL,,BALLOON,,,FALSE,,
HB-QQX,N-300,BALL,,BALLOON,,,FALSE,,
HB-QQY,N-370,BALL,,BALLOON,,,FALSE,,
HB-QQZ,N-425,BALL,,BALLOON,,,FALSE,,
HB-QRA,LBL 140A,BALL,,BALLOON,,,FALSE,,
HB-QRB,BB40Z,BALL,,BALLOON,,,FALSE,,
HB-QRE,M-145,BALL,,BALLOON,,,FALSE,,
HB-QRF,Z-160,BALL,,BALLOON,,,FALSE,,
HB-QRG,BB34Z,BALL,,BALLOON,,,FALSE,,
HB-QRH,LBL 150A,BALL,,BALLOON,,,FALSE,,
HB-QRI,M-120,BALL,,BALLOON,,,FALSE,,
HB-QRK,BB34Z,BALL,,BALLOON,,,FALSE,,
HB-QRM,FIRE BALLOONS G 34/24,BALL,,BALLOON,,,FALSE,,
HB-QRN,M-160,BALL,,BALLOON,,,FALSE,,
HB-QRP,M-145,BALL,,BALLOON,,,FALSE,,
HB-QRQ,LBL 425A,BALL,,BALLOON,,,FALSE,,
HB-QRR,M-120,BALL,,BALLOON,,,FALSE,,
HB-QRS,M-120,BALL,,BALLOON,,,FALSE,,
HB-QRU,Z-105,BALL,,BALLOON,,,FALSE,,
HB-QRV,NL-STU/1000,BALL,,BALLOON,,,FALSE,,
HB-QRW,FIRE BALLOONS G 22/24,BALL,,BALLOON,,,FALSE,,
HB-QRX,FIRE BALLOONS G 30/24,BALL,,BALLOON,,,FALSE,,
HB-QRY,N-300,BALL,,BALLOON,,,FALSE,,
HB-QRZ,FIRE BALLOONS G 36/24,BALL,,BALLOON,,,FALSE,,
HB-QSA,BB26N,BALL,,BALLOON,,,FALSE,,
HB-QSJ,AS 105 MKII,SHIP,,Airship (Hot-air),Electrical Engine,,FALSE,,
HB-QSM,FIRE BALLOONS G 30/24,BALL,,BALLOON,,,FALSE,,
HB-QSN,B-70,BALL,,BALLOON,,,FALSE,,
HB-QST,FIRE BALLOONS G 30/24,BALL,,BALLOON,,,FALSE,,
HB-QSU,BB26N,BALL,,BALLOON,,,FALSE,,
HB-QSV,BB30Z,BALL,,BALLOON,,,FALSE,,
HB-QSW,H-42,BALL,,BALLOON,,,FALSE,,
HB-QTA,BB26N,BALL,,BALLOON,,,FALSE,,
HB-QTB,XP M56,BALL,,BALLOON,,,FALSE,,
HB-QTC,M-56,BALL,,BALLOON,,,FALSE,,
HB-QTD,N-210,BALL,,BALLOON,,,FALSE,,
HB-QTF,LBL 120A,BALL,,BALLOON,,,FALSE,,
HB-QTG,N-210,BALL,,BALLOON,,,FALSE,,
HB-QTI,LBL 120A,BALL,,BALLOON,,,FALSE,,
HB-QTJ,BB34Z,BALL,,BALLOON,,,FALSE,,
HB-QTK,M-120,BALL,,BALLOON,,,FALSE,,
HB-QTN,BB37Z,BALL,,BALLOON,,,FALSE,,
HB-QTO,S-50,BALL,,BALLOON,,,FALSE,,
HB-QTP,N-180,BALL,,BALLOON,,,FALSE,,
HB-QTQ,TR-77,BALL,,BALLOON,,,FALSE,,
HB-QTX,M-120,BALL,,BALLOON,,,FALSE,,
HB-QTZ,Z-105,BALL,,BALLOON,,,FALSE,,
HB-QUB,BB22XR,BALL,,BALLOON,,,FALSE,,
HB-QUC,BB16,BALL,,BALLOON,,,FALSE,,
HB-QUH,BB45Z,BALL,,BALLOON,,,FALSE,,
HB-QUI,BB26Z,BALL,,BALLOON,,,FALSE,,
HB-QUJ,BB22E,BALL,,BALLOON,,,FALSE,,
HB-QUL,A-180,BALL,,BALLOON,,,FALSE,,
HB-QUM,M-90,BALL,,BALLOON,,,FALSE,,
HB-QUO,Z-90,BALL,,BALLOON,,,FALSE,,
HB-QUP,S-70,BALL,,BALLOON,,,FALSE,,
HB-QUQ,BB34Z,BALL,,BALLOON,,,FALSE,,
HB-QUS,BB26Z,BALL,,BALLOON,,,FALSE,,
HB-QUT,BB45Z,BALL,,BALLOON,,,FALSE,,
HB-QUU,AF-SS-73,BALL,,BALLOON,,,FALSE,,
HB-QUV,FIRE BALLOONS G 42/24,BALL,,BALLOON,,,FALSE,,
HB-QUX,N-180,BALL,,BALLOON,,,FALSE,,
HB-QUY,T-210,BALL,,BALLOON,,,FALSE,,
HB-QUZ,BB37Z,BALL,,BALLOON,,,FALSE,,
HB-QVC,M-65C,BALL,,BALLOON,,,FALSE,,
HB-QVD,M-105,BALL,,BALLOON,,,FALSE,,
HB-QVG,M-120,BALL,,BALLOON,,,FALSE,,
HB-QVH,BB20E,BALL,,BALLOON,,,FALSE,,
HB-QVI,BB20E,BALL,,BALLOON,,,FALSE,,
HB-QVK,FIRE BALLOONS G 34/24,BALL,,BALLOON,,,FALSE,,
HB-QVL,M-120,BALL,,BALLOON,,,FALSE,,
HB-QVM,M-145,BALL,,BALLOON,,,FALSE,,
HB-QVN,M-65C,BALL,,BALLOON,,,FALSE,,
HB-QVP,N-180,BALL,,BALLOON,,,FALSE,,
HB-QVQ,H-42,BALL,,BALLOON,,,FALSE,,
HB-QVR,BB92Z,BALL,,BALLOON,,,FALSE,,
HB-QVS,AS 105 MKII,SHIP,,BALLOON,Piston Engine,,FALSE,,
HB-QVT,M-90,BALL,,BALLOON,,,FALSE,,
HB-QVV,SPECIAL SHAPE (F-21 CEPSA),BALL,,BALLOON,,,FALSE,,
HB-QVX,M-65C,BALL,,BALLOON,,,FALSE,,
HB-QVY,M-90,BALL,,BALLOON,,,FALSE,,
HB-QWA,M-90,BALL,,BALLOON,,,FALSE,,
HB-QWC,M-77,BALL,,BALLOON,,,FALSE,,
HB-QWD,BB37Z,BALL,,BALLOON,,,FALSE,,
HB-QWE,B-70,BALL,,BALLOON,,,FALSE,,
HB-QWF,FIRE BALLOONS G 30/24,BALL,,BALLOON,,,FALSE,,
HB-QWG,FIRE BALLOONS G 36/24,BALL,,BALLOON,,,FALSE,,
HB-QWH,FIRE BALLOONS G 20/24,BALL,,BALLOON,,,FALSE,,
HB-QWJ,N-210,BALL,,BALLOON,,,FALSE,,
HB-QWK,M-105,BALL,,BALLOON,,,FALSE,,
HB-QWM,M-90,BALL,,BALLOON,,,FALSE,,
HB-QWN,Z-120,BALL,,BALLOON,,,FALSE,,
HB-QWO,BB92Z,BALL,,BALLOON,,,FALSE,,
HB-QWP,FIRE BALLOONS G 34/24,BALL,,BALLOON,,,FALSE,,
HB-QWQ,N-180,BALL,,BALLOON,,,FALSE,,
HB-QWR,M-90,BALL,,BALLOON,,,FALSE,,
HB-QWU,FIRE BALLOONS G 34/24,BALL,,BALLOON,,,FALSE,,
HB-QWV,NL-STU/1000,BALL,,BALLOON,,,FALSE,,
HB-QWW,M-120,BALL,,BALLOON,,,FALSE,,
HB-QWX,M-120,BALL,,BALLOON,,,FALSE,,
HB-QWY,B-70,BALL,,BALLOON,,,FALSE,,
HB-QWZ,BB26E,BALL,,BALLOON,,,FALSE,,
HB-QXC,M-120,BALL,,BALLOON,,,FALSE,,
HB-QXD,B-55,BALL,,BALLOON,,,FALSE,,
HB-QXE,M-77C,BALL,,BALLOON,,,FALSE,,
HB-QXF,FIRE BALLOONS G 22/24,BALL,,BALLOON,,,FALSE,,
HB-QXG,Z-120,BALL,,BALLOON,,,FALSE,,
HB-QXH,B-70,BALL,,BALLOON,,,FALSE,,
HB-QXI,B-70,BALL,,BALLOON,,,FALSE,,
HB-QXK,DC 2200 F16,BALL,,BALLOON,,,FALSE,,
HB-QXL,N-370,BALL,,BALLOON,,,FALSE,,
HB-QXM,M-145,BALL,,BALLOON,,,FALSE,,
HB-QXN,N-300,BALL,,BALLOON,,,FALSE,,
HB-QXO,N-355,BALL,,BALLOON,,,FALSE,,
HB-QXP,FIRE BALLOONS G 34/24,BALL,,BALLOON,,,FALSE,,
HB-QXR,BB37Z,BALL,,BALLOON,,,FALSE,,
HB-QXS,20-1650,BALL,,BALLOON,,,FALSE,,
HB-QXV,WeDOO2000,BALL,,BALLOON,,,FALSE,,
HB-QXW,M-160,BALL,,BALLOON,,,FALSE,,
HB-QXZ,B-70,BALL,,BALLOON,,,FALSE,,
HB-QYA,M-90,BALL,,BALLOON,,,FALSE,,
HB-QYB,M-120,BALL,,BALLOON,,,FALSE,,
HB-QYC,SPECIAL SHAPE (PM-80),BALL,,BALLOON,,,FALSE,,
HB-QYH,BB30Z,BALL,,BALLOON,,,FALSE,,
HB-QYI,M-77,BALL,,BALLOON,,,FALSE,,
HB-QYL,M-120,BALL,,BALLOON,,,FALSE,,
HB-QYM,N-210,BALL,,BALLOON,,,FALSE,,
HB-QYN,BB17XR,BALL,,BALLOON,,,FALSE,,
HB-QYO,LINDSTRAND SPECIAL SHAPE (LBL STOVE),BALL,,BALLOON,,,FALSE,,
HB-QYQ,BB-S (QUICKLINE),BALL,,BALLOON,,,FALSE,,
HB-QYS,M-145,BALL,,BALLOON,,,FALSE,,
HB-QYT,N-210,BALL,,BALLOON,,,FALSE,,
HB-QYU,H-42,BALL,,BALLOON,,,FALSE,,
HB-QYV,NL-STU/510,BALL,,BALLOON,,,FALSE,,
HB-QYX,BB34Z,BALL,,BALLOON,,,FALSE,,
HB-QYZ,SPECIAL SHAPE (S CAN-100),BALL,,BALLOON,,,FALSE,,
HB-QZA,M-120,BALL,,BALLOON,,,FALSE,,
HB-QZC,G-90,BALL,,BALLOON,,,FALSE,,
HB-QZD,FIRE BALLOONS G 34/24,BALL,,BALLOON,,,FALSE,,
HB-QZE,BB45Z,BALL,,BALLOON,,,FALSE,,
HB-QZF,BB51Z,BALL,,BALLOON,,,FALSE,,
HB-QZG,BB45Z,BALL,,BALLOON,,,FALSE,,
HB-QZH,BB60Z,BALL,,BALLOON,,,FALSE,,
HB-QZI,BB30E,BALL,,BALLOON,,,FALSE,,
HB-QZJ,Z-90,BALL,,BALLOON,,,FALSE,,
HB-QZL,N-180,BALL,,BALLOON,,,FALSE,,
HB-QZN,N-180,BALL,,BALLOON,,,FALSE,,
HB-QZO,N-210,BALL,,BALLOON,,,FALSE,,
HB-QZP,BB37Z,BALL,,BALLOON,,,FALSE,,
HB-QZQ,M-90,BALL,,BALLOON,,,FALSE,,
HB-QZR,N-210,BALL,,BALLOON,,,FALSE,,
HB-QZT,12/900,BALL,,BALLOON,,,FALSE,,
HB-QZV,NL-STU/1000,BALL,,BALLOON,,,FALSE,,
HB-QZW,BB37Z,BALL,,BALLOON,,,FALSE,,
HB-QZX,BB34Z,BALL,,BALLOON,,,FALSE,,
HB-QZY,BB60Z,BALL,,BALLOON,,,FALSE,,
HB-QZZ,FIRE BALLOONS G 34/24,BALL,,BALLOON,,,FALSE,,
HB-RAG,D 26,DWD2,,AEROPLANE,Piston Engine,,FALSE,,
HB-RAI,D 26,DWD2,,AEROPLANE,Piston Engine,,FALSE,,
HB-RAM,P2-06,PP2,,AEROPLANE,Piston Engine,,FALSE,,
HB-RAO,MS 317,MS31,,AEROPLANE,Piston Engine,,FALSE,,
HB-RAU,P2-05,PP2,,AEROPLANE,Piston Engine,,FALSE,,
HB-RBB,A75N1,ST75,,AEROPLANE,Piston Engine,,FALSE,,
HB-RBG,E75 (PT-13D/N2S-5),ST75,,AEROPLANE,Piston Engine,,FALSE,,
HB-RBK,P3-03,PP3,,AEROPLANE,Piston Engine,,FALSE,,
HB-RBN,P3-03,PP3,,AEROPLANE,Piston Engine,,FALSE,,
HB-RBP,P3-05,PP3,,AEROPLANE,Piston Engine,,FALSE,,
HB-RBX,P3-05,PP3,,AEROPLANE,Piston Engine,,FALSE,,
HB-RBY,P3-05,PP3,,AEROPLANE,Piston Engine,,FALSE,,
HB-RCE,P3-05,PP3,,AEROPLANE,Piston Engine,,FALSE,,
HB-RCF,D-3801,ZZZZ,,AEROPLANE,Piston Engine,,FALSE,,
HB-RCH,P3-05,PP3,,AEROPLANE,Piston Engine,,FALSE,,
HB-RCJ,P3-05,PP3,,AEROPLANE,Piston Engine,,FALSE,,
HB-RCN,T-6G,T6,,AEROPLANE,Piston Engine,,FALSE,,
HB-RCO,P3-05,PP3,,AEROPLANE,Piston Engine,,FALSE,,
HB-RCQ,P3-05,PP3,,AEROPLANE,Piston Engine,,FALSE,,
HB-RCV,BLERIOT XI,BL11,,AEROPLANE,Piston Engine,,FALSE,,
HB-RCX,YAK-18A,YK18,,AEROPLANE,Piston Engine,,FALSE,,
HB-RCY,P3-05,PP3,,AEROPLANE,Piston Engine,,FALSE,,
HB-RDG,TBM-3E,TBM,,AEROPLANE,Piston Engine,,FALSE,,
HB-RDN,AT-16,T6,,AEROPLANE,Piston Engine,,FALSE,,
HB-RGB,GRANDJEAN III,ZZZZ,,AEROPLANE,Piston Engine,,FALSE,,
HB-RIA,F 13,ZZZZ,,AEROPLANE,Piston Engine,,FALSE,,
HB-RIM,F 13,ZZZZ,,AEROPLANE,Piston Engine,,FALSE,,
HB-RIO,F 13,ZZZZ,,AEROPLANE,Piston Engine,,FALSE,,
HB-RMW,T-28C,T28,,AEROPLANE,Piston Engine,,FALSE,,
HB-RNA,NIEUPORT 23 C-1,ZZZZ,,AEROPLANE,Piston Engine,,FALSE,,
HB-RNB,NIEUPORT 23 C-1,ZZZZ,,AEROPLANE,Piston Engine,,FALSE,,
HB-RSC,1049F-55 (C-121C),CONI,,AEROPLANE,Piston Engine,,TRUE,,
HB-RTA,AT-6A,T6,,AEROPLANE,Piston Engine,,FALSE,,
HB-RTT,DA 50 C,DA50,,AEROPLANE,Piston Engine,,FALSE,,
HB-RVF,DH-115 MK.55,VAMP,,AEROPLANE,Jet Engine,,FALSE,,
HB-RVH,DH-100 MK.6,VAMP,,AEROPLANE,Jet Engine,,FALSE,,
HB-RVJ,DH-115 MK.55,VAMP,,AEROPLANE,Jet Engine,,FALSE,,
HB-RVN,DH-100 MK.6,VAMP,,AEROPLANE,Jet Engine,,FALSE,,
HB-RVS,HUNTER MK.58,HUNT,,AEROPLANE,Jet Engine,,FALSE,,
HB-RXD,UH-1D,UH1,,HELICOPTER,Turboshaft Engine,,FALSE,,
HB-SAC,GY 201,GY20,,AEROPLANE,Piston Engine,,FALSE,,
HB-SAE,JODEL D 9,ZZZZ,,AEROPLANE,Piston Engine,,FALSE,,
HB-SAG,GY 20,GY20,,AEROPLANE,Piston Engine,,FALSE,,
HB-SAJ,BRISTELL B23-915,BR23,,AEROPLANE,Piston Engine,,FALSE,,
HB-SAP,CAP 10B,CP10,,AEROPLANE,Piston Engine,,FALSE,,
HB-SAX,CAP 10B,CP10,,AEROPLANE,Piston Engine,,FALSE,,
HB-SBE,CAP 10B,CP10,,AEROPLANE,Piston Engine,,FALSE,,
HB-SBS,CAP 10B,CP10,,AEROPLANE,Piston Engine,,FALSE,,
HB-SBY,CAP 10B,CP10,,AEROPLANE,Piston Engine,,FALSE,,
HB-SCL,DV 20,DV20,,AEROPLANE,Piston Engine,,FALSE,,
HB-SCN,DV 20,DV20,,AEROPLANE,Piston Engine,,FALSE,,
HB-SCP,DV 20,DV20,,AEROPLANE,Piston Engine,,FALSE,,
HB-SCS,DV 20,DV20,,AEROPLANE,Piston Engine,,FALSE,,
HB-SCT,DV 20,DV20,,AEROPLANE,Piston Engine,,FALSE,,
HB-SCU,DV 20,DV20,,AEROPLANE,Piston Engine,,FALSE,,
HB-SCZ,DA20-A1,DV20,,AEROPLANE,Piston Engine,,FALSE,,
HB-SDB,DA 40,DA40,,AEROPLANE,Piston Engine,,FALSE,,
HB-SDC,DA 40,DA40,,AEROPLANE,Piston Engine,,FALSE,,
HB-SDD,DA 40 D,DA40,,AEROPLANE,Piston Engine,,FALSE,,
HB-SDF,DA 40,DA40,,AEROPLANE,Piston Engine,,FALSE,,
HB-SDI,DV 20,DV20,,AEROPLANE,Piston Engine,,FALSE,,
HB-SDM,DA 42,DA42,,AEROPLANE,Piston Engine,,FALSE,,
HB-SDP,DA 40 D,DA40,,AEROPLANE,Piston Engine,,FALSE,,
HB-SDR,DA 40,DA40,,AEROPLANE,Piston Engine,,FALSE,,
HB-SDS,DA 40 NG,DA40,,AEROPLANE,Piston Engine,,FALSE,,
HB-SDT,DA 40 D,DA40,,AEROPLANE,Piston Engine,,FALSE,,
HB-SEF,CP 301 S,CP30,,AEROPLANE,Piston Engine,,FALSE,,
HB-SEH,JODEL D 140 C,D140,,AEROPLANE,Piston Engine,,FALSE,,
HB-SEL,CP 301 S,CP30,,AEROPLANE,Piston Engine,,FALSE,,
HB-SEW,JODEL DR 1050,DR10,,AEROPLANE,Piston Engine,,FALSE,,
HB-SEX,ERLA 5A,ZZZZ,,AEROPLANE,Piston Engine,,FALSE,,
HB-SEY,JODEL D 120,D11,,AEROPLANE,Piston Engine,,FALSE,,
HB-SFA,JODEL D 140 E,D140,,AEROPLANE,Piston Engine,,FALSE,,
HB-SFB,JODEL D 140 E,D140,,AEROPLANE,Piston Engine,,FALSE,,
HB-SFC,DA 40,DA40,,AEROPLANE,Piston Engine,,FALSE,,
HB-SFD,JODEL D 140 C,D140,,AEROPLANE,Piston Engine,,FALSE,,
HB-SFF,JODEL D 140 C,D140,,AEROPLANE,Piston Engine,,FALSE,,
HB-SFJ,DA 40,DA40,,AEROPLANE,Piston Engine,,FALSE,,
HB-SFM,DA 40,DA40,,AEROPLANE,Piston Engine,,FALSE,,
HB-SFS,AT01,A210,,AEROPLANE,Piston Engine,,FALSE,,
HB-SFU,AT01,A210,,AEROPLANE,Piston Engine,,FALSE,,
HB-SFX,AT01,A210,,AEROPLANE,Piston Engine,,FALSE,,
HB-SFZ,DA 40,DA40,,AEROPLANE,Piston Engine,,FALSE,,
HB-SGD,DA 40 NG,DA40,,AEROPLANE,Piston Engine,,FALSE,,
HB-SGE,DA 40,DA40,,AEROPLANE,Piston Engine,,FALSE,,
HB-SGF,DV 20,DV20,,AEROPLANE,Piston Engine,,FALSE,,
HB-SGJ,DA 40 NG,DA40,,AEROPLANE,Piston Engine,,FALSE,,
HB-SGK,DA20-C1,DV20,,AEROPLANE,Piston Engine,,FALSE,,
HB-SGL,DA20-C1,DV20,,AEROPLANE,Piston Engine,,FALSE,,
HB-SGM,DV 20,DV20,,AEROPLANE,Piston Engine,,FALSE,,
HB-SGN,DA 40 NG,DA40,,AEROPLANE,Piston Engine,,FALSE,,
HB-SGO,DA 40 NG,DA40,,AEROPLANE,Piston Engine,,FALSE,,
HB-SGP,DA 40 NG,DA40,,AEROPLANE,Piston Engine,,FALSE,,
HB-SGR,DA 40 NG,DA40,,AEROPLANE,Piston Engine,,FALSE,,
HB-SGS,DA 40 NG,DA40,,AEROPLANE,Piston Engine,,FALSE,,
HB-SGT,AT01-100C,A210,,AEROPLANE,Piston Engine,,FALSE,,
HB-SGV,DA 40 NG,DA40,,AEROPLANE,Piston Engine,,FALSE,,
HB-SGW,AT01-100B,A210,,AEROPLANE,Piston Engine,,FALSE,,
HB-SGY,DA 40 NG,DA40,,AEROPLANE,Piston Engine,,FALSE,,
HB-SGZ,AT01-100C,A210,,AEROPLANE,Piston Engine,,FALSE,,
HB-SHA,DA 40 NG,DA40,,AEROPLANE,Piston Engine,,FALSE,,
HB-SHB,DA 40 NG,DA40,,AEROPLANE,Piston Engine,,FALSE,,
HB-SHC,DA 40 NG,DA40,,AEROPLANE,Piston Engine,,FALSE,,
HB-SHL,DA 40 NG,DA40,,AEROPLANE,Piston Engine,,FALSE,,
HB-SHW,SLING HW,SLH4,,AEROPLANE,Hydrogen-Electric,,FALSE,,
HB-SOG,JODEL D 112,D11,,AEROPLANE,Piston Engine,,FALSE,,
HB-SOH,JODEL D 11,D11,,AEROPLANE,Piston Engine,,FALSE,,
HB-SOI,TURBULENT,D31,,AEROPLANE,Piston Engine,,FALSE,,
HB-SOP,JODEL D 11,D11,,AEROPLANE,Piston Engine,,FALSE,,
HB-SPH,GY 201,GY20,,AEROPLANE,Piston Engine,,FALSE,,
HB-SPK,DA 40,DA40,,AEROPLANE,Piston Engine,,FALSE,,
HB-SPM,POTEZ 600,PO60,,AEROPLANE,Piston Engine,,FALSE,,
HB-SPP,SIPA 903,S900,,AEROPLANE,Piston Engine,,FALSE,,
HB-SPQ,NIPPER T.66 RA45 SERIES 3,NIPR,,AEROPLANE,Piston Engine,,FALSE,,
HB-SPV,SIPA 903,S900,,AEROPLANE,Piston Engine,,FALSE,,
HB-SPX,JODEL D 120,D11,,AEROPLANE,Piston Engine,,FALSE,,
HB-STA,ENDURO,ZZZZ,,AEROPLANE,Piston Engine,,FALSE,,
HB-STU,SLING TSi,SLG4,,AEROPLANE,Electrical Engine,,FALSE,,
HB-SUD,JODEL D 11-2,D11,,AEROPLANE,Piston Engine,,FALSE,,
HB-SUN,JODEL D 9,ZZZZ,,AEROPLANE,Piston Engine,,FALSE,,
HB-SUT,GY 201,GY20,,AEROPLANE,Piston Engine,,FALSE,,
HB-SUU,JODEL D 112,D11,,AEROPLANE,Piston Engine,,FALSE,,
HB-SUY,JODEL D 11,D11,,AEROPLANE,Piston Engine,,FALSE,,
HB-SVL,JODEL D 112,D11,,AEROPLANE,Piston Engine,,FALSE,,
HB-SVM,JODEL U2V,D11,,AEROPLANE,Piston Engine,,FALSE,,
HB-SVT,JODEL U2V,D11,,AEROPLANE,Piston Engine,,FALSE,,
HB-SVX,JODEL D 117 A,D11,,AEROPLANE,Piston Engine,,FALSE,,
HB-SXA,ELEKTRA TWO SOLAR,ULAC,,AEROPLANE,Electrical Engine,,FALSE,,
HB-SXC,BRISTELL B23,B23E,,AEROPLANE,Electrical Engine,,FALSE,,
HB-SXD,BRISTELL B23,B23E,,AEROPLANE,Electrical Engine,,FALSE,,
HB-SYH,VIRUS SW 128,PIVE,,AEROPLANE,Electrical Engine,,FALSE,,
HB-SYJ,VIRUS SW 128,PIVE,,AEROPLANE,Electrical Engine,,FALSE,,
HB-SYK,VIRUS SW 128,PIVE,,AEROPLANE,Electrical Engine,,FALSE,,
HB-SYN,VIRUS SW 128,PIVE,,AEROPLANE,Electrical Engine,,FALSE,,
HB-SYO,VIRUS SW 128,PIVE,,AEROPLANE,Electrical Engine,,FALSE,,
HB-SYP,VIRUS SW 128,PIVE,,AEROPLANE,Electrical Engine,,FALSE,,
HB-SYR,VIRUS SW 128,PIVE,,AEROPLANE,Electrical Engine,,FALSE,,
HB-TBD,MARABU,ZZZZ,,AEROPLANE,Piston Engine,,FALSE,,
HB-TBV,PELIKAN U3M,PKAN,,AEROPLANE,Piston Engine,,FALSE,,
HB-TBX,PELIKAN U4M,PKAN,,AEROPLANE,Piston Engine,,FALSE,,
HB-TBY,PELIKAN U4M,PKAN,,AEROPLANE,Piston Engine,,FALSE,,
HB-TBZ,PELIKAN U4M,PKAN,,AEROPLANE,Piston Engine,,FALSE,,
HB-TCC,Z 326 MF,Z26,,AEROPLANE,Piston Engine,,FALSE,,
HB-TCD,Z 143 L,Z43,,AEROPLANE,Piston Engine,,FALSE,,
HB-TCH,Z 143 L,Z43,,AEROPLANE,Piston Engine,,FALSE,,
HB-TCN,F152,C152,,AEROPLANE,Piston Engine,,FALSE,,
HB-TCS,P210N,P210,,AEROPLANE,Piston Engine,,FALSE,,
HB-TCT,182T,C182,,AEROPLANE,Piston Engine,,FALSE,,
HB-TDA,172S,C172,,AEROPLANE,Piston Engine,,FALSE,,
HB-TDB,172S,C172,,AEROPLANE,Piston Engine,,FALSE,,
HB-TDC,172S,C172,,AEROPLANE,Piston Engine,,FALSE,,
HB-TDD,172S,C172,,AEROPLANE,Piston Engine,,FALSE,,
HB-TDI,208,C208,,AEROPLANE,Turboprop Engine,,FALSE,,
HB-TDM,T182T,C182,,AEROPLANE,Piston Engine,,FALSE,,
HB-TDR,182S,C182,,AEROPLANE,Piston Engine,,FALSE,,
HB-TDZ,208B,C208,,AEROPLANE,Turboprop Engine,,FALSE,,
HB-TEA,172R,C172,,AEROPLANE,Piston Engine,,FALSE,,
HB-TEB,172R,C172,,AEROPLANE,Piston Engine,,FALSE,,
HB-TEE,172S,C172,,AEROPLANE,Piston Engine,,FALSE,,
HB-TEF,182T,C182,,AEROPLANE,Piston Engine,,FALSE,,
HB-TEN,208B,C208,,AEROPLANE,Turboprop Engine,,FALSE,,
HB-TER,182T,C182,,AEROPLANE,Piston Engine,,FALSE,,
HB-TGK,182T,C182,,AEROPLANE,Piston Engine,,FALSE,,
HB-TIB,MBB-BK117 D-3,EC45,,HELICOPTER,Turboshaft Engine,,FALSE,,
HB-TIC,MBB-BK117 D-3,EC45,,HELICOPTER,Turboshaft Engine,,FALSE,,
HB-TID,MBB-BK117 D-3,EC45,,HELICOPTER,Turboshaft Engine,,FALSE,,
HB-TIE,MBB-BK117 D-3,EC45,,HELICOPTER,Turboshaft Engine,,FALSE,,
HB-TIF,MBB-BK117 D-3,EC45,,HELICOPTER,Turboshaft Engine,,FALSE,,
HB-TIG,MBB-BK117 D-3,EC45,,HELICOPTER,Turboshaft Engine,,FALSE,,
HB-TIH,MBB-BK117 D-3,EC45,,HELICOPTER,Turboshaft Engine,,FALSE,,
HB-TII,MBB-BK117 D-3,EC45,,HELICOPTER,Turboshaft Engine,,FALSE,,
HB-TIJ,MBB-BK117 D-3,EC45,,HELICOPTER,Turboshaft Engine,,FALSE,,
HB-TIK,MBB-BK117 D-3,EC45,,HELICOPTER,Turboshaft Engine,,FALSE,,
HB-TIL,MBB-BK117 D-3,EC45,,HELICOPTER,Turboshaft Engine,,FALSE,,
HB-TIM,MBB-BK117 D-3,EC45,,HELICOPTER,Turboshaft Engine,,FALSE,,
HB-TIN,MBB-BK117 D-3,EC45,,HELICOPTER,Turboshaft Engine,,FALSE,,
HB-TIO,MBB-BK117 D-3,EC45,,HELICOPTER,Turboshaft Engine,,FALSE,,
HB-TLL,182P,C182,,AEROPLANE,Piston Engine,,FALSE,,
HB-TLM,182T,C182,,AEROPLANE,Piston Engine,,FALSE,,
HB-TMT,A185F,C185,,AEROPLANE,Piston Engine,,FALSE,,
HB-TNT,T206H,C206,,AEROPLANE,Piston Engine,,FALSE,,
HB-TOP,182T,C182,,AEROPLANE,Piston Engine,,FALSE,,
HB-TOY,T182T,C182,,AEROPLANE,Piston Engine,,FALSE,,
HB-TPD,172S,C172,,AEROPLANE,Piston Engine,,FALSE,,
HB-TRQ,Z 526 ASM,Z26,,AEROPLANE,Piston Engine,,FALSE,,
HB-TRY,STINSON L-5,L5,,AEROPLANE,Piston Engine,,FALSE,,
HB-TSN,152,C152,,AEROPLANE,Piston Engine,,FALSE,,
HB-TSW,182T,C182,,AEROPLANE,Piston Engine,,FALSE,,
HB-TSZ,T182T,C182,,AEROPLANE,Piston Engine,,FALSE,,
HB-TUT,DHC-1 MK.22,DHC1,,AEROPLANE,Piston Engine,,FALSE,,
HB-TXN,152,C152,,AEROPLANE,Piston Engine,,FALSE,,
HB-TYR,T206H,C206,,AEROPLANE,Piston Engine,,FALSE,,
HB-TZM,T182T,C182,,AEROPLANE,Piston Engine,,FALSE,,
HB-UAL,7GCB,CH7B,,AEROPLANE,Piston Engine,,FALSE,,
HB-UAY,7GCBC,GC7B,,AEROPLANE,Piston Engine,,FALSE,,
HB-UBC,DH 82 A,DH82,,AEROPLANE,Piston Engine,,FALSE,,
HB-UBK,KL 35D,KL35,,AEROPLANE,Piston Engine,,FALSE,,
HB-UBO,DH 60 G III,DH60,,AEROPLANE,Piston Engine,,FALSE,,
HB-UCH,AA-5B,AA5,,AEROPLANE,Piston Engine,,FALSE,,
HB-UCL,AA-5B,AA5,,AEROPLANE,Piston Engine,,FALSE,,
HB-UCM,AA-5B,AA5,,AEROPLANE,Piston Engine,,FALSE,,
HB-UCT,SC 01,SC01,,AEROPLANE,Piston Engine,,FALSE,,
HB-UCV,SC 01B-160,SC01,,AEROPLANE,Piston Engine,,FALSE,,
HB-UCY,SC 01B-160,SC01,,AEROPLANE,Piston Engine,,FALSE,,
HB-UDB,1.131-E SERIE 2000,BU31,,AEROPLANE,Piston Engine,,FALSE,,
HB-UDC,AG-5B,AA5,,AEROPLANE,Piston Engine,,FALSE,,
HB-UEG,BÖLKOW BO 209,B209,,AEROPLANE,Piston Engine,,FALSE,,
HB-UGH,"11BC ""CONV""",AR11,,AEROPLANE,Piston Engine,,FALSE,,
HB-UGM,11AC,AR11,,AEROPLANE,Piston Engine,,FALSE,,
HB-UOD,F.8-L 4,F8L,,AEROPLANE,Piston Engine,,FALSE,,
HB-UOH,F.8-L,F8L,,AEROPLANE,Piston Engine,,FALSE,,
HB-UPD,BÖLKOW BO 208 C,JUNR,,AEROPLANE,Piston Engine,,FALSE,,
HB-UPE,DH 60 G III,DH60,,AEROPLANE,Piston Engine,,FALSE,,
HB-UPH,BÖLKOW BO 208 C,JUNR,,AEROPLANE,Piston Engine,,FALSE,,
HB-UPM,DH 82 A,DH82,,AEROPLANE,Piston Engine,,FALSE,,
HB-UPP,DH 82 A,DH82,,AEROPLANE,Piston Engine,,FALSE,,
HB-UPR,STAMPE SV 4 A,SV4,,AEROPLANE,Piston Engine,,FALSE,,
HB-UPS,STAMPE SV 4 C,SV4,,AEROPLANE,Piston Engine,,FALSE,,
HB-UPZ,YMF F5C,WACF,,AEROPLANE,Piston Engine,,FALSE,,
HB-URD,BÜ 131 APM,BU31,,AEROPLANE,Piston Engine,,FALSE,,
HB-URF,BÜ 131 APM,BU31,,AEROPLANE,Piston Engine,,FALSE,,
HB-USA,BÜ-181 B-1,BU81,,AEROPLANE,Piston Engine,,FALSE,,
HB-USB,BÜ 131,BU31,,AEROPLANE,Piston Engine,,FALSE,,
HB-USD,BÜ 131 APM,BU31,,AEROPLANE,Piston Engine,,FALSE,,
HB-USF,F.8-L 4,F8L,,AEROPLANE,Piston Engine,,FALSE,,
HB-USM,BÜ 131 APM,BU31,,AEROPLANE,Piston Engine,,FALSE,,
HB-UTH,BÜ 131 R150,BU31,,AEROPLANE,Piston Engine,,FALSE,,
HB-UTN,BÜ 131,BU31,,AEROPLANE,Piston Engine,,FALSE,,
HB-UTX,BÜ 131 APM,BU31,,AEROPLANE,Piston Engine,,FALSE,,
HB-UUA,BÜ 131 APM,BU31,,AEROPLANE,Piston Engine,,FALSE,,
HB-UUC,BÜ 131,BU31,,AEROPLANE,Piston Engine,,FALSE,,
HB-UUD,BÜ 131 APM,BU31,,AEROPLANE,Piston Engine,,FALSE,,
HB-UUF,BÜ 131 APM,BU31,,AEROPLANE,Piston Engine,,FALSE,,
HB-UUH,BÜ 131 APM,BU31,,AEROPLANE,Piston Engine,,FALSE,,
HB-UUI,BÜ 131 APM,BU31,,AEROPLANE,Piston Engine,,FALSE,,
HB-UUL,BÜ 131 APM,BU31,,AEROPLANE,Piston Engine,,FALSE,,
HB-UUM,BÜ 131 APM,BU31,,AEROPLANE,Piston Engine,,FALSE,,
HB-UUN,BÜ 131 APM,BU31,,AEROPLANE,Piston Engine,,FALSE,,
HB-UUO,BÜ 131 APM,BU31,,AEROPLANE,Piston Engine,,FALSE,,
HB-UUP,BÜ 131 APM,BU31,,AEROPLANE,Piston Engine,,FALSE,,
HB-UUR,BÜ 131,BU31,,AEROPLANE,Piston Engine,,FALSE,,
HB-UUS,BÜ 131 APM,BU31,,AEROPLANE,Piston Engine,,FALSE,,
HB-UUU,BÜ 131 APM,BU31,,AEROPLANE,Piston Engine,,FALSE,,
HB-UUV,BÜ 131 APM,BU31,,AEROPLANE,Piston Engine,,FALSE,,
HB-UUW,BÜ 131 APM,BU31,,AEROPLANE,Piston Engine,,FALSE,,
HB-UUY,BÜ 131 APM,BU31,,AEROPLANE,Piston Engine,,FALSE,,
HB-UUZ,BÜ 131 APM,BU31,,AEROPLANE,Piston Engine,,FALSE,,
HB-UVE,BÜ 131 APM,BU31,,AEROPLANE,Piston Engine,,FALSE,,
HB-UVF,BÜ 131 APM,BU31,,AEROPLANE,Piston Engine,,FALSE,,
HB-UVG,BÜ 131,BU31,,AEROPLANE,Piston Engine,,FALSE,,
HB-UVH,1.131-E SERIE 2000,BU31,,AEROPLANE,Piston Engine,,FALSE,,
HB-UVK,1.131-E SERIE 2000,BU31,,AEROPLANE,Piston Engine,,FALSE,,
HB-UVM,1.131-E SERIE 2000,BU31,,AEROPLANE,Piston Engine,,FALSE,,
HB-UVN,1.131-E SERIE 2000,BU31,,AEROPLANE,Piston Engine,,FALSE,,
HB-UVP,1.131-E SERIE 2000,BU31,,AEROPLANE,Piston Engine,,FALSE,,
HB-UVR,1.131-E SERIE 2000,BU31,,AEROPLANE,Piston Engine,,FALSE,,
HB-UVS,BÜ 131 APM,BU31,,AEROPLANE,Piston Engine,,FALSE,,
HB-UVT,1.131-E SERIE 2000,BU31,,AEROPLANE,Piston Engine,,FALSE,,
HB-UVU,1.131-E SERIE 2000,BU31,,AEROPLANE,Piston Engine,,FALSE,,
HB-UVV,1.131-E SERIE 2000,BU31,,AEROPLANE,Piston Engine,,FALSE,,
HB-UXL,BÖLKOW 207,KL07,,AEROPLANE,Piston Engine,,FALSE,,
HB-UXN,BÖLKOW BO 208 C,JUNR,,AEROPLANE,Piston Engine,,FALSE,,
HB-VAD,PC-24,PC24,,AEROPLANE,Jet Engine,,FALSE,,
HB-VAE,PC-24,PC24,,AEROPLANE,Jet Engine,,FALSE,,
HB-VAL,510,C510,,AEROPLANE,Jet Engine,,FALSE,,
HB-VAN,PC-24,PC24,,AEROPLANE,Jet Engine,,FALSE,,
HB-VBE,525C,C25C,,AEROPLANE,Jet Engine,,FALSE,,
HB-VCA,525,C525,,AEROPLANE,Jet Engine,,FALSE,,
HB-VCP,SF50,SF50,,AEROPLANE,Jet Engine,,FALSE,,
HB-VER,525A,C25A,,AEROPLANE,Jet Engine,,FALSE,,
HB-VGA,PC-24,PC24,,AEROPLANE,Jet Engine,,FALSE,,
HB-VGB,PC-24,PC24,,AEROPLANE,Jet Engine,,FALSE,,
HB-VGJ,PC-24,PC24,,AEROPLANE,Jet Engine,,FALSE,,
HB-VIA,525,C525,,AEROPLANE,Jet Engine,,FALSE,,
HB-VJT,525C,C25C,,AEROPLANE,Jet Engine,,FALSE,,
HB-VOQ,BAE.125 SERIES 1000A,H25C,,AEROPLANE,Jet Engine,,TRUE,,
HB-VPC,525A,C25A,,AEROPLANE,Jet Engine,,FALSE,,
HB-VPI,EMB-505,E55P,,AEROPLANE,Jet Engine,,FALSE,,
HB-VPL,390,PRM1,,AEROPLANE,Jet Engine,,FALSE,,
HB-VRF,PC-24,PC24,,AEROPLANE,Jet Engine,,FALSE,,
HB-VRW,EMB-505,E55P,,AEROPLANE,Jet Engine,,FALSE,,
HB-VSA,PC-24,PC24,,AEROPLANE,Jet Engine,,FALSE,,
HB-VTM,PC-24,PC24,,AEROPLANE,Jet Engine,,FALSE,,
HB-VTS,390,PRM1,,AEROPLANE,Jet Engine,,FALSE,,
HB-VTW,525,C525,,AEROPLANE,Jet Engine,,FALSE,,
HB-VUC5,PC-24,PC24,,AEROPLANE,Jet Engine,,FALSE,,
HB-VUE5,PC-24,PC24,,AEROPLANE,Jet Engine,,FALSE,,
HB-VUF4,PC-24,PC24,,AEROPLANE,Jet Engine,,FALSE,,
HB-VUG5,PC-24,PC24,,AEROPLANE,Jet Engine,,FALSE,,
HB-VUH5,PC-24,PC24,,AEROPLANE,Jet Engine,,FALSE,,
HB-VUI5,PC-24,PC24,,AEROPLANE,Jet Engine,,FALSE,,
HB-VUJ5,PC-24,PC24,,AEROPLANE,Jet Engine,,FALSE,,
HB-VUK5,PC-24,PC24,,AEROPLANE,Jet Engine,,FALSE,,
HB-VUL5,PC-24,PC24,,AEROPLANE,Jet Engine,,FALSE,,
HB-VUM4,PC-24,PC24,,AEROPLANE,Jet Engine,,FALSE,,
HB-VUN5,PC-24,PC24,,AEROPLANE,Jet Engine,,FALSE,,
HB-VUO5,PC-24,PC24,,AEROPLANE,Jet Engine,,FALSE,,
HB-VUP5,PC-24,PC24,,AEROPLANE,Jet Engine,,FALSE,,
HB-VUQ5,PC-24,PC24,,AEROPLANE,Jet Engine,,FALSE,,
HB-VVA,PC-24,PC24,,AEROPLANE,Jet Engine,,FALSE,,
HB-VVO,PC-24,PC24,,AEROPLANE,Jet Engine,,FALSE,,
HB-VWZ,510,C510,,AEROPLANE,Jet Engine,,FALSE,,
HB-VXB,PC-24,PC24,,AEROPLANE,Jet Engine,,FALSE,,
HB-VXZ,PC-24,PC24,,AEROPLANE,Jet Engine,,FALSE,,
HB-VYM,EMB-505,E55P,,AEROPLANE,Jet Engine,,FALSE,,
HB-WAC,EUROSTAR EV 97 MODELL 2000 VERSION R,EV97,,AEROPLANE,Piston Engine,,FALSE,,
HB-WAK,MCR-ULC,MCR1,,AEROPLANE,Piston Engine,,FALSE,,
HB-WAP,MCR-ULC,MCR1,,AEROPLANE,Piston Engine,,FALSE,,
HB-WAR,MCR-ULC,MCR1,,AEROPLANE,Piston Engine,,FALSE,,
HB-WAT,MCR-ULC,MCR1,,AEROPLANE,Piston Engine,,FALSE,,
HB-WAW,MCR-ULC,MCR1,,AEROPLANE,Piston Engine,,FALSE,,
HB-WAZ,MCR-ULC,MCR1,,AEROPLANE,Piston Engine,,FALSE,,
HB-WBA,MCR-ULC,MCR1,,AEROPLANE,Piston Engine,,FALSE,,
HB-WEB,LIGHTWING AC4,AC4,,AEROPLANE,Piston Engine,,FALSE,,
HB-WEC,LIGHTWING AC4,AC4,,AEROPLANE,Piston Engine,,FALSE,,
HB-WED,LIGHTWING AC4 GT,AC4,,AEROPLANE,Piston Engine,,FALSE,,
HB-WEF,LIGHTWING AC4 GT,AC4,,AEROPLANE,Piston Engine,,FALSE,,
HB-WEP,LIGHTWING AC4 GT,AC4,,AEROPLANE,Piston Engine,,FALSE,,
HB-WGA,M16,MM16,,HELICOPTER,Piston Engine,,FALSE,,
HB-WGB,J-RO,JRO,,HELICOPTER,Piston Engine,,FALSE,,
HB-WGC,M16,MM16,,HELICOPTER,Piston Engine,,FALSE,,
HB-WGD,ELA 10-ECLIPSE R115,EL10,,HELICOPTER,Piston Engine,,FALSE,,
HB-WGE,ELA 10-ECLIPSE R115,EL10,,HELICOPTER,Piston Engine,,FALSE,,
HB-WGG,ELA 10-ECLIPSE R115,EL10,,HELICOPTER,Piston Engine,,FALSE,,
HB-WGH,J-RO,JRO,,HELICOPTER,Piston Engine,,FALSE,,
HB-WGI,J-RO,JRO,,HELICOPTER,Piston Engine,,FALSE,,
HB-WGK,CAVALON,CLON,,HELICOPTER,Piston Engine,,FALSE,,
HB-WGP,ELA 10-ECLIPSE R115,EL10,,HELICOPTER,Piston Engine,,FALSE,,
HB-WGW,M16,MM16,,HELICOPTER,Piston Engine,,FALSE,,
HB-WGZ,J-RO,JRO,,HELICOPTER,Piston Engine,,FALSE,,
HB-WLC,WT9 DYNAMIC LSA,WT9,,AEROPLANE,Piston Engine,,FALSE,,
HB-WNZ,WT9 DYNAMIC LSA,WT9,,AEROPLANE,Piston Engine,,FALSE,,
HB-WYB,CTLS-ELA,FDCT,,AEROPLANE,Piston Engine,,FALSE,,
HB-WYC,SPORTCRUISER,CRUZ,,AEROPLANE,Piston Engine,,FALSE,,
HB-WYE,CTLS-ELA,FDCT,,AEROPLANE,Piston Engine,,FALSE,,
HB-WYF,REMOS GX,GX,,AEROPLANE,Piston Engine,,FALSE,,
HB-WYH,CTLS-ELA,FDCT,,AEROPLANE,Piston Engine,,FALSE,,
HB-WYJ,CTLS-ELA,FDCT,,AEROPLANE,Piston Engine,,FALSE,,
HB-WYK,CTLS-ELA,FDCT,,AEROPLANE,Piston Engine,,FALSE,,
HB-WYL,PIPERSPORT,CRUZ,,AEROPLANE,Piston Engine,,FALSE,,
HB-WYT,REMOS GX,GX,,AEROPLANE,Piston Engine,,FALSE,,
HB-WYZ,CTLS HL,FDCT,,AEROPLANE,Piston Engine,,FALSE,,
HB-WZA,B600,BREZ,,AEROPLANE,Piston Engine,,FALSE,,
HB-WZH,VIRUS SW,PIVI,,AEROPLANE,Piston Engine,,FALSE,,
HB-WZM,VIRUS SW,PIVI,,AEROPLANE,Piston Engine,,FALSE,,
HB-WZO,WT9,WT9,,AEROPLANE,Piston Engine,,FALSE,,
HB-WZP,WT9,WT9,,AEROPLANE,Piston Engine,,FALSE,,
HB-WZW,WT9,WT9,,AEROPLANE,Piston Engine,,FALSE,,
HB-WZZ,VIRUS SW,PIVI,,AEROPLANE,Piston Engine,,FALSE,,
HB-XAQ,SE 3130,ALO2,,HELICOPTER,Turboshaft Engine,,FALSE,,
HB-XAT,EC 120 B,EC20,,HELICOPTER,Turboshaft Engine,,FALSE,,
HB-XBE,R22 BETA,R22,,HELICOPTER,Piston Engine,,FALSE,,
HB-XBO,AS 350 B3,AS50,,HELICOPTER,Turboshaft Engine,,FALSE,,
HB-XBZ,AB47G-3B-1,B47G,,HELICOPTER,Piston Engine,,FALSE,,
HB-XCL,AS 350 B3,AS50,,HELICOPTER,Turboshaft Engine,,FALSE,,
HB-XDA,429,B429,,HELICOPTER,Turboshaft Engine,,FALSE,,
HB-XDH,206B,B06,,HELICOPTER,Turboshaft Engine,,FALSE,,
HB-XDI,AS 350 B3,AS50,,HELICOPTER,Turboshaft Engine,,FALSE,,
HB-XDY,AB206B,B06,,HELICOPTER,Turboshaft Engine,,FALSE,,
HB-XEB,AS 350 B3,AS50,,HELICOPTER,Turboshaft Engine,,FALSE,,
HB-XFX,AS 350 B3,AS50,,HELICOPTER,Turboshaft Engine,,FALSE,,
HB-XGM,R22 BETA,R22,,HELICOPTER,Piston Engine,,FALSE,,
HB-XHB,WB47G-3B-1,B47G,,HELICOPTER,Piston Engine,,FALSE,,
HB-XHO,AB206B,B06,,HELICOPTER,Turboshaft Engine,,FALSE,,
HB-XJJ,SE 3130,ALO2,,HELICOPTER,Turboshaft Engine,,FALSE,,
HB-XJQ,480,EN48,,HELICOPTER,Turboshaft Engine,,FALSE,,
HB-XKA,Ka-32A11BC,KA27,,HELICOPTER,Turboprop Engine,,TRUE,,
HB-XKF,K-1200,KMAX,,HELICOPTER,Turboshaft Engine,,FALSE,,
HB-XLA,AB206B,B06,,HELICOPTER,Turboshaft Engine,,FALSE,,
HB-XLR,R44 II,R44,,HELICOPTER,Piston Engine,,FALSE,,
HB-XLS,280C,EN28,,HELICOPTER,Piston Engine,,FALSE,,
HB-XMC,SA 315 B,LAMA,,HELICOPTER,Turboshaft Engine,,FALSE,,
HB-XMG,WB47G-3B-1,B47G,,HELICOPTER,Piston Engine,,FALSE,,
HB-XNL,MBB-BK117 D-3,EC45,,HELICOPTER,Turboshaft Engine,,FALSE,,
HB-XOE,EC135 T3 (CPDS),EC35,,HELICOPTER,Turboshaft Engine,,FALSE,,
HB-XOF,EC135 T3 (CPDS),EC35,,HELICOPTER,Turboshaft Engine,,FALSE,,
HB-XOX,AW139,A139,,HELICOPTER,Turboshaft Engine,,FALSE,,
HB-XPB,AS 350 B3,AS50,,HELICOPTER,Turboshaft Engine,,FALSE,,
HB-XPD,AS 350 B3,AS50,,HELICOPTER,Turboshaft Engine,,FALSE,,
HB-XPL,SA 315 B,LAMA,,HELICOPTER,Turboshaft Engine,,FALSE,,
HB-XPU,269C,H269,,HELICOPTER,Piston Engine,,FALSE,,
HB-XPY,CABRI G2,G2CA,,HELICOPTER,Piston Engine,,FALSE,,
HB-XQJ,AS 350 B3,AS50,,HELICOPTER,Turboshaft Engine,,FALSE,,
HB-XQK,R22 BETA,R22,,HELICOPTER,Piston Engine,,FALSE,,
HB-XQT,SE 313 B,ALO2,,HELICOPTER,Turboshaft Engine,,FALSE,,
HB-XQY,407,B407,,HELICOPTER,Turboshaft Engine,,FALSE,,
HB-XRA,SA 315 B,LAMA,,HELICOPTER,Turboshaft Engine,,FALSE,,
HB-XRD,SA 315 B,LAMA,,HELICOPTER,Turboshaft Engine,,FALSE,,
HB-XRW,369E,H500,,HELICOPTER,Turboshaft Engine,,FALSE,,
HB-XSB,205A-1,UH1,,HELICOPTER,Turboshaft Engine,,FALSE,,
HB-XSF,MBB-BK117 D-2,EC45,,HELICOPTER,Turboshaft Engine,,FALSE,,
HB-XSP,R44,R44,,HELICOPTER,Piston Engine,,FALSE,,
HB-XSV,SA 315 B,LAMA,,HELICOPTER,Turboshaft Engine,,FALSE,,
HB-XSX,505,B505,,HELICOPTER,Turboshaft Engine,,FALSE,,
HB-XTE,EC135 T3H,EC35,,HELICOPTER,Turboshaft Engine,,FALSE,,
HB-XTP,AS 350 B3,AS50,,HELICOPTER,Turboshaft Engine,,FALSE,,
HB-XTX,R44 II,R44,,HELICOPTER,Piston Engine,,FALSE,,
HB-XUD,WB47G-3B-1,B47G,,HELICOPTER,Piston Engine,,FALSE,,
HB-XVC,KOLIBRI MB1,ZZZZ,,AEROPLANE,Piston Engine,,FALSE,,
HB-XVF,429,B429,,HELICOPTER,Turboshaft Engine,,FALSE,,
HB-XVS,R44 II,R44,,HELICOPTER,Piston Engine,,FALSE,,
HB-XVX,AS 350 B3,AS50,,HELICOPTER,Turboshaft Engine,,FALSE,,
HB-XVY,AS 332 C1,AS32,,HELICOPTER,Turboshaft Engine,,FALSE,,
HB-XWR,AS 350 B3,AS50,,HELICOPTER,Turboshaft Engine,,FALSE,,
HB-XWS,AS 350 B3,AS50,,HELICOPTER,Turboshaft Engine,,FALSE,,
HB-XWW,369HS,H500,,HELICOPTER,Turboshaft Engine,,FALSE,,
HB-XWZ,AS 350 B3,AS50,,HELICOPTER,Turboshaft Engine,,FALSE,,
HB-XXM,SE 3160,ALO3,,HELICOPTER,Turboshaft Engine,,FALSE,,
HB-XXO,206B,B06,,HELICOPTER,Turboshaft Engine,,FALSE,,
HB-XXU,205A-1,UH1,,HELICOPTER,Turboshaft Engine,,FALSE,,
HB-XXW,AS 350 B3,AS50,,HELICOPTER,Turboshaft Engine,,FALSE,,
HB-XXY,206B,B06,,HELICOPTER,Turboshaft Engine,,FALSE,,
HB-XYF,R44,R44,,HELICOPTER,Piston Engine,,FALSE,,
HB-XYT,SA 315 B,LAMA,,HELICOPTER,Turboshaft Engine,,FALSE,,
HB-XYZ,R44 II,R44,,HELICOPTER,Piston Engine,,FALSE,,
HB-XZF,269C,H269,,HELICOPTER,Piston Engine,,FALSE,,
HB-XZK,R22 BETA,R22,,HELICOPTER,Piston Engine,,FALSE,,
HB-XZN,R22 BETA,R22,,HELICOPTER,Piston Engine,,FALSE,,
HB-YAF,RV-14A,RV14,,AEROPLANE,Piston Engine,,FALSE,,
HB-YAK,GS-2 SPORTSMAN,GLST,,AEROPLANE,Piston Engine,,FALSE,,
HB-YAL,KOLIBRI MB2,ZZZZ,,AEROPLANE,Piston Engine,,FALSE,,
HB-YAV,KOLIBRI MB2,ZZZZ,,AEROPLANE,Piston Engine,,FALSE,,
HB-YAW,TIPSY NIPPER MK II,NIPR,,AEROPLANE,Piston Engine,,FALSE,,
HB-YBG,VARI EZE,VEZE,,AEROPLANE,Piston Engine,,FALSE,,
HB-YBO,VARI EZE,VEZE,,AEROPLANE,Piston Engine,,FALSE,,
HB-YBY,LONG-EZ,LGEZ,,AEROPLANE,Piston Engine,,FALSE,,
HB-YBZ,RV-12,RV12,,AEROPLANE,Piston Engine,,FALSE,,
HB-YCF,VARI EZE,VEZE,,AEROPLANE,Piston Engine,,FALSE,,
HB-YCI,LONG-EZ,LGEZ,,AEROPLANE,Piston Engine,,FALSE,,
HB-YCS,J-1B,ZZZZ,,AEROPLANE,Piston Engine,,FALSE,,
HB-YCU,CH 300,CH30,,AEROPLANE,Piston Engine,,FALSE,,
HB-YCW,CRI-CRI MC-15,MC10,,AEROPLANE,Jet Engine,,FALSE,,
HB-YCY,BRÄNDLI BX-2,BX2,,AEROPLANE,Piston Engine,,FALSE,,
HB-YDD,VARI EZE,VEZE,,AEROPLANE,Piston Engine,,FALSE,,
HB-YDH,BRÄNDLI BX-2,BX2,,AEROPLANE,Piston Engine,,FALSE,,
HB-YDL,VARI EZE,VEZE,,AEROPLANE,Piston Engine,,FALSE,,
HB-YDM,RV-10,RV10,,AEROPLANE,Piston Engine,,FALSE,,
HB-YDN,COLIBRI D,ZZZZ,,AEROPLANE,Piston Engine,,FALSE,,
HB-YDS,BRÄNDLI BX-2,BX2,,AEROPLANE,Piston Engine,,FALSE,,
HB-YDU,BRÄNDLI BX-2,BX2,,AEROPLANE,Piston Engine,,FALSE,,
HB-YDW,BRÄNDLI BX-2,BX2,,AEROPLANE,Piston Engine,,FALSE,,
HB-YDX,BRÄNDLI BX-2,BX2,,AEROPLANE,Piston Engine,,FALSE,,
HB-YDY,BRÄNDLI BX-2,BX2,,AEROPLANE,Piston Engine,,FALSE,,
HB-YDZ,LONG-EZ,LGEZ,,AEROPLANE,Piston Engine,,FALSE,,
HB-YEB,LANCAIR 235,LNC2,,AEROPLANE,Piston Engine,,FALSE,,
HB-YEF,VARI EZE,VEZE,,AEROPLANE,Piston Engine,,FALSE,,
HB-YEI,MIGNET HM-8,ZZZZ,,AEROPLANE,Piston Engine,,FALSE,,
HB-YEK,POTTIER P-180S,PT80,,AEROPLANE,Piston Engine,,FALSE,,
HB-YEM,HAULER,AVID,,AEROPLANE,Piston Engine,,FALSE,,
HB-YES,RV-8,RV8,,AEROPLANE,Piston Engine,,FALSE,,
HB-YEV,KOLIBRI MB2,ZZZZ,,AEROPLANE,Piston Engine,,FALSE,,
HB-YFA,KISS 209M,KISS,,HELICOPTER,Turboshaft Engine,,FALSE,,
HB-YFD,MINI MAX,ZZZZ,,AEROPLANE,Piston Engine,,FALSE,,
HB-YFE,KITFOX III,FOX,,AEROPLANE,Piston Engine,,FALSE,,
HB-YFH,KITFOX III,FOX,,AEROPLANE,Piston Engine,,FALSE,,
HB-YFO,HAULER,AVID,,AEROPLANE,Piston Engine,,FALSE,,
HB-YFS,KITFOX IV-1200,FOX,,AEROPLANE,Piston Engine,,FALSE,,
HB-YFT,FLYER MK. IV,AVID,,AEROPLANE,Piston Engine,,FALSE,,
HB-YFU,KITFOX III,FOX,,AEROPLANE,Piston Engine,,FALSE,,
HB-YFW,GEN 3 AIRCAM,ACAM,,AEROPLANE,Piston Engine,,FALSE,,
HB-YFX,KITFOX IV-1200,FOX,,AEROPLANE,Piston Engine,,FALSE,,
HB-YFY,LONG-EZ,LGEZ,,AEROPLANE,Piston Engine,,FALSE,,
HB-YGA,KITFOX IV,FOX,,AEROPLANE,Piston Engine,,FALSE,,
HB-YGC,PELICAN CLUB GS,PELI,,AEROPLANE,Piston Engine,,FALSE,,
HB-YGG,BRÄNDLI BX-2,BX2,,AEROPLANE,Piston Engine,,FALSE,,
HB-YGJ,LANCAIR 235,LNC2,,AEROPLANE,Piston Engine,,FALSE,,
HB-YGM,KITFOX IV-1200,FOX,,AEROPLANE,Piston Engine,,FALSE,,
HB-YGO,J250,JAB4,,AEROPLANE,Piston Engine,,FALSE,,
HB-YGT,KITFOX IV-1200,FOX,,AEROPLANE,Piston Engine,,FALSE,,
HB-YGU,EXEC 90,EXEC,,HELICOPTER,Piston Engine,,FALSE,,
HB-YGW,KITFOX 5,FOX,,AEROPLANE,Piston Engine,,FALSE,,
HB-YGX,KITFOX IV-1200,FOX,,AEROPLANE,Piston Engine,,FALSE,,
HB-YGY,S-10,SAKO,,AEROPLANE,Piston Engine,,FALSE,,
HB-YHC,GLASAIR II-S RG,GLAS,,AEROPLANE,Piston Engine,,FALSE,,
HB-YHD,FLYER MK. IV,AVID,,AEROPLANE,Piston Engine,,FALSE,,
HB-YHJ,MCR-01,MCR1,,AEROPLANE,Piston Engine,,FALSE,,
HB-YHP,CH-7,CH7,,HELICOPTER,Piston Engine,,FALSE,,
HB-YHQ,LANCAIR 320,LNC2,,AEROPLANE,Piston Engine,,FALSE,,
HB-YHT,BRÄNDLI BX-2,BX2,,AEROPLANE,Piston Engine,,FALSE,,
HB-YHU,PULSAR XP,PULS,,AEROPLANE,Piston Engine,,FALSE,,
HB-YHW,PULSAR,PULS,,AEROPLANE,Piston Engine,,FALSE,,
HB-YIE,EUROPA,EUPA,,AEROPLANE,Piston Engine,,FALSE,,
HB-YIF,BREEZER 600,BREZ,,AEROPLANE,Piston Engine,,FALSE,,
HB-YIG,MCR-01,MCR1,,AEROPLANE,Piston Engine,,FALSE,,
HB-YIH,MAGNUM,AVID,,AEROPLANE,Piston Engine,,FALSE,,
HB-YIJ,EXEC 162F,EXEC,,HELICOPTER,Piston Engine,,FALSE,,
HB-YIP,PULSAR XP,PULS,,AEROPLANE,Piston Engine,,FALSE,,
HB-YIS,LANCAIR 360 MK.II,LNC2,,AEROPLANE,Piston Engine,,FALSE,,
HB-YIT,KITFOX 5,FOX,,AEROPLANE,Piston Engine,,FALSE,,
HB-YIV,PULSAR XP,PULS,,AEROPLANE,Piston Engine,,FALSE,,
HB-YIW,KITFOX S4,FOX,,AEROPLANE,Piston Engine,,FALSE,,
HB-YJA,GLASAIR III RG,GLAS,,AEROPLANE,Piston Engine,,FALSE,,
HB-YJF,EUROPA,EUPA,,AEROPLANE,Piston Engine,,FALSE,,
HB-YJG,MCR-01,MCR1,,AEROPLANE,Piston Engine,,FALSE,,
HB-YJJ,CH 601 HDS,CH60,,AEROPLANE,Piston Engine,,FALSE,,
HB-YJN,VELOCITY 173 RG,VELO,,AEROPLANE,Piston Engine,,FALSE,,
HB-YJO,GLASTAR GS-1,GLST,,AEROPLANE,Piston Engine,,FALSE,,
HB-YJP,KITFOX IV-1200,FOX,,AEROPLANE,Piston Engine,,FALSE,,
HB-YJR,EXPRESS S-90,EXPR,,AEROPLANE,Piston Engine,,FALSE,,
HB-YJT,KITFOX IV-1200,FOX,,AEROPLANE,Piston Engine,,FALSE,,
HB-YJU,PULSAR XP,PULS,,AEROPLANE,Piston Engine,,FALSE,,
HB-YJW,PULSAR XP,PULS,,AEROPLANE,Piston Engine,,FALSE,,
HB-YKA,RV-4,RV4,,AEROPLANE,Piston Engine,,FALSE,,
HB-YKC,STOL CH701,CH70,,AEROPLANE,Piston Engine,,FALSE,,
HB-YKD,RV-6A,RV6,,AEROPLANE,Piston Engine,,FALSE,,
HB-YKE,POTTIER P-180S,PT80,,AEROPLANE,Piston Engine,,FALSE,,
HB-YKF,STOL CH701,CH70,,AEROPLANE,Piston Engine,,FALSE,,
HB-YKG,RV-8,RV8,,AEROPLANE,Piston Engine,,FALSE,,
HB-YKI,EUROPA XS,EUPA,,AEROPLANE,Piston Engine,,FALSE,,
HB-YKK,UFM 13,UF13,,AEROPLANE,Piston Engine,,FALSE,,
HB-YKM,CH 601 HDS,CH60,,AEROPLANE,Piston Engine,,FALSE,,
HB-YKN,GLASAIR II RG,GLAS,,AEROPLANE,Piston Engine,,FALSE,,
HB-YKO,GLASTAR GS-1,GLST,,AEROPLANE,Piston Engine,,FALSE,,
HB-YKP,GLASTAR GS-1,GLST,,AEROPLANE,Piston Engine,,FALSE,,
HB-YKQ,SLEPCEV STORCH MK. IV,STOR,,AEROPLANE,Piston Engine,,FALSE,,
HB-YKX,KISS 209M,KISS,,HELICOPTER,Turboshaft Engine,,FALSE,,
HB-YLA,VOTEC 322,V322,,AEROPLANE,Piston Engine,,FALSE,,
HB-YLB,VOTEC 322,V322,,AEROPLANE,Piston Engine,,FALSE,,
HB-YLC,VOTEC 322,V322,,AEROPLANE,Piston Engine,,FALSE,,
HB-YLE,MCR-01,MCR1,,AEROPLANE,Piston Engine,,FALSE,,
HB-YLF,CH-7,CH7,,HELICOPTER,Piston Engine,,FALSE,,
HB-YLG,POTTIER P-180S,PT80,,AEROPLANE,Piston Engine,,FALSE,,
HB-YLI,GLASAIR III RG,GLAS,,AEROPLANE,Piston Engine,,FALSE,,
HB-YLK,BRÄNDLI BX-2,BX2,,AEROPLANE,Piston Engine,,FALSE,,
HB-YLL,RV-6,RV6,,AEROPLANE,Piston Engine,,FALSE,,
HB-YLM,RV-7,RV7,,AEROPLANE,Piston Engine,,FALSE,,
HB-YLN,KITFOX S4,FOX,,AEROPLANE,Piston Engine,,FALSE,,
HB-YLP,BREEZER,BREZ,,AEROPLANE,Piston Engine,,FALSE,,
HB-YLQ,MINI MAX R1500,ZZZZ,,AEROPLANE,Piston Engine,,FALSE,,
HB-YLW,VOTEC 322,V322,,AEROPLANE,Piston Engine,,FALSE,,
HB-YLX,BREEZY RLU-1,RLU1,,AEROPLANE,Piston Engine,,FALSE,,
HB-YLY,POTTIER P-80S,P80,,AEROPLANE,Piston Engine,,FALSE,,
HB-YLZ,VP-1,ZZZZ,,AEROPLANE,Piston Engine,,FALSE,,
HB-YMB,VOTEC 322,V322,,AEROPLANE,Piston Engine,,FALSE,,
HB-YMC,VOTEC 322,V322,,AEROPLANE,Piston Engine,,FALSE,,
HB-YMD,MCR M,MCR1,,AEROPLANE,Piston Engine,,FALSE,,
HB-YME,KITFOX IV,FOX,,AEROPLANE,Piston Engine,,FALSE,,
HB-YMF,LANCAIR 360,LNC2,,AEROPLANE,Piston Engine,,FALSE,,
HB-YMH,EXPRESS CT,EXPR,,AEROPLANE,Piston Engine,,FALSE,,
HB-YMI,LEGACY 2000,LEG2,,AEROPLANE,Piston Engine,,FALSE,,
HB-YMJ,RV-14A,RV14,,AEROPLANE,Piston Engine,,FALSE,,
HB-YMM,RV-8,RV8,,AEROPLANE,Piston Engine,,FALSE,,
HB-YMP,RV-7A,RV7,,AEROPLANE,Piston Engine,,FALSE,,
HB-YMT,RV-7A,RV7,,AEROPLANE,Piston Engine,,FALSE,,
HB-YMU,VOTEC 252 T,V252,,AEROPLANE,Piston Engine,,FALSE,,
HB-YMV,VOTEC 351,V351,,AEROPLANE,Piston Engine,,FALSE,,
HB-YMW,RV-8,RV8,,AEROPLANE,Piston Engine,,FALSE,,
HB-YMX,FLYER MK. IV,AVID,,AEROPLANE,Piston Engine,,FALSE,,
HB-YMY,WAIEX,WAIX,,AEROPLANE,Piston Engine,,FALSE,,
HB-YMZ,RV-4,RV4,,AEROPLANE,Piston Engine,,FALSE,,
HB-YNB,CH-7,CH7,,HELICOPTER,Piston Engine,,FALSE,,
HB-YNC,RV-7A,RV7,,AEROPLANE,Piston Engine,,FALSE,,
HB-YND,GLASTAR GS-1,GLST,,AEROPLANE,Piston Engine,,FALSE,,
HB-YNE,GLASTAR GS-1,GLST,,AEROPLANE,Piston Engine,,FALSE,,
HB-YNG,ROMBACH SPECIAL,CULP,,AEROPLANE,Piston Engine,,FALSE,,
HB-YNI,S-6S,COY2,,AEROPLANE,Piston Engine,,FALSE,,
HB-YNJ,LEGACY 2000,LEG2,,AEROPLANE,Piston Engine,,FALSE,,
HB-YNK,EUROPA XS,EUPA,,AEROPLANE,Piston Engine,,FALSE,,
HB-YNL,SPORTCRUISER,CRUZ,,AEROPLANE,Piston Engine,,FALSE,,
HB-YNN,RV-10,RV10,,AEROPLANE,Piston Engine,,FALSE,,
HB-YNQ,COLIBRI MB2,ZZZZ,,AEROPLANE,Piston Engine,,FALSE,,
HB-YNR,ANDROMÈDE,ZZZZ,,AEROPLANE,Piston Engine,,FALSE,,
HB-YNS,EXEC 90,EXEC,,HELICOPTER,Piston Engine,,FALSE,,
HB-YNT,RV-8,RV8,,AEROPLANE,Piston Engine,,FALSE,,
HB-YNU,RV-12,RV12,,AEROPLANE,Piston Engine,,FALSE,,
HB-YNV,TRAVELER TR 230,ZZZZ,,AEROPLANE,Piston Engine,,FALSE,,
HB-YNW,RV-7A,RV7,,AEROPLANE,Piston Engine,,FALSE,,
HB-YOR,SAFARI VLA,KFAS,,AEROPLANE,Piston Engine,,FALSE,,
HB-YOT,RV-14A,RV14,,AEROPLANE,Piston Engine,,FALSE,,
HB-YOU,CCK-1865,ZZZZ,,AEROPLANE,Piston Engine,,FALSE,,
HB-YOY,BS 110,PRIM,,AEROPLANE,Piston Engine,,FALSE,,
HB-YPC,LANCAIR 360 MK.II,LNC2,,AEROPLANE,Piston Engine,,FALSE,,
HB-YPD,T-51D,T51,,AEROPLANE,Piston Engine,,FALSE,,
HB-YPI,RV-12,RV12,,AEROPLANE,Piston Engine,,FALSE,,
HB-YPJ,RV-12iS,RV12,,AEROPLANE,Piston Engine,,FALSE,,
HB-YPK,RV-10,RV10,,AEROPLANE,Piston Engine,,FALSE,,
HB-YPL,RV-12iS,RV12,,AEROPLANE,Piston Engine,,FALSE,,
HB-YPO,KITFOX S7,FOX,,AEROPLANE,Piston Engine,,FALSE,,
HB-YPR,VOTEC 322,V322,,AEROPLANE,Piston Engine,,FALSE,,
HB-YPY,RV-14,RV14,,AEROPLANE,Piston Engine,,FALSE,,
HB-YRA,RV-7A,RV7,,AEROPLANE,Piston Engine,,FALSE,,
HB-YRB,LEGACY 2000,LEG2,,AEROPLANE,Piston Engine,,FALSE,,
HB-YRC,STOL CH750,CH75,,AEROPLANE,Piston Engine,,FALSE,,
HB-YRF,VOTEC 322,V322,,AEROPLANE,Piston Engine,,FALSE,,
HB-YRH,RV-12iS,RV12,,AEROPLANE,Piston Engine,,FALSE,,
HB-YRK,KITFOX S7,FOX,,AEROPLANE,Piston Engine,,FALSE,,
HB-YRM,RV-7,RV7,,AEROPLANE,Piston Engine,,FALSE,,
HB-YSA,RV-14A,RV14,,AEROPLANE,Piston Engine,,FALSE,,
HB-YSC,RV-12,RV12,,AEROPLANE,Piston Engine,,FALSE,,
HB-YSD,RV-12,RV12,,AEROPLANE,Piston Engine,,FALSE,,
HB-YSE,GLASTAR GS-1,GLST,,AEROPLANE,Piston Engine,,FALSE,,
HB-YSH,HATZ CB-1,CB1,,AEROPLANE,Piston Engine,,FALSE,,
HB-YSI,RV-14,RV14,,AEROPLANE,Piston Engine,,FALSE,,
HB-YSL,RV-7,RV7,,AEROPLANE,Piston Engine,,FALSE,,
HB-YSS,AC10,AC10,,HELICOPTER,Piston Engine,,FALSE,,
HB-YTB,RV-7,RV7,,AEROPLANE,Piston Engine,,FALSE,,
HB-YTI,PIONEER 300,PNR3,,AEROPLANE,Piston Engine,,FALSE,,
HB-YTM,KITFOX S7,FOX,,AEROPLANE,Piston Engine,,FALSE,,
HB-YTW,WITTMAN W-10,TAIL,,AEROPLANE,Piston Engine,,FALSE,,
HB-YUA,RV-8,RV8,,AEROPLANE,Piston Engine,,FALSE,,
HB-YUV,VOTEC 221,ZZZZ,,AEROPLANE,Piston Engine,,FALSE,,
HB-YVC,RV-12iS,RV12,,AEROPLANE,Piston Engine,,FALSE,,
HB-YVJ,RV-10,RV10,,AEROPLANE,Piston Engine,,FALSE,,
HB-YVL,BS 100,PRIM,,AEROPLANE,Piston Engine,,FALSE,,
HB-YVZ,RV-4,RV4,,AEROPLANE,Piston Engine,,FALSE,,
HB-YWS,PULSAR XP,PULS,,AEROPLANE,Piston Engine,,FALSE,,
HB-YXA,RV-8,RV8,,AEROPLANE,Piston Engine,,FALSE,,
HB-YXE,CH-77,CH7,,HELICOPTER,Piston Engine,,FALSE,,
HB-YXL,RV-14,RV14,,AEROPLANE,Piston Engine,,FALSE,,
HB-YYA,KISS 209M,KISS,,HELICOPTER,Turboshaft Engine,,FALSE,,
HB-YYB,RV-10,RV10,,AEROPLANE,Piston Engine,,FALSE,,
HB-YZI,RV-14A,RV14,,AEROPLANE,Piston Engine,,FALSE,,
HB-YZZ,RV-8,RV8,,AEROPLANE,Piston Engine,,FALSE,,
HB-ZAG,AS 350 B3,AS50,,HELICOPTER,Turboshaft Engine,,FALSE,,
HB-ZAI,A109E,A109,,HELICOPTER,Turboshaft Engine,,FALSE,,
HB-ZAL,206B,B06,,HELICOPTER,Turboshaft Engine,,FALSE,,
HB-ZAN,AS 350 B3,AS50,,HELICOPTER,Turboshaft Engine,,FALSE,,
HB-ZAO,K-1200,KMAX,,HELICOPTER,Turboshaft Engine,,FALSE,,
HB-ZAP,429,B429,,HELICOPTER,Turboshaft Engine,,FALSE,,
HB-ZAS,R66,R66,,HELICOPTER,Turboshaft Engine,,FALSE,,
HB-ZAX,R66,R66,,HELICOPTER,Turboshaft Engine,,FALSE,,
HB-ZBD,EC 120 B,EC20,,HELICOPTER,Turboshaft Engine,,FALSE,,
HB-ZBF,WB47G-3B-1,B47G,,HELICOPTER,Piston Engine,,FALSE,,
HB-ZBP,269C,H269,,HELICOPTER,Piston Engine,,FALSE,,
HB-ZBU,AB206B,B06,,HELICOPTER,Turboshaft Engine,,FALSE,,
HB-ZCA,EC 120 B,EC20,,HELICOPTER,Turboshaft Engine,,FALSE,,
HB-ZCP,A109E,A109,,HELICOPTER,Turboshaft Engine,,FALSE,,
HB-ZCQ,A109E,A109,,HELICOPTER,Turboshaft Engine,,FALSE,,
HB-ZCW,MD900,EXPL,,HELICOPTER,Turboshaft Engine,,FALSE,,
HB-ZDB,R22 BETA,R22,,HELICOPTER,Piston Engine,,FALSE,,
HB-ZDF,MD900 (902 Configuration),EXPL,,HELICOPTER,Turboshaft Engine,,FALSE,,
HB-ZDK,R44 II,R44,,HELICOPTER,Piston Engine,,FALSE,,
HB-ZDQ,CABRI G2,G2CA,,HELICOPTER,Piston Engine,,FALSE,,
HB-ZDR,AS 365 N3,AS65,,HELICOPTER,Turboshaft Engine,,FALSE,,
HB-ZDS,EC 120 B,EC20,,HELICOPTER,Turboshaft Engine,,FALSE,,
HB-ZEB,206B,B06,,HELICOPTER,Turboshaft Engine,,FALSE,,
HB-ZEF,EC135 T3 (CPDS),EC35,,HELICOPTER,Turboshaft Engine,,FALSE,,
HB-ZEI,AS 350 B3,AS50,,HELICOPTER,Turboshaft Engine,,FALSE,,
HB-ZEJ,AS 350 B3,AS50,,HELICOPTER,Turboshaft Engine,,FALSE,,
HB-ZEM,R22 BETA,R22,,HELICOPTER,Piston Engine,,FALSE,,
HB-ZEU,SA 341 G,GAZL,,HELICOPTER,Turboshaft Engine,,FALSE,,
HB-ZFH,280C,EN28,,HELICOPTER,Piston Engine,,FALSE,,
HB-ZFJ,SA 316 B,ALO3,,HELICOPTER,Turboshaft Engine,,FALSE,,
HB-ZFM,EC 120 B,EC20,,HELICOPTER,Turboshaft Engine,,FALSE,,
HB-ZFQ,R44 II,R44,,HELICOPTER,Piston Engine,,FALSE,,
HB-ZGD,AB139,A139,,HELICOPTER,Turboshaft Engine,,FALSE,,
HB-ZGE,AB139,A139,,HELICOPTER,Turboshaft Engine,,FALSE,,
HB-ZGF,AB139,A139,,HELICOPTER,Turboshaft Engine,,FALSE,,
HB-ZGJ,EC 120 B,EC20,,HELICOPTER,Turboshaft Engine,,FALSE,,
HB-ZGK,K-1200,KMAX,,HELICOPTER,Turboshaft Engine,,FALSE,,
HB-ZGL,R44 II,R44,,HELICOPTER,Piston Engine,,FALSE,,
HB-ZGV,AS 350 B3,AS50,,HELICOPTER,Turboshaft Engine,,FALSE,,
HB-ZGY,EC 120 B,EC20,,HELICOPTER,Turboshaft Engine,,FALSE,,
HB-ZHA,AS 350 B3,AS50,,HELICOPTER,Turboshaft Engine,,FALSE,,
HB-ZHD,EC 120 B,EC20,,HELICOPTER,Turboshaft Engine,,FALSE,,
HB-ZHH,AW139,A139,,HELICOPTER,Turboshaft Engine,,FALSE,,
HB-ZHQ,AS 350 BA,AS50,,HELICOPTER,Turboshaft Engine,,FALSE,,
HB-ZHY,AS 350 B3,AS50,,HELICOPTER,Turboshaft Engine,,FALSE,,
HB-ZIA,AS 350 B3,AS50,,HELICOPTER,Turboshaft Engine,,FALSE,,
HB-ZIB,AS 350 B3,AS50,,HELICOPTER,Turboshaft Engine,,FALSE,,
HB-ZIE,EC 120 B,EC20,,HELICOPTER,Turboshaft Engine,,FALSE,,
HB-ZIJ,AS 350 B3,AS50,,HELICOPTER,Turboshaft Engine,,FALSE,,
HB-ZIK,R22 BETA,R22,,HELICOPTER,Piston Engine,,FALSE,,
HB-ZIO,R44 II,R44,,HELICOPTER,Piston Engine,,FALSE,,
HB-ZIP,AS 332 C1,AS32,,HELICOPTER,Turboshaft Engine,,FALSE,,
HB-ZIQ,280FX,EN28,,HELICOPTER,Piston Engine,,FALSE,,
HB-ZIZ,EC135 P2+,EC35,,HELICOPTER,Turboshaft Engine,,FALSE,,
HB-ZJB,EC 120 B,EC20,,HELICOPTER,Turboshaft Engine,,FALSE,,
HB-ZJD,EC135 P1 (CDS),EC35,,HELICOPTER,Turboshaft Engine,,FALSE,,
HB-ZJE,EC135 P1 (CDS),EC35,,HELICOPTER,Turboshaft Engine,,FALSE,,
HB-ZJG,R44 II,R44,,HELICOPTER,Piston Engine,,FALSE,,
HB-ZJJ,EC135 P1 (CDS),EC35,,HELICOPTER,Turboshaft Engine,,FALSE,,
HB-ZJL,R44 II,R44,,HELICOPTER,Piston Engine,,FALSE,,
HB-ZJP,AS 350 B3,AS50,,HELICOPTER,Turboshaft Engine,,FALSE,,
HB-ZJU,A109S,A109,,HELICOPTER,Turboshaft Engine,,FALSE,,
HB-ZJW,R44 II,R44,,HELICOPTER,Piston Engine,,FALSE,,
HB-ZKI,R44 II,R44,,HELICOPTER,Piston Engine,,FALSE,,
HB-ZKN,AS 332 C1,AS32,,HELICOPTER,Turboshaft Engine,,FALSE,,
HB-ZKO,A119,A119,,HELICOPTER,Turboshaft Engine,,FALSE,,
HB-ZKQ,EC 120 B,EC20,,HELICOPTER,Turboshaft Engine,,FALSE,,
HB-ZKV,AB206B,B06,,HELICOPTER,Turboshaft Engine,,FALSE,,
HB-ZKW,R44 II,R44,,HELICOPTER,Piston Engine,,FALSE,,
HB-ZKZ,AS 350 B3,AS50,,HELICOPTER,Turboshaft Engine,,FALSE,,
HB-ZLA,EC 120 B,EC20,,HELICOPTER,Turboshaft Engine,,FALSE,,
HB-ZLD,R44 II,R44,,HELICOPTER,Piston Engine,,FALSE,,
HB-ZLE,R44 II,R44,,HELICOPTER,Piston Engine,,FALSE,,
HB-ZLJ,CABRI G2,G2CA,,HELICOPTER,Piston Engine,,FALSE,,
HB-ZLK,AS 350 B3,AS50,,HELICOPTER,Turboshaft Engine,,FALSE,,
HB-ZLL,R44 II,R44,,HELICOPTER,Piston Engine,,FALSE,,
HB-ZLM,AB206A,B06,,HELICOPTER,Turboshaft Engine,,FALSE,,
HB-ZLP,EC 120 B,EC20,,HELICOPTER,Turboshaft Engine,,FALSE,,
HB-ZLR,EC 120 B,EC20,,HELICOPTER,Turboshaft Engine,,FALSE,,
HB-ZLS,CABRI G2,G2CA,,HELICOPTER,Piston Engine,,FALSE,,
HB-ZLT,EC 130 B4,EC30,,HELICOPTER,Turboshaft Engine,,FALSE,,
HB-ZLW,AS 350 B3,AS50,,HELICOPTER,Turboshaft Engine,,FALSE,,
HB-ZLZ,A109E,A109,,HELICOPTER,Turboshaft Engine,,FALSE,,
HB-ZME,R44 II,R44,,HELICOPTER,Piston Engine,,FALSE,,
HB-ZMF,R22 BETA,R22,,HELICOPTER,Piston Engine,,FALSE,,
HB-ZMG,R44 II,R44,,HELICOPTER,Piston Engine,,FALSE,,
HB-ZMK,AS 350 B3,AS50,,HELICOPTER,Turboshaft Engine,,FALSE,,
HB-ZML,AS 350 B3,AS50,,HELICOPTER,Turboshaft Engine,,FALSE,,
HB-ZMM,R44 II,R44,,HELICOPTER,Piston Engine,,FALSE,,
HB-ZMP,R22 BETA,R22,,HELICOPTER,Piston Engine,,FALSE,,
HB-ZMV,SA 315 B,LAMA,,HELICOPTER,Turboshaft Engine,,FALSE,,
HB-ZMW,R66,R66,,HELICOPTER,Turboshaft Engine,,FALSE,,
HB-ZNA,AS 350 B3,AS50,,HELICOPTER,Turboshaft Engine,,FALSE,,
HB-ZND,AS 350 B3,AS50,,HELICOPTER,Turboshaft Engine,,FALSE,,
HB-ZNE,R22 BETA,R22,,HELICOPTER,Piston Engine,,FALSE,,
HB-ZNH,AS 350 B3,AS50,,HELICOPTER,Turboshaft Engine,,FALSE,,
HB-ZNI,AS 350 B3,AS50,,HELICOPTER,Turboshaft Engine,,FALSE,,
HB-ZNJ,AS 350 B3,AS50,,HELICOPTER,Turboshaft Engine,,FALSE,,
HB-ZNL,AS 350 B3,AS50,,HELICOPTER,Turboshaft Engine,,FALSE,,
HB-ZNM,EC 130 T2,EC30,,HELICOPTER,Turboshaft Engine,,FALSE,,
HB-ZNP,AS 350 B3,AS50,,HELICOPTER,Turboshaft Engine,,FALSE,,
HB-ZNQ,AS 350 B3,AS50,,HELICOPTER,Turboshaft Engine,,FALSE,,
HB-ZNR,AS 350 B3,AS50,,HELICOPTER,Turboshaft Engine,,FALSE,,
HB-ZNX,407,B407,,HELICOPTER,Turboshaft Engine,,FALSE,,
HB-ZOA,CABRI G2,G2CA,,HELICOPTER,Piston Engine,,FALSE,,
HB-ZOB,R22 BETA,R22,,HELICOPTER,Piston Engine,,FALSE,,
HB-ZOC,R44,R44,,HELICOPTER,Piston Engine,,FALSE,,
HB-ZOE,AS 355 N,AS55,,HELICOPTER,Turboshaft Engine,,FALSE,,
HB-ZOM,CABRI G2,G2CA,,HELICOPTER,Piston Engine,,FALSE,,
HB-ZOP,429,B429,,HELICOPTER,Turboshaft Engine,,FALSE,,
HB-ZOQ,CABRI G2,G2CA,,HELICOPTER,Piston Engine,,FALSE,,
HB-ZOR,K-1200,KMAX,,HELICOPTER,Turboshaft Engine,,FALSE,,
HB-ZOS,R44 II,R44,,HELICOPTER,Piston Engine,,FALSE,,
HB-ZOT,R44 II,R44,,HELICOPTER,Piston Engine,,FALSE,,
HB-ZOW,CABRI G2,G2CA,,HELICOPTER,Piston Engine,,FALSE,,
HB-ZOX,AS 350 B3,AS50,,HELICOPTER,Turboshaft Engine,,FALSE,,
HB-ZOY,AS 350 B3,AS50,,HELICOPTER,Turboshaft Engine,,FALSE,,
HB-ZOZ,429,B429,,HELICOPTER,Turboshaft Engine,,FALSE,,
HB-ZPA,AS 350 B3,AS50,,HELICOPTER,Turboshaft Engine,,FALSE,,
HB-ZPD,AS 350 B3,AS50,,HELICOPTER,Turboshaft Engine,,FALSE,,
HB-ZPF,AS 350 B2,AS50,,HELICOPTER,Turboshaft Engine,,FALSE,,
HB-ZPG,R22 BETA,R22,,HELICOPTER,Piston Engine,,FALSE,,
HB-ZPH,CABRI G2,G2CA,,HELICOPTER,Piston Engine,,FALSE,,
HB-ZPK,R66,R66,,HELICOPTER,Turboshaft Engine,,FALSE,,
HB-ZPN,AS 350 B3,AS50,,HELICOPTER,Turboshaft Engine,,FALSE,,
HB-ZPO,K-1200,KMAX,,HELICOPTER,Turboshaft Engine,,FALSE,,
HB-ZPR,AS 350 B3,AS50,,HELICOPTER,Turboshaft Engine,,FALSE,,
HB-ZPT,AS 350 B3,AS50,,HELICOPTER,Turboshaft Engine,,FALSE,,
HB-ZPU,CABRI G2,G2CA,,HELICOPTER,Piston Engine,,FALSE,,
HB-ZPV,R66,R66,,HELICOPTER,Turboshaft Engine,,FALSE,,
HB-ZPZ,AB206B,B06,,HELICOPTER,Turboshaft Engine,,FALSE,,
HB-ZQA,AS 350 B3,AS50,,HELICOPTER,Turboshaft Engine,,FALSE,,
HB-ZQK,AW139,A139,,HELICOPTER,Turboshaft Engine,,FALSE,,
HB-ZQS,A109S,A109,,HELICOPTER,Turboshaft Engine,,FALSE,,
HB-ZQT,AS 350 B2,AS50,,HELICOPTER,Turboshaft Engine,,FALSE,,
HB-ZQU,AS 350 B2,AS50,,HELICOPTER,Turboshaft Engine,,FALSE,,
HB-ZQY,R44 II,R44,,HELICOPTER,Piston Engine,,FALSE,,
HB-ZRH,CABRI G2,G2CA,,HELICOPTER,Piston Engine,,FALSE,,
HB-ZRJ,AS 350 B3,AS50,,HELICOPTER,Turboshaft Engine,,FALSE,,
HB-ZRL,369D,H500,,HELICOPTER,Turboshaft Engine,,FALSE,,
HB-ZRM,500N,MD52,,HELICOPTER,Turboshaft Engine,,FALSE,,
HB-ZRN,AW109SP,A109,,HELICOPTER,Turboshaft Engine,,FALSE,,
HB-ZRP,AW109SP,A109,,HELICOPTER,Turboshaft Engine,,FALSE,,
HB-ZRQ,AW109SP,A109,,HELICOPTER,Turboshaft Engine,,FALSE,,
HB-ZRR,AW109SP,A109,,HELICOPTER,Turboshaft Engine,,FALSE,,
HB-ZRS,AW109SP,A109,,HELICOPTER,Turboshaft Engine,,FALSE,,
HB-ZRT,AW109SP,A109,,HELICOPTER,Turboshaft Engine,,FALSE,,
HB-ZRU,AW109SP,A109,,HELICOPTER,Turboshaft Engine,,FALSE,,
HB-ZRW,AW109SP,A109,,HELICOPTER,Turboshaft Engine,,FALSE,,
HB-ZRX,AW109SP,A109,,HELICOPTER,Turboshaft Engine,,FALSE,,
HB-ZRY,AW109SP,A109,,HELICOPTER,Turboshaft Engine,,FALSE,,
HB-ZRZ,AW109SP,A109,,HELICOPTER,Turboshaft Engine,,FALSE,,
HB-ZSB,R66,R66,,HELICOPTER,Turboshaft Engine,,FALSE,,
HB-ZSC,R44 II,R44,,HELICOPTER,Piston Engine,,FALSE,,
HB-ZSD,R22 BETA,R22,,HELICOPTER,Piston Engine,,FALSE,,
HB-ZSE,AS 350 B3,AS50,,HELICOPTER,Turboshaft Engine,,FALSE,,
HB-ZSF,R66,R66,,HELICOPTER,Turboshaft Engine,,FALSE,,
HB-ZSI,AW109SP,A109,,HELICOPTER,Turboshaft Engine,,FALSE,,
HB-ZSJ,EC135 P1 (CDS),EC35,,HELICOPTER,Turboshaft Engine,,FALSE,,
HB-ZSM,A109S,A109,,HELICOPTER,Turboshaft Engine,,FALSE,,
HB-ZSN,AS 350 B3,AS50,,HELICOPTER,Turboshaft Engine,,FALSE,,
HB-ZSO,AS 350 B3,AS50,,HELICOPTER,Turboshaft Engine,,FALSE,,
HB-ZSR,369FF,H500,,HELICOPTER,Turboshaft Engine,,FALSE,,
HB-ZSS,280FX,EN28,,HELICOPTER,Piston Engine,,FALSE,,
HB-ZST,R44,R44,,HELICOPTER,Piston Engine,,FALSE,,
HB-ZSU,429,B429,,HELICOPTER,Turboshaft Engine,,FALSE,,
HB-ZSV,AS 350 B3,AS50,,HELICOPTER,Turboshaft Engine,,FALSE,,
HB-ZSY,AS 350 B3,AS50,,HELICOPTER,Turboshaft Engine,,FALSE,,
HB-ZSZ,R44 II,R44,,HELICOPTER,Piston Engine,,FALSE,,
HB-ZTB,AW109SP,A109,,HELICOPTER,Turboshaft Engine,,FALSE,,
HB-ZTC,R44 II,R44,,HELICOPTER,Piston Engine,,FALSE,,
HB-ZTD,R44 II,R44,,HELICOPTER,Piston Engine,,FALSE,,
HB-ZTE,AS 350 B3,AS50,,HELICOPTER,Turboshaft Engine,,FALSE,,
HB-ZTF,R44 II,R44,,HELICOPTER,Piston Engine,,FALSE,,
HB-ZTI,500N,MD52,,HELICOPTER,Turboshaft Engine,,FALSE,,
HB-ZTL,R66,R66,,HELICOPTER,Turboshaft Engine,,FALSE,,
HB-ZTN,EC 130 T2,EC30,,HELICOPTER,Turboshaft Engine,,FALSE,,
HB-ZTO,AS 350 B3,AS50,,HELICOPTER,Turboshaft Engine,,FALSE,,
HB-ZTR,EC 130 B4,EC30,,HELICOPTER,Turboshaft Engine,,FALSE,,
HB-ZTW,K-1200,KMAX,,HELICOPTER,Turboshaft Engine,,FALSE,,
HB-ZTY,CABRI G2,G2CA,,HELICOPTER,Piston Engine,,FALSE,,
HB-ZTZ,R66,R66,,HELICOPTER,Turboshaft Engine,,FALSE,,
HB-ZUA,AS 350 B3,AS50,,HELICOPTER,Turboshaft Engine,,FALSE,,
HB-ZUC,EC135 T2+,EC35,,HELICOPTER,Turboshaft Engine,,FALSE,,
HB-ZUE,EC135 T2+,EC35,,HELICOPTER,Turboshaft Engine,,FALSE,,
HB-ZUG,AS 350 B3,AS50,,HELICOPTER,Turboshaft Engine,,FALSE,,
HB-ZUK,AS 350 B3,AS50,,HELICOPTER,Turboshaft Engine,,FALSE,,
HB-ZUL,EC 120 B,EC20,,HELICOPTER,Turboshaft Engine,,FALSE,,
HB-ZUM,R44 II,R44,,HELICOPTER,Piston Engine,,FALSE,,
HB-ZUN,EC135 P2+,EC35,,HELICOPTER,Turboshaft Engine,,FALSE,,
HB-ZUO,AS 350 B3,AS50,,HELICOPTER,Turboshaft Engine,,FALSE,,
HB-ZUP,AW139,A139,,HELICOPTER,Turboshaft Engine,,FALSE,,
HB-ZUR,R66,R66,,HELICOPTER,Turboshaft Engine,,FALSE,,
HB-ZUT,AS 350 B3,AS50,,HELICOPTER,Turboshaft Engine,,FALSE,,
HB-ZUW,AS 350 B3,AS50,,HELICOPTER,Turboshaft Engine,,FALSE,,
HB-ZUY,AS 350 B3,AS50,,HELICOPTER,Turboshaft Engine,,FALSE,,
HB-ZUZ,AS 350 B3,AS50,,HELICOPTER,Turboshaft Engine,,FALSE,,
HB-ZVB,R44 II,R44,,HELICOPTER,Piston Engine,,FALSE,,
HB-ZVC,R66,R66,,HELICOPTER,Turboshaft Engine,,FALSE,,
HB-ZVE,AS 350 B3,AS50,,HELICOPTER,Turboshaft Engine,,FALSE,,
HB-ZVH,A119,A119,,HELICOPTER,Turboshaft Engine,,FALSE,,
HB-ZVI,AS 350 B3,AS50,,HELICOPTER,Turboshaft Engine,,FALSE,,
HB-ZVK,CABRI G2,G2CA,,HELICOPTER,Piston Engine,,FALSE,,
HB-ZVO,AS 350 B3,AS50,,HELICOPTER,Turboshaft Engine,,FALSE,,
HB-ZVP,AS 350 B3,AS50,,HELICOPTER,Turboshaft Engine,,FALSE,,
HB-ZVQ,AS 350 B3,AS50,,HELICOPTER,Turboshaft Engine,,FALSE,,
HB-ZVR,AS 350 B3,AS50,,HELICOPTER,Turboshaft Engine,,FALSE,,
HB-ZVS,AS 350 B3,AS50,,HELICOPTER,Turboshaft Engine,,FALSE,,
HB-ZVU,AS 350 B3,AS50,,HELICOPTER,Turboshaft Engine,,FALSE,,
HB-ZVW,R44 II,R44,,HELICOPTER,Piston Engine,,FALSE,,
HB-ZVX,AS 350 B3,AS50,,HELICOPTER,Turboshaft Engine,,FALSE,,
HB-ZVY,AS 350 B3,AS50,,HELICOPTER,Turboshaft Engine,,FALSE,,
HB-ZVZ,R66,R66,,HELICOPTER,Turboshaft Engine,,FALSE,,
HB-ZWC,505,B505,,HELICOPTER,Turboshaft Engine,,FALSE,,
HB-ZWD,505,B505,,HELICOPTER,Turboshaft Engine,,FALSE,,
HB-ZWE,505,B505,,HELICOPTER,Turboshaft Engine,,FALSE,,
HB-ZWF,505,B505,,HELICOPTER,Turboshaft Engine,,FALSE,,
HB-ZWG,505,B505,,HELICOPTER,Turboshaft Engine,,FALSE,,
HB-ZWI,EC135 P3H,EC35,,HELICOPTER,Turboshaft Engine,,FALSE,,
HB-ZWJ,R44 II,R44,,HELICOPTER,Piston Engine,,FALSE,,
HB-ZWM,407,B407,,HELICOPTER,Turboshaft Engine,,FALSE,,
HB-ZWS,AW109SP,A109,,HELICOPTER,Turboshaft Engine,,FALSE,,
HB-ZWT,AS 350 B3,AS50,,HELICOPTER,Turboshaft Engine,,FALSE,,
HB-ZWV,AW109SP,A109,,HELICOPTER,Turboshaft Engine,,FALSE,,
HB-ZWW,369E,H500,,HELICOPTER,Turboshaft Engine,,FALSE,,
HB-ZWY,R22 BETA,R22,,HELICOPTER,Piston Engine,,FALSE,,
HB-ZWZ,407,B407,,HELICOPTER,Turboshaft Engine,,FALSE,,
HB-ZXD,AW09,,,HELICOPTER,Turboshaft Engine,,FALSE,,
HB-ZXE,505,B505,,HELICOPTER,Turboshaft Engine,,FALSE,,
HB-ZXF,AW09,,,HELICOPTER,Turboshaft Engine,,FALSE,,
HB-ZXG,206B,B06,,HELICOPTER,Turboshaft Engine,,FALSE,,
HB-ZXI,505,B505,,HELICOPTER,Turboshaft Engine,,FALSE,,
HB-ZXL,505,B505,,HELICOPTER,Turboshaft Engine,,FALSE,,
HB-ZXU,CABRI G2,G2CA,,HELICOPTER,Piston Engine,,FALSE,,
HB-ZXX,AS 350 B3,AS50,,HELICOPTER,Turboshaft Engine,,FALSE,,
HB-ZYA,AS 350 B3,AS50,,HELICOPTER,Turboshaft Engine,,FALSE,,
HB-ZYB,CABRI G2,G2CA,,HELICOPTER,Piston Engine,,FALSE,,
HB-ZYC,EC 120 B,EC20,,HELICOPTER,Turboshaft Engine,,FALSE,,
HB-ZYD,R44 II,R44,,HELICOPTER,Piston Engine,,FALSE,,
HB-ZYE,AS 350 B2,AS50,,HELICOPTER,Turboshaft Engine,,FALSE,,
HB-ZYF,AS 350 B2,AS50,,HELICOPTER,Turboshaft Engine,,FALSE,,
HB-ZYH,CABRI G2,G2CA,,HELICOPTER,Piston Engine,,FALSE,,
HB-ZYI,429,B429,,HELICOPTER,Turboshaft Engine,,FALSE,,
HB-ZYJ,505,B505,,HELICOPTER,Turboshaft Engine,,FALSE,,
HB-ZYK,R22 BETA,R22,,HELICOPTER,Piston Engine,,FALSE,,
HB-ZYL,CABRI G2,G2CA,,HELICOPTER,Piston Engine,,FALSE,,
HB-ZYM,369FF,H500,,HELICOPTER,Turboshaft Engine,,FALSE,,
HB-ZYN,505,B505,,HELICOPTER,Turboshaft Engine,,FALSE,,
HB-ZYO,R44 II,R44,,HELICOPTER,Piston Engine,,FALSE,,
HB-ZYP,R22 BETA,R22,,HELICOPTER,Piston Engine,,FALSE,,
HB-ZYQ,CABRI G2,G2CA,,HELICOPTER,Piston Engine,,FALSE,,
HB-ZYR,R44,R44,,HELICOPTER,Piston Engine,,FALSE,,
HB-ZYS,R66,R66,,HELICOPTER,Turboshaft Engine,,FALSE,,
HB-ZYT,R66,R66,,HELICOPTER,Turboshaft Engine,,FALSE,,
HB-ZYU,CABRI G2,G2CA,,HELICOPTER,Piston Engine,,FALSE,,
HB-ZYV,369E,H500,,HELICOPTER,Turboshaft Engine,,FALSE,,
HB-ZYW,R44,R44,,HELICOPTER,Piston Engine,,FALSE,,
HB-ZYX,CABRI G2,G2CA,,HELICOPTER,Piston Engine,,FALSE,,
HB-ZYZ,CABRI G2,G2CA,,HELICOPTER,Piston Engine,,FALSE,,
HB-ZZE,R22 BETA,R22,,HELICOPTER,Piston Engine,,FALSE,,
HB-ZZG,CABRI G2,G2CA,,HELICOPTER,Piston Engine,,FALSE,,
HB-ZZI,EC 120 B,EC20,,HELICOPTER,Turboshaft Engine,,FALSE,,
HB-ZZL,206B,B06,,HELICOPTER,Turboshaft Engine,,FALSE,,
HB-ZZM,MD900 (902 Configuration),EXPL,,HELICOPTER,Turboshaft Engine,,FALSE,,
HB-ZZO,AS 350 B3,AS50,,HELICOPTER,Turboshaft Engine,,FALSE,,
HB-ZZQ,EC135 P1 (CPDS),EC35,,HELICOPTER,Turboshaft Engine,,FALSE,,
HB-ZZR,AW109SP,A109,,HELICOPTER,Turboshaft Engine,,FALSE,,
HB-ZZT,AS 350 B3,AS50,,HELICOPTER,Turboshaft Engine,,FALSE,,
HB-ZZV,407,B407,,HELICOPTER,Turboshaft Engine,,FALSE,,
HB-ZZW,MD900 (902 Configuration),EXPL,,HELICOPTER,Turboshaft Engine,,FALSE,,
HB-ZZX,AS 350 B3,AS50,,HELICOPTER,Turboshaft Engine,,FALSE,,
HB-ZZZ,AS 350 B3,AS50,,HELICOPTER,Turboshaft Engine,,FALSE,,