code,description,role,engine_type,engine_count
A002,Gyrocopter,General Aviation,Piston,1
A1,Landplane,Other military,Piston,1
A10,Landplane,Other military,Jet,2
A109,Helicopter,Helicopter,Turboprop,2
A119,Helicopter,Helicopter,Turboprop,1
A122,Landplane,Military Trainer,Piston,1
A124,Landplane,Cargo Airliner,Jet,4
A129,Helicopter,Military Helicopter,Turboprop,2
A139,Helicopter,Helicopter,Turboprop,2
A140,Landplane,Passenger Airliner,Turboprop,2
A148,Landplane,Passenger Airliner,Jet,2
A149,Helicopter,Helicopter,Turboprop,2
A158,Landplane,Passenger Airliner,Jet,2
A16,Landplane,General Aviation,Piston,1
A169,Helicopter,Helicopter,Turboprop,2
A178,LandPlane,,Jet,2
A189,Helicopter,Helicopter,Turboprop,2
A19,Landplane,General Aviation,Piston,1
A19N,Landplane,Passenger Airliner,Jet,2
A20,Landplane,Bomber,Piston,2
A205,Gyrocopter,General Aviation,Piston,1
A20N,Landplane,Passenger Airliner,Jet,2
A21,Landplane,_unknown_,Piston,1
A210,Landplane,General Aviation,Piston,1
A211,Landplane,_unknown_,Piston,1
A21N,Landplane,Passenger Airliner,Jet,2
A22,Landplane,_unknown_,Piston,1
A223,Landplane,General Aviation,Piston,1
A225,Landplane,Cargo Airliner,Jet,6
A23,Landplane,_unknown_,Piston,1
A25,Amphibian,_unknown_,Piston,1
A251,Amphibian,General Aviation,Piston,2
A27,Landplane,_unknown_,Piston,1
A270,Landplane,General Aviation,Turboprop,1
A29,Landplane,_unknown_,Piston,1
A2RT,Helicopter,Helicopter,Turboprop,2
A3,Landplane,Bomber,Jet,2
A306,Landplane,Passenger Airliner,Jet,2
A30B,Landplane,Passenger Airliner,Jet,2
A31,Landplane,_unknown_,Piston,1
A310,Landplane,Passenger Airliner,Jet,2
A318,Landplane,Passenger Airliner,Jet,2
A319,Landplane,Passenger Airliner,Jet,2
A320,Landplane,Passenger Airliner,Jet,2
A321,Landplane,Passenger Airliner,Jet,2
A33,Landplane,_unknown_,Piston,1
A332,Landplane,Passenger Airliner,Jet,2
A333,Landplane,Passenger Airliner,Jet,2
A337,Landplane,Cargo Airliner,Jet,2
A338,Landplane,Passenger Airliner,Jet,2
A339,Landplane,Passenger Airliner,Jet,2
A342,Landplane,Passenger Airliner,Jet,4
A343,Landplane,Passenger Airliner,Jet,4
A345,Landplane,Passenger Airliner,Jet,4
A346,Landplane,Passenger Airliner,Jet,4
A35,Landplane,_unknown_,Piston,1
A358,Landplane,Passenger Airliner,Jet,2
A359,Landplane,Passenger Airliner,Jet,2
A35K,Landplane,Passenger Airliner,Jet,2
A37,Landplane,Other military,Jet,2
A388,Landplane,Passenger Airliner,Jet,4
A3ST,Landplane,Cargo Airliner,Jet,2
A4,Landplane,Other military,Jet,1
A400,Landplane,Military Cargo,Turboprop,4
A411,LandPlane,,Piston,2
A5,Amphibian,General Aviation,Piston,1
A50,Landplane,Reconnaissance,Jet,4
A500,Landplane,General Aviation,Piston,2
A504,Landplane,Fighter,Piston,1
A6,Landplane,Other military,Jet,2
A600,Helicopter,Helicopter,Piston,1
A660,Landplane,Agricultural,Turboprop,1
A7,Landplane,Other military,Jet,1
A700,Landplane,General Aviation,Piston,2
A743,Landplane,Passenger Airliner,Jet,2
A748,Landplane,Passenger Airliner,Turboprop,2
A890,Landplane,Ultralight,Piston,1
A9,Landplane,Agricultural,Piston,1
A900,Landplane,Ultralight,Piston,1
A910,Landplane,_unknown_,Piston,1
AA1,Landplane,General Aviation,Piston,1
AA37,Landplane,_unknown_,Piston,2
AA5,Landplane,General Aviation,Piston,1
AAT3,Landplane,General Aviation,Piston,1
AAT4,Landplane,General Aviation,Piston,1
AB11,Landplane,General Aviation,Piston,1
AB15,Landplane,General Aviation,Piston,1
AB18,Landplane,General Aviation,Piston,1
AB95,Landplane,General Aviation,Piston,1
AC10,Gyrocopter,General Aviation,Piston,1
AC11,Landplane,General Aviation,Piston,1
AC31,Helicopter,Helicopter,Turboprop,1
AC33,Helicopter,Helicopter,Turboprop,3
AC4,Landplane,Ultralight,Piston,1
AC50,Landplane,General Aviation,Piston,2
AC52,Landplane,General Aviation,Piston,2
AC56,Landplane,General Aviation,Piston,2
AC5A,Landplane,Passenger Airliner,Piston,1
AC5M,Landplane,Motor-Glider,Piston,1
AC68,Landplane,General Aviation,Piston,2
AC6L,Landplane,General Aviation,Piston,2
AC72,Landplane,General Aviation,Piston,2
AC80,Landplane,General Aviation,Turboprop,2
AC90,Landplane,General Aviation,Turboprop,2
AC95,Landplane,General Aviation,Turboprop,2
ACAM,Landplane,General Aviation,Piston,2
ACAR,Landplane,General Aviation,Piston,1
ACED,Landplane,General Aviation,Piston,1
ACJR,Amphibian,General Aviation,Piston,1
ACPL,Landplane,_unknown_,Piston,1
ACR2,Landplane,General Aviation,Piston,1
ACRD,Landplane,General Aviation,Piston,2
ACRO,Landplane,General Aviation,Piston,1
ACSR,Landplane,General Aviation,Piston,1
AD20,Landplane,_unknown_,Piston,1
ADEL,Gyrocopter,General Aviation,Piston,1
ADVE,Landplane,General Aviation,Piston,1
ADVN,Amphibian,General Aviation,Piston,1
AE45,Landplane,General Aviation,Piston,2
AEA1,Landplane,General Aviation,Piston,1
AERK,Landplane,General Aviation,Piston,1
AEST,Landplane,General Aviation,Piston,2
AFOX,Landplane,Ultralight,Piston,1
AG02,Landplane,General Aviation,Piston,1
AG04,LandPlane,,Piston,1
AG1,Gyrocopter,,Piston,1
AG10,LandPlane,,Piston,1
AG14,LandPlane,,Piston,1
AG60,Amphibian,,Turboprop/Turboshaft,4
AGSH,Amphibian,General Aviation,Piston,1
AI10,Landplane,General Aviation,Piston,1
AIGT,Landplane,General Aviation,Piston,1
AIRD,Landplane,General Aviation,Piston,1
AIRL,Landplane,Ultralight,Piston,2
AJ27,Landplane,Passenger Airliner,Jet,2
AJET,Landplane,Military Trainer,Jet,2
AK1,Landplane,Motor-Glider,Piston,1
AKNC,LandPlane,,Turboprop/Turboshaft,2
AKOY,Amphibian,General Aviation,Piston,1
AKRO,Landplane,General Aviation,Piston,1
ALBU,Landplane,_unknown_,Piston,1
ALC1,Landplane,_unknown_,Piston,1
ALGR,Landplane,Ultralight,Piston,1
ALH,Helicopter,Helicopter,Turboprop,2
ALIG,Landplane,General Aviation,Piston,1
ALIZ,Landplane,Other military,Turboprop,1
ALO2,Helicopter,Helicopter,Turboprop,1
ALO3,Helicopter,Helicopter,Turboprop,1
ALPI,Landplane,General Aviation,Piston,1
ALSL,Landplane,Ultralight,Piston,1
ALTO,Landplane,General Aviation,Piston,1
AM3,Landplane,Reconnaissance,Piston,1
AMX,Landplane,Other military,Jet,1
AN12,Landplane,Military Cargo,Turboprop,4
AN2,Landplane,General Aviation,Piston,1
AN22,Landplane,Military Cargo,Turboprop,4
AN24,Landplane,Military Cargo,Turboprop,2
AN26,Landplane,Military Cargo,Turboprop,2
AN28,Landplane,Passenger Airliner,Turboprop,2
AN3,Landplane,General Aviation,Turboprop,1
AN30,Landplane,Passenger Airliner,Turboprop,2
AN32,Landplane,Passenger Airliner,Turboprop,2
AN38,Landplane,Passenger Airliner,Turboprop,2
AN70,Landplane,Passenger Airliner,Turboprop,4
AN72,Landplane,Passenger Airliner,Jet,2
AN8,Landplane,Other military,Turboprop,2
ANDR,LandPlane,,Piston,1
ANGL,Landplane,General Aviation,Piston,2
ANKA,LandPlane,,Piston,1
ANSN,Landplane,General Aviation,Piston,2
ANST,Helicopter,Helicopter,Turboprop,2
AP20,Landplane,Ultralight,Piston,1
AP22,Landplane,Ultralight,Piston,1
AP24,Amphibian,General Aviation,Piston,1
AP26,Landplane,General Aviation,Piston,2
AP28,Landplane,_unknown_,Piston,2
AP32,LandPlane,,Piston,1
AP36,Landplane,General Aviation,Piston,2
APM2,Landplane,General Aviation,Piston,1
APM3,Landplane,General Aviation,Piston,1
APM4,Landplane,General Aviation,Piston,1
APUP,Landplane,General Aviation,Piston,1
AR1,Gyrocopter,,Piston,1
AR11,Landplane,General Aviation,Piston,1
AR15,Landplane,General Aviation,Piston,1
AR50,Landplane,General Aviation,Piston,1
AR5T,Landplane,General Aviation,Piston,1
AR65,Landplane,General Aviation,Piston,1
AR6T,Landplane,General Aviation,Piston,1
AR79,Landplane,General Aviation,Piston,1
ARCE,Landplane,Motor-Glider,Piston,1
ARCP,Landplane,Motor-Glider,Piston,1
ARES,Landplane,Other military,Jet,1
ARKS,Landplane,General Aviation,Piston,1
ARON,Landplane,_unknown_,Piston,1
ARV1,Landplane,General Aviation,Piston,1
ARVA,Landplane,Other military,Turboprop,2
ARWF,Landplane,General Aviation,Piston,1
AS02,Landplane,General Aviation,Piston,1
AS14,Landplane,Motor-Glider,Piston,1
AS16,Landplane,Motor-Glider,Piston,1
AS20,Landplane,Glider,No engine,0
AS21,Landplane,Glider,No engine,0
AS22,Landplane,Glider,No engine,0
AS24,Landplane,Glider,No engine,0
AS25,Landplane,Glider,No engine,0
AS26,Landplane,Glider,No engine,0
AS28,Landplane,Glider,No engine,0
AS29,Landplane,Glider,No engine,0
AS2T,Landplane,General Aviation,Turboprop,1
AS30,Landplane,Glider,No engine,0
AS31,Landplane,Glider,No engine,0
AS32,Helicopter,Helicopter,Turboprop,2
AS3B,Helicopter,Military Helicopter,Turboprop,2
AS50,Helicopter,Helicopter,Turboprop,1
AS55,Helicopter,Helicopter,Turboprop,1
AS65,Helicopter,Helicopter,Turboprop,2
AS80,Landplane,General Aviation,Piston,1
ASDR,LandPlane,,Piston,1
ASO4,Landplane,_unknown_,Piston,1
ASO5,LandPlane,,Piston,1
ASOX,LandPlane,,Piston,1
ASTO,Landplane,General Aviation,Piston,1
ASTR,Landplane,Business Jet,Jet,2
AT1,LandPlane,,Piston,1
AT2P,Landplane,Agricultural,Piston,1
AT3,Landplane,Military Trainer,Jet,2
AT3P,Landplane,Agricultural,Piston,1
AT3T,Landplane,Agricultural,Turboprop,1
AT43,Landplane,Passenger Airliner,Turboprop,2
AT44,Landplane,Passenger Airliner,Turboprop,2
AT45,Landplane,Passenger Airliner,Turboprop,2
AT46,Landplane,Passenger Airliner,Turboprop,2
AT5P,Landplane,Agricultural,Piston,1
AT5T,Landplane,Agricultural,Turboprop,1
AT6T,Landplane,Agricultural,Turboprop,1
AT72,Landplane,Passenger Airliner,Turboprop,2
AT73,Landplane,Passenger Airliner,Turboprop,2
AT75,Landplane,Passenger Airliner,Turboprop,2
AT76,Landplane,Passenger Airliner,Turboprop,2
AT8T,Landplane,Agricultural,Turboprop,1
ATAC,Landplane,General Aviation,Piston,1
ATG1,Landplane,Business Jet,Jet,2
ATIS,Landplane,General Aviation,Piston,1
ATL,Landplane,General Aviation,Piston,1
ATLA,Landplane,Reconnaissance,Turboprop,2
ATP,Landplane,Passenger Airliner,Turboprop,2
ATTL,Landplane,_unknown_,Piston,1
AU11,Landplane,Reconnaissance,Piston,1
AUJ2,Landplane,General Aviation,Piston,1
AUJ4,Landplane,General Aviation,Piston,1
AURA,LandPlane,,Piston,1
AUS3,Landplane,Reconnaissance,Piston,1
AUS4,Landplane,Other military,Piston,1
AUS5,Landplane,Other military,Piston,1
AUS6,Landplane,Reconnaissance,Piston,1
AUS7,Landplane,General Aviation,Piston,1
AUS9,Landplane,Reconnaissance,Piston,1
AV68,Landplane,Motor-Glider,Piston,1
AVAM,Amphibian,General Aviation,Piston,1
AVID,Landplane,General Aviation,Piston,1
AVIN,Landplane,General Aviation,Piston,1
AVK4,Landplane,General Aviation,Turboprop,2
AVLN,Amphibian,_unknown_,Turboprop,1
AVTR,Amphibian,Ultralight,Piston,1
AXE,LandPlane,,Electric,8
B06,Helicopter,Helicopter,Turboprop,1
B06T,Helicopter,Helicopter,Turboprop,2
B1,Landplane,Bomber,Jet,4
B103,Amphibian,General Aviation,Piston,2
B105,Helicopter,Helicopter,Turboprop,2
B13,Landplane,Motor-Glider,Piston,1
B14A,Landplane,General Aviation,Piston,1
B14B,Landplane,General Aviation,Piston,1
B14C,Landplane,General Aviation,Piston,1
B150,Helicopter,Helicopter,Piston,1
B17,Landplane,Bomber,Piston,4
B18T,Landplane,General Aviation,Turboprop,2
B190,Landplane,Passenger Airliner,Turboprop,2
B2,Landplane,Bomber,Jet,4
B209,Landplane,Helicopter,Piston,1
B21,LandPlane,,Jet,2
B212,Helicopter,Helicopter,Turboprop,1
B214,Helicopter,Helicopter,Turboprop,1
B222,Helicopter,Helicopter,Turboprop,2
B23,Landplane,Bomber,Piston,2
B230,Helicopter,Helicopter,Turboprop,2
B23E,LandPlane,,Electric,1
B24,Landplane,Bomber,Piston,4
B25,Landplane,Bomber,Piston,2
B26,Landplane,Bomber,Piston,2
B26M,Landplane,Bomber,Piston,2
B29,Landplane,Military Refueler,Piston,4
B305,Helicopter,Helicopter,Piston,1
B350,Landplane,Passenger Airliner,Turboprop,2
B360,Landplane,_unknown_,Piston,1
B36T,Landplane,Passenger Airliner,Turboprop,1
B37M,Landplane,Passenger Airliner,Jet,2
B38M,Landplane,Passenger Airliner,Jet,2
B39M,Landplane,Passenger Airliner,Jet,2
B3JM,Landplane,Passenger Airliner,Jet,2
B3XM,LandPlane,,Jet,2
B407,Helicopter,Helicopter,Turboprop,1
B412,Helicopter,Helicopter,Turboprop,2
B427,Helicopter,Helicopter,Turboprop,2
B429,Helicopter,Helicopter,Turboprop,2
B430,Helicopter,Helicopter,Turboprop,2
B461,Landplane,Passenger Airliner,Jet,4
B462,Landplane,Passenger Airliner,Jet,4
B463,Landplane,Passenger Airliner,Jet,4
B47G,Helicopter,Helicopter,Piston,1
B47J,Helicopter,Helicopter,Piston,1
B47T,Helicopter,Helicopter,Turboprop,1
B505,Helicopter,,Turboprop/Turboshaft,1
B52,Landplane,Bomber,Jet,8
B525,Helicopter,Helicopter,Turboprop,2
B58T,Landplane,General Aviation,Piston,2
B60,Landplane,General Aviation,Piston,1
B609,Tilt-wing,Helicopter,Turboprop,2
B60T,Landplane,General Aviation,Turboprop,2
B701,Landplane,Military Cargo,Jet,4
B703,Landplane,Other military,Jet,4
B712,Landplane,Passenger Airliner,Jet,2
B720,Landplane,Passenger Airliner,Jet,4
B721,Landplane,Passenger Airliner,Jet,3
B722,Landplane,Passenger Airliner,Jet,3
B731,Landplane,Passenger Airliner,Jet,2
B732,Landplane,Passenger Airliner,Jet,2
B733,Landplane,Passenger Airliner,Jet,2
B734,Landplane,Passenger Airliner,Jet,2
B735,Landplane,Passenger Airliner,Jet,2
B736,Landplane,Passenger Airliner,Jet,2
B737,Landplane,Military Cargo,Jet,2
B738,Landplane,Passenger Airliner,Jet,2
B739,Landplane,Passenger Airliner,Jet,2
B741,Landplane,Passenger Airliner,Jet,4
B742,Landplane,Other military,Jet,4
B743,Landplane,Passenger Airliner,Jet,4
B744,Landplane,Passenger Airliner,Jet,4
B748,Landplane,Passenger Airliner,Jet,4
B74D,Landplane,Passenger Airliner,Jet,4
B74R,Landplane,Passenger Airliner,Jet,4
B74S,Landplane,Passenger Airliner,Jet,4
B752,Landplane,Military Cargo,Jet,2
B753,Landplane,Passenger Airliner,Jet,2
B762,Landplane,Passenger Airliner,Jet,2
B763,Landplane,Passenger Airliner,Jet,2
B764,Landplane,Passenger Airliner,Jet,2
B772,Landplane,Passenger Airliner,Jet,2
B773,Landplane,Passenger Airliner,Jet,2
B778,Landplane,Passenger Airliner,Jet,2
B779,Landplane,Passenger Airliner,Jet,2
B77L,Landplane,Cargo Airliner,Jet,2
B77W,Landplane,Passenger Airliner,Jet,2
B788,Landplane,Passenger Airliner,Jet,2
B789,Landplane,Passenger Airliner,Jet,2
B78X,Landplane,Passenger Airliner,Jet,2
BA11,Landplane,Passenger Airliner,Jet,2
BABY,Helicopter,Helicopter,Piston,1
BALL,Balloon,Balloon,No engine,0
BAR6,Landplane,General Aviation,Piston,1
BARC,Landplane,General Aviation,Piston,1
BASS,Landplane,Other military,Piston,2
BBAT,Landplane,General Aviation,Piston,1
BBIR,Landplane,_unknown_,Piston,1
BCA3,Landplane,General Aviation,Piston,1
BCAT,Landplane,Fighter,Piston,1
BCMP,LandPlane,,Piston,1
BCS1,Landplane,Passenger Airliner,Jet,2
BCS3,Landplane,Passenger Airliner,Jet,2
BD10,Landplane,General Aviation,Jet,1
BD12,Landplane,General Aviation,Piston,1
BD17,Landplane,General Aviation,Piston,1
BD4,Landplane,General Aviation,Piston,1
BD5,Landplane,General Aviation,Piston,1
BD5J,Landplane,General Aviation,Jet,1
BD5T,Landplane,General Aviation,Turboprop,1
BDOG,Landplane,General Aviation,Piston,1
BE10,Landplane,Passenger Airliner,Turboprop,2
BE12,Amphibian,Other military,Turboprop,2
BE17,Landplane,General Aviation,Piston,1
BE18,Landplane,General Aviation,Piston,2
BE19,Landplane,Military Trainer,Piston,1
BE20,Landplane,Passenger Airliner,Turboprop,2
BE22,LandPlane,,Turboprop/Turboshaft,1
BE23,Landplane,General Aviation,Piston,1
BE24,Landplane,General Aviation,Piston,1
BE30,Landplane,Passenger Airliner,Turboprop,2
BE32,Landplane,Passenger Airliner,Turboprop,2
BE33,Landplane,General Aviation,Piston,1
BE35,Landplane,General Aviation,Piston,1
BE36,Landplane,General Aviation,Piston,1
BE40,Landplane,Business Jet,Jet,2
BE45,Landplane,Business Jet,Jet,2
BE4W,LandPlane,,Jet,2
BE50,Landplane,General Aviation,Piston,2
BE55,Landplane,General Aviation,Piston,2
BE56,Landplane,General Aviation,Piston,2
BE58,Landplane,General Aviation,Piston,2
BE60,Landplane,General Aviation,Piston,2
BE65,Landplane,Passenger Airliner,Piston,2
BE70,Landplane,Passenger Airliner,Piston,2
BE76,Landplane,General Aviation,Piston,2
BE77,Landplane,General Aviation,Piston,1
BE80,Landplane,Passenger Airliner,Piston,2
BE88,Landplane,Passenger Airliner,Piston,2
BE95,Landplane,General Aviation,Piston,2
BE99,Landplane,Passenger Airliner,Turboprop,2
BE9L,Landplane,Passenger Airliner,Turboprop,2
BE9T,Landplane,Passenger Airliner,Turboprop,2
BEA5,LandPlane,,Piston,1
BEAR,Landplane,General Aviation,Piston,1
BELF,Landplane,Cargo Airliner,Turboprop,4
BER2,Amphibian,Other military,Jet,2
BER4,Amphibian,Other military,Jet,2
BETA,Landplane,General Aviation,Piston,1
BEVR,Landplane,Ultralight,Piston,1
BF19,Landplane,Fighter,Piston,1
BFIT,Landplane,Fighter,Piston,1
BILO,Landplane,General Aviation,Piston,1
BIPL,Landplane,General Aviation,Piston,1
BIRD,Landplane,General Aviation,Piston,1
BISC,Landplane,Ultralight,Piston,1
BK17,Helicopter,Helicopter,Turboprop,2
BKUT,Landplane,General Aviation,Piston,1
BL11,Landplane,General Aviation,Piston,1
BL17,Landplane,General Aviation,Piston,1
BL19,Landplane,General Aviation,Piston,1
BL8,Landplane,General Aviation,Piston,1
BLBU,Landplane,General Aviation,Piston,1
BLCF,Landplane,Cargo Airliner,Jet,4
BLEN,Landplane,Bomber,Piston,2
BLKS,Landplane,Ultralight,Piston,1
BLSA,LandPlane,,Piston,1
BM6,Landplane,_unknown_,Piston,1
BMAN,Landplane,_unknown_,Piston,1
BN2P,Landplane,General Aviation,Piston,2
BN2T,Landplane,General Aviation,Turboprop,2
BO40,LandPlane,,Piston,1
BOBC,LandPlane,,Piston,1
BOLT,Landplane,General Aviation,Piston,1
BOOM,Landplane,General Aviation,Piston,2
BPAT,Landplane,General Aviation,Piston,1
BPOD,Landplane,General Aviation,Electric,4
BPUM,LandPlane,,Piston,1
BR14,Landplane,Reconnaissance,Piston,1
BR23,LandPlane,,Piston,1
BR54,Gyrocopter,General Aviation,Piston,1
BR60,Landplane,General Aviation,Piston,1
BR61,Landplane,General Aviation,Piston,1
BR8,LandPlane,,Piston,1
BRAV,Landplane,General Aviation,Piston,1
BRB2,Helicopter,Helicopter,Piston,1
BREZ,Landplane,Ultralight,Piston,1
BROU,Landplane,Other military,Piston,1
BS60,Landplane,General Aviation,Turboprop,2
BSCA,Landplane,Cargo Airliner,Jet,4
BSTP,Helicopter,Helicopter,Turboprop,2
BSTR,Landplane,_unknown_,Piston,1
BSWN,LandPlane,,Piston,1
BT36,Landplane,General Aviation,Piston,1
BT7,LandPlane,,Jet,1
BTB2,LandPlane,,Piston,1
BTB3,LandPlane,,Piston,1
BTUB,Landplane,General Aviation,Piston,1
BU20,Landplane,Passenger Airliner,Piston,3
BU31,Landplane,General Aviation,Piston,1
BU33,Landplane,General Aviation,Piston,1
BU81,Landplane,General Aviation,Piston,1
BUC,Landplane,Other military,Jet,2
BUCA,Amphibian,General Aviation,Piston,1
BULT,Landplane,General Aviation,Piston,1
BUSH,LandPlane,,Piston,1
BW60,LandPlane,,Piston,1
BW6T,LandPlane,,Piston,1
BX2,Landplane,General Aviation,Piston,1
C02T,Landplane,Passenger Airliner,Turboprop,2
C04T,Landplane,Passenger Airliner,Turboprop,2
C06T,Landplane,General Aviation,Turboprop,1
C07T,Landplane,Passenger Airliner,Turboprop,1
C08T,Landplane,Passenger Airliner,Turboprop,2
C1,Landplane,Military Cargo,Jet,2
C101,Landplane,Military Trainer,Jet,1
C10T,Landplane,General Aviation,Turboprop,1
C119,Landplane,Other military,Piston,2
C120,Landplane,General Aviation,Piston,1
C123,Landplane,Military Cargo,Piston,2
C125,Landplane,Cargo Airliner,Piston,3
C130,Landplane,Other military,Turboprop,4
C133,Landplane,Military Cargo,Turboprop,4
C135,Landplane,Other military,Jet,4
C140,Landplane,General Aviation,Piston,1
C141,Landplane,Military Cargo,Jet,4
C14T,Landplane,Passenger Airliner,Turboprop,2
C15,Landplane,Military Cargo,Jet,4
C150,Landplane,General Aviation,Piston,1
C152,Landplane,General Aviation,Piston,1
C160,Landplane,Military Cargo,Turboprop,2
C162,Landplane,General Aviation,Piston,1
C17,Landplane,Military Cargo,Jet,4
C170,Landplane,General Aviation,Piston,1
C172,Landplane,Military Trainer,Piston,1
C175,Landplane,General Aviation,Piston,1
C177,Landplane,General Aviation,Piston,1
C180,Landplane,General Aviation,Piston,1
C182,Landplane,General Aviation,Piston,1
C185,Landplane,General Aviation,Piston,1
C188,Landplane,General Aviation,Piston,1
C190,Landplane,General Aviation,Piston,1
C195,Landplane,General Aviation,Piston,1
C2,Landplane,Military Cargo,Turboprop,2
C205,Landplane,General Aviation,Piston,1
C206,Landplane,General Aviation,Piston,1
C207,Landplane,General Aviation,Piston,1
C208,Landplane,General Aviation,Turboprop,1
C210,Landplane,General Aviation,Piston,1
C212,Landplane,Passenger Airliner,Turboprop,2
C21T,Landplane,General Aviation,Turboprop,2
C22J,Landplane,Military Trainer,Jet,2
C240,Landplane,General Aviation,Piston,1
C25A,Landplane,Business Jet,Jet,2
C25B,Landplane,Business Jet,Jet,2
C25C,Landplane,Business Jet,Jet,2
C25M,Landplane,Business Jet,Jet,2
C270,Landplane,General Aviation,Piston,1
C27J,Landplane,Military Cargo,Turboprop,2
C295,Landplane,Military Cargo,Turboprop,2
C303,Landplane,General Aviation,Piston,2
C306,LandPlane,,Piston,1
C309,Landplane,_unknown_,Piston,1
C30J,Landplane,Military Refueler,Turboprop,4
C310,Landplane,General Aviation,Piston,2
C311,LandPlane,,Piston,1
C320,Landplane,General Aviation,Piston,2
C335,Landplane,General Aviation,Piston,2
C336,Landplane,General Aviation,Piston,2
C337,Landplane,Other military,Piston,2
C340,Landplane,General Aviation,Piston,2
C365,Landplane,Other military,Turboprop,1
C402,Landplane,General Aviation,Piston,2
C404,Landplane,Passenger Airliner,Piston,2
C408,LandPlane,,Turboprop/Turboshaft,2
C411,Landplane,General Aviation,Piston,2
C414,Landplane,General Aviation,Piston,2
C42,Landplane,Ultralight,Piston,1
C421,Landplane,General Aviation,Piston,2
C425,Landplane,Passenger Airliner,Turboprop,2
C441,Landplane,General Aviation,Turboprop,2
C46,Landplane,Military Trainer,Piston,4
C5,Landplane,Military Cargo,Jet,4
C500,Landplane,Business Jet,Jet,1
C501,Landplane,Business Jet,Jet,2
C510,Landplane,Business Jet,Jet,2
C525,Landplane,Business Jet,Jet,2
C526,Landplane,Business Jet,Jet,2
C550,Landplane,Business Jet,Jet,2
C551,Landplane,Business Jet,Jet,2
C55B,Landplane,Business Jet,Jet,2
C560,Landplane,Business Jet,Jet,2
C56X,Landplane,Business Jet,Jet,2
C5M,Landplane,Military Cargo,Jet,4
C650,Landplane,Business Jet,Jet,2
C680,Landplane,Business Jet,Jet,2
C68A,Landplane,Business Jet,Jet,2
C700,LandPlane,,Jet,2
C72R,Landplane,General Aviation,Piston,1
C750,Landplane,Business Jet,Jet,2
C77R,Landplane,General Aviation,Piston,1
C82,Landplane,Other military,Piston,2
C82R,Landplane,General Aviation,Piston,1
C82S,Landplane,General Aviation,Piston,1
C82T,Landplane,General Aviation,Piston,1
C919,Landplane,Passenger Airliner,Jet,2
C97,Landplane,Military Refueler,Piston,4
CA12,Landplane,Passenger Airliner,Turboprop,1
CA19,Landplane,Fighter,Piston,1
CA1P,Landplane,Passenger Airliner,Piston,1
CA1T,Landplane,Passenger Airliner,Turboprop,1
CA25,Landplane,Military Trainer,Piston,1
CA3,Landplane,General Aviation,Piston,1
CA4,Landplane,General Aviation,Piston,1
CA41,Landplane,Ultralight,Piston,1
CA6,Landplane,General Aviation,Piston,1
CA61,Landplane,General Aviation,Piston,1
CA65,Landplane,General Aviation,Piston,1
CA7P,Landplane,General Aviation,Piston,1
CA7T,Landplane,General Aviation,Turboprop,1
CA8,Landplane,General Aviation,Turboprop,1
CA9,Landplane,General Aviation,Turboprop,1
CABI,Landplane,Ultralight,Turboprop,1
CABN,Landplane,General Aviation,Piston,1
CAD2,Landplane,General Aviation,Piston,1
CAD4,Landplane,General Aviation,Piston,1
CAJ,Landplane,Business Jet,Jet,1
CAML,Landplane,Fighter,Piston,1
CAMP,Landplane,General Aviation,Piston,1
CAN4,Landplane,_unknown_,Piston,1
CAPL,Landplane,General Aviation,Piston,1
CAR,Landplane,General Aviation,Piston,1
CARV,Landplane,Passenger Airliner,Turboprop,4
CASS,Landplane,General Aviation,Piston,1
CAT,Seaplane,Bomber,Piston,2
CAT1,Landplane,General Aviation,Piston,1
CAT2,Landplane,General Aviation,Piston,2
CAW,Landplane,General Aviation,Piston,1
CB1,Landplane,General Aviation,Piston,1
CC11,LandPlane,,Piston,1
CC19,LandPlane,,Piston,1
CD2,Amphibian,Passenger Airliner,Turboprop,2
CDC6,Landplane,General Aviation,Piston,1
CDUS,Landplane,Ultralight,Piston,1
CDW1,Landplane,General Aviation,Piston,1
CE15,Seaplane,_unknown_,Piston,1
CE22,Amphibian,General Aviation,Piston,2
CE23,Amphibian,General Aviation,Piston,1
CE25,Amphibian,General Aviation,Piston,2
CE27,Amphibian,General Aviation,Piston,2
CE43,Landplane,General Aviation,Piston,1
CEGL,Landplane,_unknown_,Piston,1
CEL5,LandPlane,,Piston,1
CELR,Landplane,General Aviation,Piston,1
CENT,Landplane,General Aviation,Piston,1
CFRE,Amphibian,General Aviation,Piston,1
CG3,Landplane,Reconnaissance,Piston,1
CGAN,Seaplane,General Aviation,Piston,1
CH1,Landplane,_unknown_,Turboprop,1
CH10,Landplane,General Aviation,Piston,1
CH12,Helicopter,Helicopter,Piston,1
CH14,Helicopter,Helicopter,Turboprop,1
CH15,Landplane,General Aviation,Piston,1
CH18,Landplane,General Aviation,Piston,1
CH20,Landplane,General Aviation,Piston,1
CH25,Landplane,General Aviation,Piston,1
CH2T,Landplane,General Aviation,Piston,1
CH3,LandPlane,,Piston,1
CH30,Landplane,General Aviation,Piston,1
CH40,Landplane,General Aviation,Piston,2
CH50,Landplane,General Aviation,Piston,1
CH60,Landplane,General Aviation,Piston,1
CH62,Landplane,General Aviation,Piston,2
CH64,Landplane,General Aviation,Piston,1
CH65,Landplane,General Aviation,Piston,1
CH7,Helicopter,Helicopter,Piston,1
CH70,Landplane,General Aviation,Piston,1
CH75,Landplane,General Aviation,Piston,1
CH7A,Landplane,General Aviation,Piston,1
CH7B,Landplane,General Aviation,Piston,1
CH80,Landplane,General Aviation,Piston,1
CHAN,Landplane,_unknown_,Piston,1
CHCS,Landplane,Motor-Glider,Piston,1
CHGO,Landplane,General Aviation,Piston,1
CHIC,Landplane,_unknown_,Piston,1
CHIF,Helicopter,Helicopter,Piston,1
CHIN,Landplane,Ultralight,Piston,1
CHIP,Landplane,_unknown_,Piston,1
CHP2,LandPlane,,Piston,1
CHR1,Landplane,_unknown_,Piston,1
CHR4,Landplane,_unknown_,Piston,1
CHSY,Gyrocopter,General Aviation,Piston,1
CICA,Landplane,General Aviation,Piston,2
CJ1,Landplane,General Aviation,Piston,1
CJ6,Landplane,Military Trainer,Piston,1
CKUO,Landplane,Fighter,Jet,2
CL2P,Landplane,General Aviation,Piston,2
CL2T,Amphibian,General Aviation,Turboprop,2
CL30,Landplane,Business Jet,Jet,2
CL35,Landplane,Business Jet,Jet,2
CL41,Landplane,Military Trainer,Jet,1
CL44,Landplane,Passenger Airliner,Turboprop,4
CL4G,Landplane,Cargo Airliner,Turboprop,4
CL60,Landplane,Business Jet,Jet,2
CL8,Landplane,_unknown_,Piston,1
CLA,Landplane,General Aviation,Piston,1
CLB1,Landplane,General Aviation,Piston,1
CLBR,Landplane,General Aviation,Piston,1
CLD2,Gyrocopter,Ultralight,Piston,1
CLDS,Landplane,General Aviation,Piston,1
CLON,Landplane,Ultralight,Piston,1
CMA3,Landplane,Ultralight,Piston,1
CMAS,Landplane,General Aviation,Piston,1
CMD1,Gyrocopter,General Aviation,Piston,1
CMDE,Gyrocopter,General Aviation,Piston,1
CMDT,Gyrocopter,General Aviation,Piston,1
CN12,Landplane,General Aviation,Piston,1
CN35,Landplane,Reconnaissance,Turboprop,2
CNBR,Landplane,Bomber,Jet,2
CNDR,Landplane,General Aviation,Turboprop,2
CNGP,Landplane,General Aviation,Piston,1
CNUK,Landplane,General Aviation,Piston,1
CO50,Landplane,General Aviation,Piston,1
COAR,Landplane,General Aviation,Piston,1
COBR,Landplane,General Aviation,Piston,1
COL3,Landplane,General Aviation,Piston,1
COL4,Landplane,General Aviation,Piston,1
COLT,LandPlane,,Piston,1
COMU,Helicopter,Helicopter,Piston,1
CONC,Landplane,Passenger Airliner,Jet,4
CONI,Landplane,Military Cargo,Piston,4
COOT,Amphibian,General Aviation,Piston,1
CORO,Landplane,Ultralight,Piston,1
CORR,Landplane,General Aviation,Piston,1
CORS,Landplane,Fighter,Piston,1
CORV,Landplane,_unknown_,Piston,2
COUG,Landplane,General Aviation,Piston,1
COUR,Landplane,General Aviation,Piston,1
COY2,Landplane,General Aviation,Piston,1
COZJ,LandPlane,,Jet,1
COZY,Landplane,General Aviation,Piston,1
CP10,Landplane,General Aviation,Piston,1
CP13,Landplane,General Aviation,Piston,1
CP20,Landplane,General Aviation,Piston,1
CP21,Landplane,General Aviation,Piston,1
CP22,Landplane,General Aviation,Piston,1
CP23,Landplane,General Aviation,Piston,1
CP30,Landplane,General Aviation,Piston,1
CP32,Landplane,General Aviation,Piston,1
CP60,Landplane,General Aviation,Piston,1
CP65,Landplane,General Aviation,Piston,1
CP75,Landplane,General Aviation,Piston,1
CP80,Landplane,General Aviation,Piston,1
CP90,Landplane,General Aviation,Piston,1
CPNA,Landplane,General Aviation,Piston,1
CPUP,Landplane,General Aviation,Piston,1
CR10,Landplane,General Aviation,Piston,1
CRA1,Landplane,General Aviation,Piston,1
CRAC,Landplane,_unknown_,Piston,1
CRBN,LandPlane,,Piston,1
CRER,Landplane,General Aviation,Piston,1
CRES,Landplane,Passenger Airliner,Turboprop,1
CRIO,Amphibian,Ultralight,Piston,1
CRJ1,Landplane,Passenger Airliner,Jet,2
CRJ2,Landplane,Passenger Airliner,Jet,2
CRJ7,Landplane,Passenger Airliner,Jet,2
CRJ9,Landplane,Passenger Airliner,Jet,2
CRJX,Landplane,Passenger Airliner,Jet,2
CRUZ,Landplane,General Aviation,Piston,1
CT4,Landplane,General Aviation,Piston,1
CTAH,Landplane,Ultralight,Piston,1
CTLN,Amphibian,Ultralight,Piston,1
CUB2,Landplane,General Aviation,Piston,1
CUCA,Landplane,General Aviation,Piston,1
CUDA,LandPlane,,Piston,1
CULP,Landplane,General Aviation,Piston,1
CULV,Landplane,General Aviation,Piston,1
CULX,Landplane,General Aviation,Piston,2
CVLP,Landplane,Passenger Airliner,Piston,2
CVLT,Landplane,Passenger Airliner,Turboprop,2
CX5,Landplane,General Aviation,Piston,1
CYCL,Landplane,General Aviation,Piston,1
CYGT,Landplane,General Aviation,Piston,1
D1,Landplane,General Aviation,Piston,2
D11,Landplane,General Aviation,Piston,1
D139,Landplane,General Aviation,Piston,1
D140,Landplane,General Aviation,Piston,1
D150,Landplane,General Aviation,Piston,1
D18,Landplane,General Aviation,Piston,1
D201,Landplane,General Aviation,Piston,1
D21,LandPlane,,Piston,1
D228,Landplane,Passenger Airliner,Turboprop,2
D24,LandPlane,,Piston,1
D25,Landplane,General Aviation,Piston,1
D250,Landplane,General Aviation,Piston,1
D253,Landplane,General Aviation,Piston,1
D28D,Landplane,Passenger Airliner,Piston,2
D28T,Landplane,Passenger Airliner,Turboprop,2
D31,Landplane,Ultralight,Piston,1
D328,Landplane,Passenger Airliner,Turboprop,2
D39,Landplane,Motor-Glider,Piston,1
D4,Landplane,General Aviation,Piston,1
D5,Landplane,General Aviation,Piston,1
D5TU,Landplane,General Aviation,Piston,1
D6,Landplane,General Aviation,Piston,1
D6CR,Landplane,General Aviation,Piston,1
D6SL,Landplane,General Aviation,Piston,1
D7,Landplane,Fighter,Piston,1
D8,Landplane,Fighter,Piston,1
DA2,Landplane,General Aviation,Piston,1
DA36,Landplane,Motor-Glider,Electric,1
DA40,Landplane,General Aviation,Piston,1
DA42,Landplane,General Aviation,Piston,2
DA5,Landplane,General Aviation,Piston,1
DA50,Landplane,General Aviation,Piston,1
DA62,Landplane,General Aviation,Piston,2
DAHU,Landplane,General Aviation,Piston,1
DAKH,Landplane,General Aviation,Piston,1
DAL1,Landplane,General Aviation,Piston,1
DAL4,Landplane,General Aviation,Piston,1
DAL5,Landplane,Ultralight,Piston,1
DART,Landplane,_unknown_,Piston,1
DC10,Landplane,Military Refueler,Jet,3
DC2,Landplane,Passenger Airliner,Piston,2
DC3,Landplane,Military Cargo,Piston,2
DC3S,Landplane,Passenger Airliner,Piston,2
DC3T,Landplane,Cargo Airliner,Turboprop,3
DC4,Landplane,Military Cargo,Piston,4
DC6,Landplane,Passenger Airliner,Piston,4
DC7,Landplane,Passenger Airliner,Piston,4
DC85,Landplane,Passenger Airliner,Jet,4
DC86,Landplane,Passenger Airliner,Jet,4
DC87,Landplane,Passenger Airliner,Jet,4
DC91,Landplane,Passenger Airliner,Jet,2
DC92,Landplane,Passenger Airliner,Jet,2
DC93,Landplane,Passenger Airliner,Jet,2
DC94,Landplane,Passenger Airliner,Jet,2
DC95,Landplane,Passenger Airliner,Jet,2
DDUC,LandPlane,,Piston,1
DEAG,Gyrocopter,General Aviation,Piston,1
DEFI,Landplane,General Aviation,Piston,2
DELF,Landplane,_unknown_,Piston,1
DF10,LandPlane,,Piston,1
DF1M,LandPlane,,Piston,1
DF2,LandPlane,,Piston,1
DF3,LandPlane,,Piston,1
DFL6,Landplane,_unknown_,Piston,1
DFLY,Landplane,General Aviation,Piston,1
DG15,Landplane,General Aviation,Piston,1
DG1T,Landplane,Glider,No engine,0
DG40,Landplane,Motor-Glider,Piston,1
DG50,Landplane,Glider,No engine,0
DG60,Landplane,Glider,No engine,0
DG80,Landplane,Glider,No engine,0
DH2T,Landplane,Passenger Airliner,Turboprop,1
DH3T,Landplane,Passenger Airliner,Turboprop,1
DH4T,LandPlane,,Turboprop/Turboshaft,2
DH60,Landplane,General Aviation,Piston,1
DH80,Landplane,General Aviation,Piston,1
DH82,Landplane,Military Trainer,Piston,1
DH83,Landplane,General Aviation,Piston,1
DH84,LandPlane,,Piston,2
DH85,Landplane,General Aviation,Piston,1
DH87,Landplane,General Aviation,Piston,1
DH88,Landplane,General Aviation,Piston,2
DH89,Landplane,Passenger Airliner,Piston,2
DH8A,Landplane,Passenger Airliner,Turboprop,2
DH8B,Landplane,Passenger Airliner,Turboprop,2
DH8C,Landplane,Passenger Airliner,Turboprop,2
DH8D,Landplane,Passenger Airliner,Turboprop,2
DH90,Landplane,General Aviation,Piston,2
DH94,Landplane,General Aviation,Piston,1
DHA3,Landplane,Passenger Airliner,Piston,3
DHC1,Landplane,General Aviation,Piston,1
DHC2,Landplane,Passenger Airliner,Piston,1
DHC3,Landplane,Passenger Airliner,Piston,1
DHC4,Landplane,General Aviation,Piston,2
DHC5,Landplane,General Aviation,Turboprop,2
DHC6,Landplane,Passenger Airliner,Turboprop,2
DHC7,Landplane,Passenger Airliner,Turboprop,4
DIES,Landplane,_unknown_,Piston,1
DIJ3,Landplane,_unknown_,Piston,1
DIJ4,Amphibian,_unknown_,Piston,1
DIMO,Landplane,Motor-Glider,Piston,1
DINO,Landplane,General Aviation,Piston,1
DIPR,Amphibian,General Aviation,Piston,1
DISC,Landplane,Glider,No engine,0
DJET,Landplane,Business Jet,Jet,1
DJIN,Helicopter,Helicopter,Turboprop,1
DLH2,Landplane,Motor-Glider,Electric,1
DLTA,Landplane,General Aviation,Piston,1
DNGO,Amphibian,_unknown_,Turboprop,1
DO27,Landplane,General Aviation,Piston,1
DO28,Landplane,Passenger Airliner,Piston,2
DOCX,Landplane,_unknown_,Piston,1
DON,Landplane,_unknown_,Piston,1
DOVE,Landplane,Passenger Airliner,Piston,2
DR1,Landplane,Fighter,Piston,1
DR10,Landplane,General Aviation,Piston,1
DR22,Landplane,General Aviation,Piston,1
DR30,Landplane,General Aviation,Piston,1
DR40,Landplane,General Aviation,Piston,1
DRAG,Helicopter,Helicopter,Piston,1
DRIF,Landplane,General Aviation,Piston,1
DRTG,Landplane,General Aviation,Piston,1
DSA1,Landplane,General Aviation,Piston,1
DSK,Landplane,General Aviation,Piston,1
DSLK,Landplane,General Aviation,Piston,1
DT45,LandPlane,,Turboprop/Turboshaft,1
DTA1,LandPlane,,Piston,1
DTA2,LandPlane,,Piston,1
DUB2,Landplane,_unknown_,Piston,1
DUCE,Landplane,General Aviation,Piston,1
DUOD,Landplane,Glider,No engine,0
DUR5,Landplane,_unknown_,Piston,1
DV1,Landplane,General Aviation,Piston,1
DV2,Landplane,General Aviation,Piston,1
DV20,Landplane,General Aviation,Piston,1
DW1,Landplane,Agricultural,Piston,1
DWD2,Landplane,Military Trainer,Piston,1
DYH2,Helicopter,Helicopter,Piston,1
DYH3,Helicopter,,Piston,1
E110,Landplane,Passenger Airliner,Turboprop,2
E120,Landplane,Passenger Airliner,Turboprop,2
E121,Landplane,Passenger Airliner,Turboprop,2
E135,Landplane,Passenger Airliner,Jet,2
E145,Landplane,Passenger Airliner,Jet,2
E170,Landplane,Passenger Airliner,Jet,2
E190,Landplane,Business Jet,Jet,2
E195,Landplane,Passenger Airliner,Jet,2
E2,Landplane,Reconnaissance,Turboprop,2
E200,Landplane,General Aviation,Piston,1
E230,Landplane,General Aviation,Piston,1
E275,LandPlane,,Jet,2
E290,LandPlane,,Jet,2
E295,LandPlane,,Jet,2
E2CB,Landplane,General Aviation,Piston,1
E300,Landplane,General Aviation,Piston,1
E314,Landplane,Other military,Turboprop,1
E350,Landplane,General Aviation,Turboprop,1
E35L,Landplane,Business Jet,Jet,2
E390,LandPlane,,Jet,2
E3CF,Landplane,Reconnaissance,Jet,4
E3TF,Landplane,Reconnaissance,Jet,4
E400,Landplane,General Aviation,Piston,1
E45X,Landplane,Passenger Airliner,Jet,2
E500,Landplane,General Aviation,Turboprop,1
E50P,Landplane,Business Jet,Jet,2
E530,LandPlane,,Jet,2
E545,Landplane,Business Jet,Jet,2
E550,Landplane,Business Jet,Jet,2
E55P,Landplane,Business Jet,Jet,2
E6,Landplane,Other military,Jet,4
E737,Landplane,Reconnaissance,Jet,2
E75L,Landplane,Passenger Airliner,Jet,2
E75S,Landplane,Passenger Airliner,Jet,2
E767,Landplane,Reconnaissance,Jet,2
E7BH,Landplane,General Aviation,Piston,1
EA40,Landplane,Business Jet,Jet,1
EA50,Landplane,Business Jet,Jet,2
EAEA,Landplane,General Aviation,Piston,1
EAGL,Landplane,General Aviation,Piston,1
EAGT,Landplane,Motor-Glider,Piston,1
EAGX,Landplane,General Aviation,Piston,1
EBOY,LandPlane,,Piston,1
EC20,Helicopter,Helicopter,Turboprop,1
EC25,Helicopter,Helicopter,Turboprop,2
EC30,Helicopter,Helicopter,Turboprop,1
EC35,Helicopter,Helicopter,Turboprop,2
EC45,Helicopter,Helicopter,Turboprop,2
EC55,Helicopter,Helicopter,Turboprop,2
EC6,Landplane,General Aviation,Piston,1
EC75,Helicopter,Helicopter,Turboprop,2
ECHO,Landplane,General Aviation,Piston,1
EDGE,Landplane,General Aviation,Piston,1
EDGT,Landplane,General Aviation,Piston,1
EF2,LandPlane,,Electric,1
EFAN,LandPlane,,Electric,2
EFOX,Landplane,General Aviation,Piston,1
EFUS,LandPlane,,Electric,1
EGL3,Helicopter,Helicopter,Turboprop,1
EGRT,Landplane,Other military,Turboprop,1
EH10,Helicopter,Helicopter,Turboprop,3
EL10,Gyrocopter,,Piston,1
EL20,Landplane,_unknown_,Piston,1
ELA7,Gyrocopter,General Aviation,Piston,1
ELF,Landplane,General Aviation,Piston,1
ELIT,Landplane,General Aviation,Turboprop,1
ELPS,Landplane,General Aviation,Piston,1
ELSP,LandPlane,,Piston,1
ELST,Landplane,General Aviation,Piston,1
ELTO,Helicopter,Helicopter,Piston,1
ELTR,Landplane,General Aviation,Piston,1
EM10,Landplane,Military Trainer,Jet,1
EM11,Landplane,General Aviation,Piston,2
EN28,Helicopter,Helicopter,Turboprop,1
EN48,Helicopter,Helicopter,Turboprop,1
EP9,Landplane,General Aviation,Piston,1
EPER,Landplane,_unknown_,Piston,1
EPIC,Landplane,General Aviation,Turboprop,1
EPX1,Landplane,_unknown_,Piston,1
ERAC,Landplane,General Aviation,Piston,1
ERCO,Landplane,General Aviation,Piston,1
ES11,Helicopter,Helicopter,Turboprop,1
ES13,Landplane,General Aviation,Piston,1
ESCA,Landplane,_unknown_,Turboprop,1
ESCP,Landplane,General Aviation,Piston,1
ESQL,Landplane,_unknown_,Piston,1
ETAR,Landplane,Fighter,Jet,1
EUFI,Landplane,Fighter,Jet,2
EUPA,Landplane,General Aviation,Piston,1
EURT,Landplane,General Aviation,Piston,1
EV55,Landplane,General Aviation,Turboprop,2
EV97,Landplane,Ultralight,Piston,1
EVAN,Landplane,Passenger Airliner,Piston,2
EVIC,Landplane,Business Jet,Jet,1
EVOP,Landplane,General Aviation,Piston,1
EVOT,Landplane,General Aviation,Turboprop,1
EVSS,Landplane,General Aviation,Piston,1
EX5T,Landplane,Passenger Airliner,Turboprop,1
EXEC,Helicopter,Helicopter,Piston,1
EXEJ,Helicopter,Helicopter,Turboprop,1
EXNG,LandPlane,,Piston,1
EXPL,Helicopter,Helicopter,Turboprop,2
EXPR,Landplane,General Aviation,Piston,1
EZFL,Landplane,Ultralight,Piston,1
EZFT,Landplane,Ultralight,Piston,2
EZHV,Landplane,General Aviation,Piston,1
EZIK,Landplane,Agricultural,Piston,1
EZKC,Landplane,Ultralight,Piston,1
F1,Landplane,Fighter,Jet,2
F100,Landplane,Passenger Airliner,Jet,2
F104,Landplane,Fighter,Jet,1
F106,Landplane,Interceptor,Jet,1
F111,Landplane,Other military,Jet,2
F117,Landplane,Other military,Jet,2
F13,LandPlane,,Piston,1
F14,Landplane,Fighter,Jet,2
F15,Landplane,Fighter,Jet,2
F156,Landplane,General Aviation,Piston,1
F16,Landplane,Fighter,Jet,1
F16X,Landplane,Fighter,Jet,1
F18H,Landplane,Fighter,Jet,2
F18S,Landplane,Other military,Jet,2
F1FV,Landplane,General Aviation,Piston,1
F2,Landplane,Fighter,Jet,1
F22,Landplane,Fighter,Jet,2
F260,Landplane,General Aviation,Piston,1
F26T,Landplane,General Aviation,Turboprop,1
F27,Landplane,Passenger Airliner,Turboprop,2
F28,Landplane,Passenger Airliner,Jet,2
F2TH,Landplane,Business Jet,Jet,2
F30,Landplane,General Aviation,Piston,1
F35,Landplane,Fighter,Jet,1
F3F,Landplane,Fighter,Piston,1
F4,Landplane,Fighter,Jet,2
F402,LandPlane,,Turboprop/Turboshaft,1
F406,Landplane,Passenger Airliner,Turboprop,2
F41E,Landplane,_unknown_,Piston,2
F421,LandPlane,,Turboprop/Turboshaft,1
F5,Landplane,Fighter,Jet,2
F50,Landplane,Passenger Airliner,Turboprop,2
F5SA,Landplane,_unknown_,Jet,2
F60,Landplane,Cargo Airliner,Turboprop,2
F600,Landplane,Passenger Airliner,Turboprop,2
F7,LandPlane,,Piston,3
F70,Landplane,Passenger Airliner,Jet,2
F8,Landplane,Fighter,Jet,1
F86,Landplane,Fighter,Jet,1
F8L,Landplane,General Aviation,Piston,1
F900,Landplane,Business Jet,Jet,3
F9F,Landplane,Fighter,Jet,1
FA01,Landplane,Ultralight,Piston,1
FA02,Landplane,Ultralight,Piston,1
FA03,Landplane,Ultralight,Piston,1
FA04,Landplane,Ultralight,Piston,1
FA10,Landplane,Business Jet,Jet,2
FA11,Landplane,Passenger Airliner,Piston,1
FA20,Landplane,Business Jet,Jet,2
FA24,Landplane,General Aviation,Piston,1
FA50,Landplane,Business Jet,Jet,3
FA5X,Landplane,Business Jet,Jet,2
FA62,Landplane,Military Trainer,Piston,1
FA6X,LandPlane,,Jet,2
FA7X,Landplane,Business Jet,Jet,3
FA8X,Landplane,Business Jet,Jet,3
FAET,Landplane,Ultralight,Piston,1
FALC,Landplane,Ultralight,Piston,1
FALM,Landplane,General Aviation,Piston,1
FANL,Landplane,Military Trainer,Piston,1
FANT,Landplane,Military Trainer,Piston,1
FB1A,Landplane,General Aviation,Piston,1
FB1B,Landplane,General Aviation,Piston,1
FB5,Landplane,Ultralight,Piston,1
FBA2,Landplane,General Aviation,Piston,1
FBIR,Landplane,_unknown_,Piston,1
FC1,Landplane,Fighter,Jet,1
FD2E,LandPlane,,Electric,1
FDCT,Landplane,Ultralight,Piston,1
FDF2,LandPlane,,Piston,1
FDMC,Landplane,Ultralight,Piston,1
FE51,Landplane,Fighter,Piston,1
FEST,Landplane,Ultralight,Piston,1
FFLY,Landplane,Fighter,Piston,1
FG01,Landplane,_unknown_,Piston,1
FGT,Landplane,_unknown_,Piston,1
FH11,Helicopter,Helicopter,Turboprop,1
FIBO,Landplane,General Aviation,Piston,1
FIKD,Landplane,General Aviation,Piston,1
FIKE,Landplane,General Aviation,Piston,1
FINC,Landplane,General Aviation,Piston,1
FJ10,Landplane,Business Jet,Jet,2
FJR3,Landplane,General Aviation,Piston,1
FK12,Landplane,Ultralight,Piston,1
FK14,Landplane,Ultralight,Piston,1
FK9,Landplane,Ultralight,Piston,1
FL3,Landplane,General Aviation,Piston,1
FL53,Landplane,General Aviation,Piston,1
FL54,Landplane,General Aviation,Piston,1
FL55,Landplane,General Aviation,Piston,1
FLAM,Landplane,Other military,Piston,2
FLCO,LandPlane,,Piston,1
FLE2,Landplane,General Aviation,Piston,1
FLE7,Landplane,General Aviation,Piston,1
FLIZ,Landplane,_unknown_,Piston,1
FLSH,Landplane,Ultralight,Piston,1
FLSS,Landplane,Ultralight,Piston,1
FM25,Landplane,Ultralight,Piston,1
FMGO,LandPlane,,Piston,1
FN33,Amphibian,General Aviation,Piston,1
FNKB,Landplane,General Aviation,Piston,1
FOOF,Landplane,General Aviation,Piston,1
FORT,Landplane,Military Trainer,Piston,1
FOUG,Landplane,Military Trainer,Jet,2
FOX,Landplane,General Aviation,Piston,1
FOXT,Landplane,General Aviation,Piston,1
FRBD,LandPlane,,Piston,1
FREE,Landplane,General Aviation,Piston,1
FREL,Helicopter,Helicopter,Turboprop,3
FRNT,Landplane,Ultralight,Piston,1
FRON,Landplane,General Aviation,Piston,1
FS51,Landplane,General Aviation,Piston,1
FT30,Landplane,_unknown_,Piston,1
FU24,Landplane,Agricultural,Piston,1
FURY,Landplane,Fighter,Piston,1
FUSI,LandPlane,,Piston,1
FW02,Amphibian,,Piston,1
FW19,Landplane,_unknown_,Piston,1
FW21,Landplane,_unknown_,Piston,1
FW44,Landplane,General Aviation,Piston,1
FW90,Landplane,Fighter,Piston,1
FWSB,Amphibian,,Piston,1
FX1,LandPlane,,Piston,1
G1,Landplane,Ultralight,Piston,2
G103,Landplane,Glider,No engine,0
G109,Landplane,Motor-Glider,Piston,1
G115,Landplane,General Aviation,Piston,1
G120,Landplane,General Aviation,Piston,1
G12T,Landplane,General Aviation,Turboprop,1
G140,Landplane,General Aviation,Turboprop,1
G150,Landplane,Business Jet,Jet,2
G159,Landplane,Passenger Airliner,Turboprop,2
G15T,Landplane,General Aviation,Piston,1
G160,Landplane,General Aviation,Turboprop,1
G164,Landplane,Agricultural,Piston,1
G180,Landplane,General Aviation,Piston,1
G200,Landplane,General Aviation,Piston,1
G202,Landplane,General Aviation,Piston,1
G21,Amphibian,Passenger Airliner,Piston,2
G21M,Amphibian,Passenger Airliner,Piston,4
G21T,Amphibian,Passenger Airliner,Turboprop,2
G222,Landplane,Military Cargo,Turboprop,2
G250,Landplane,Business Jet,Jet,2
G280,Landplane,Business Jet,Jet,2
G2CA,Helicopter,Helicopter,Piston,1
G2GL,Landplane,Military Trainer,Jet,1
G2T1,Landplane,General Aviation,Piston,1
G3,Landplane,Ultralight,Piston,1
G300,Landplane,_unknown_,Piston,1
G44,Amphibian,General Aviation,Piston,2
G46,Landplane,Military Trainer,Piston,1
G4SG,Landplane,Military Trainer,Jet,1
G59,Landplane,Fighter,Piston,1
G64T,Landplane,Agricultural,Turboprop,1
G70,LandPlane,,Piston,1
G73,Amphibian,Passenger Airliner,Piston,2
G73T,Amphibian,Passenger Airliner,Turboprop,2
G800,Landplane,General Aviation,Piston,1
G850,Landplane,General Aviation,Piston,2
G91,LandPlane,,Jet,1
G96,Landplane,_unknown_,Piston,2
G97,Landplane,_unknown_,Piston,1
GA10,Landplane,General Aviation,Turboprop,1
GA20,Landplane,Agricultural,Piston,1
GA3C,LandPlane,,Jet,2
GA4C,LandPlane,,Jet,2
GA5C,Landplane,Business Jet,Jet,2
GA6C,Landplane,Business Jet,Jet,2
GA7,Landplane,General Aviation,Piston,2
GA7C,LandPlane,,Jet,2
GA8,Landplane,Passenger Airliner,Piston,1
GA8C,LandPlane,,Jet,2
GABR,LandPlane,,Piston,1
GALX,Landplane,Business Jet,Jet,2
GANT,Landplane,Bomber,Turboprop,1
GAUN,Landplane,Fighter,Piston,1
GAVI,Landplane,General Aviation,Piston,1
GAZL,Helicopter,Helicopter,Turboprop,1
GB1,LandPlane,,Piston,1
GBSP,Landplane,General Aviation,Piston,1
GC1,Landplane,General Aviation,Piston,1
GDUK,Amphibian,General Aviation,Piston,2
GEMI,Landplane,General Aviation,Piston,2
GENI,Landplane,General Aviation,Electric,1
GEPE,Landplane,Ultralight,Piston,1
GF20,Landplane,General Aviation,Piston,1
GFLY,Landplane,General Aviation,Jet,1
GJ11,LandPlane,,Jet,1
GL5T,Landplane,Reconnaissance,Jet,2
GL7T,LandPlane,,Jet,2
GLAD,Landplane,Fighter,Piston,1
GLAS,Landplane,General Aviation,Piston,1
GLEX,Landplane,Business Jet,Jet,2
GLF2,Landplane,Business Jet,Jet,2
GLF3,Landplane,Business Jet,Jet,2
GLF4,Landplane,Business Jet,Jet,2
GLF5,Landplane,Business Jet,Jet,2
GLF6,Landplane,Business Jet,Jet,2
GLID,Landplane,Glider,No engine,0
GLSP,Landplane,General Aviation,Piston,1
GLST,Landplane,General Aviation,Piston,1
GLTU,Landplane,General Aviation,Turboprop,1
GM01,Landplane,_unknown_,Piston,1
GM17,Landplane,_unknown_,Turboprop,1
GMGC,Landplane,_unknown_,Piston,1
GNAT,Landplane,Military Trainer,Jet,1
GOBU,Gyrocopter,General Aviation,Piston,1
GOLF,Landplane,General Aviation,Piston,1
GOOS,Amphibian,General Aviation,Piston,1
GOTR,Landplane,General Aviation,Piston,1
GP1,Landplane,Ultralight,Piston,1
GP3,Amphibian,General Aviation,Piston,1
GP4,Landplane,General Aviation,Piston,1
GPRO,LandPlane,,Piston,1
GR51,Landplane,General Aviation,Turboprop,1
GRAF,Landplane,_unknown_,Piston,1
GRFN,Landplane,_unknown_,Piston,1
GRIF,Landplane,General Aviation,Piston,1
GRIZ,Landplane,General Aviation,Turboprop,1
GSIS,Landplane,General Aviation,Piston,1
GSPN,Landplane,Business Jet,Jet,2
GUEP,Landplane,Ultralight,Piston,1
GURI,Landplane,General Aviation,Piston,1
GX,Landplane,General Aviation,Piston,1
GY10,Landplane,General Aviation,Piston,1
GY20,Landplane,General Aviation,Piston,1
GY30,Landplane,General Aviation,Piston,1
GY80,Landplane,General Aviation,Piston,1
GYRO,Gyrocopter,General Aviation,Piston,1
H111,Landplane,Bomber,Piston,2
H12T,Helicopter,Helicopter,Turboprop,1
H160,Helicopter,Helicopter,Turboprop,2
H2,Helicopter,Military Helicopter,Turboprop,2
H202,Landplane,_unknown_,Piston,1
H204,Landplane,General Aviation,Piston,1
H207,Landplane,General Aviation,Piston,1
H21,Helicopter,Military Helicopter,Piston,1
H25A,Landplane,Business Jet,Jet,2
H25B,Landplane,Business Jet,Jet,2
H25C,Landplane,Business Jet,Jet,2
H269,Helicopter,Helicopter,Piston,1
H40,Landplane,General Aviation,Piston,1
H43A,Helicopter,Helicopter,Piston,1
H43B,Helicopter,Helicopter,Turboprop,1
H46,Helicopter,Helicopter,Turboprop,2
H47,Helicopter,Helicopter,Turboprop,2
H500,Helicopter,Military Helicopter,Turboprop,1
H53,Helicopter,Helicopter,Turboprop,2
H53S,Helicopter,Helicopter,Turboprop,3
H60,Helicopter,Military Helicopter,Turboprop,2
H64,Helicopter,Military Helicopter,Turboprop,2
HA2,Gyrocopter,General Aviation,Piston,1
HA31,Landplane,Agricultural,Piston,1
HA4T,Landplane,Business Jet,Jet,2
HAHU,Landplane,General Aviation,Piston,1
HANS,LandPlane,,Piston,1
HAR,Landplane,Fighter,Jet,1
HAW3,Gyrocopter,General Aviation,Piston,1
HAWK,Landplane,Military Trainer,Jet,1
HB21,Landplane,Motor-Glider,Piston,1
HB23,Landplane,Motor-Glider,Piston,1
HB3,Landplane,Motor-Glider,Piston,1
HCAT,Landplane,Fighter,Piston,1
HD34,Landplane,General Aviation,Piston,2
HDJT,Landplane,Business Jet,Jet,2
HEAD,Landplane,General Aviation,Piston,1
HERN,Landplane,Passenger Airliner,Piston,4
HF20,Landplane,Business Jet,Jet,2
HI27,Landplane,General Aviation,Piston,1
HIGH,Landplane,General Aviation,Piston,1
HIND,Landplane,Bomber,Piston,1
HL2,Landplane,General Aviation,Piston,1
HLC4,LandPlane,,Piston,1
HLD4,Landplane,General Aviation,Piston,1
HM38,Landplane,General Aviation,Piston,1
HN70,Landplane,General Aviation,Piston,1
HORN,Landplane,_unknown_,Piston,1
HORZ,Landplane,General Aviation,Piston,1
HPTR,Amphibian,General Aviation,Piston,1
HPZL,Landplane,General Aviation,Piston,1
HR10,Landplane,General Aviation,Piston,1
HR20,Landplane,General Aviation,Piston,1
HRM9,LandPlane,,Piston,1
HRNT,Landplane,_unknown_,Piston,1
HROC,Landplane,_unknown_,Piston,1
HRON,LandPlane,,Piston,1
HRYA,Landplane,General Aviation,Piston,1
HSMT,Helicopter,Helicopter,Piston,1
HT16,Landplane,Military Trainer,Jet,1
HT2,Landplane,General Aviation,Piston,1
HT32,Landplane,General Aviation,Piston,1
HT34,Landplane,Military Trainer,Turboprop,1
HT36,Landplane,Military Trainer,Jet,1
HT40,LandPlane,,Turboprop/Turboshaft,1
HU1,Landplane,Motor-Glider,Piston,1
HU2,Landplane,Motor-Glider,Piston,1
HUCO,Helicopter,Military Helicopter,Turboprop,1
HUML,Landplane,General Aviation,Piston,1
HUMM,Landplane,_unknown_,Piston,1
HUNT,Landplane,Fighter,Jet,1
HURI,Landplane,Fighter,Piston,1
HURK,LandPlane,,Turboprop/Turboshaft,1
HUSK,Landplane,General Aviation,Piston,1
HW4P,Gyrocopter,General Aviation,Piston,1
HW4T,Gyrocopter,General Aviation,Turboprop,1
HX2,Helicopter,Helicopter,Turboprop,1
HYPR,LandPlane,,Piston,1
I103,Landplane,Military Trainer,Piston,1
I112,LandPlane,,Turboprop/Turboshaft,2
I114,Landplane,Passenger Airliner,Turboprop,2
I115,Landplane,Military Trainer,Piston,1
I11B,Landplane,General Aviation,Piston,1
I153,Landplane,Fighter,Piston,1
I15B,Landplane,Fighter,Piston,1
I16,Landplane,Fighter,Piston,1
I22,Landplane,Military Trainer,Jet,2
I23,Landplane,_unknown_,Piston,1
I3,Landplane,_unknown_,Piston,1
I66,Landplane,Ultralight,Piston,1
I828,Landplane,Agricultural,Turboprop,1
IA46,Landplane,General Aviation,Piston,1
IA50,Landplane,Passenger Airliner,Turboprop,2
IA51,Landplane,General Aviation,Piston,1
IA58,Landplane,Other military,Turboprop,2
IA63,Landplane,Military Trainer,Jet,1
IFUR,Landplane,Ultralight,Piston,1
IL14,Landplane,Passenger Airliner,Piston,2
IL18,Landplane,Reconnaissance,Turboprop,4
IL28,Landplane,Bomber,Jet,2
IL38,Landplane,Other military,Turboprop,4
IL62,Landplane,Passenger Airliner,Jet,4
IL76,Landplane,Military Refueler,Jet,4
IL86,Landplane,Other military,Jet,4
IL96,Landplane,Passenger Airliner,Jet,4
IMPU,Landplane,General Aviation,Piston,1
INCQ,Landplane,General Aviation,Piston,1
INEC,Landplane,General Aviation,Piston,1
INEX,Landplane,General Aviation,Piston,1
INTG,LandPlane,,Piston,1
ION,Landplane,General Aviation,Piston,1
IP06,Landplane,_unknown_,Piston,1
IP10,Landplane,_unknown_,Piston,1
IP26,Landplane,_unknown_,Piston,1
IP6A,Landplane,_unknown_,Piston,1
IPAN,Landplane,General Aviation,Piston,1
IR21,Landplane,Agricultural,Piston,1
IR22,Landplane,Agricultural,Piston,1
IR23,Landplane,General Aviation,Piston,1
IR24,Landplane,General Aviation,Piston,1
IR25,Landplane,Military Trainer,Turboprop,1
IR27,Landplane,Agricultural,Piston,1
IR28,Landplane,Agricultural,Turboprop,1
IR31,Landplane,_unknown_,Piston,1
IR46,Landplane,General Aviation,Piston,1
IR99,Landplane,Military Trainer,Jet,1
IRBS,LandPlane,,Piston,1
IS2,Helicopter,Helicopter,Piston,1
IS28,Landplane,Glider,No engine,0
ISAT,Landplane,Ultralight,Piston,1
ISPT,Landplane,General Aviation,Piston,1
J1,Landplane,General Aviation,Piston,1
J10,Landplane,Fighter,Jet,1
J177,Landplane,Ultralight,Piston,1
J2,Landplane,General Aviation,Piston,1
J20,LandPlane,,Jet,2
J3,Landplane,General Aviation,Piston,1
J300,Landplane,Ultralight,Piston,1
J328,Landplane,Passenger Airliner,Jet,2
J4,Landplane,General Aviation,Piston,1
J400,LandPlane,,Piston,1
J40E,LandPlane,,Electric,1
J4B2,Gyrocopter,General Aviation,Piston,1
J5,Landplane,General Aviation,Piston,1
J600,LandPlane,,Piston,1
J728,Landplane,Passenger Airliner,Jet,2
J8A,Landplane,Fighter,Jet,2
J8B,Landplane,Fighter,Jet,2
JAB2,Landplane,General Aviation,Piston,1
JAB4,Landplane,General Aviation,Piston,1
JABI,Landplane,General Aviation,Piston,1
JACE,Landplane,General Aviation,Piston,1
JAG2,Helicopter,Helicopter,Turboprop,1
JAGR,Landplane,Other military,Jet,2
JAJ5,Landplane,Motor-Glider,Piston,1
JAJ6,Landplane,_unknown_,Piston,1
JANU,Landplane,Glider,No engine,0
JARO,Landplane,General Aviation,Piston,1
JAS4,Tiltrotor,,Electric,6
JAST,Landplane,Reconnaissance,Jet,1
JB1,Amphibian,_unknown_,Piston,1
JB15,Landplane,General Aviation,Piston,1
JC01,Landplane,General Aviation,Piston,1
JC02,Landplane,General Aviation,Piston,1
JCOM,Landplane,Business Jet,Jet,2
JCRU,Landplane,General Aviation,Turboprop,1
JD2,Landplane,General Aviation,Piston,1
JDOE,Landplane,_unknown_,Piston,1
JE2,Gyrocopter,General Aviation,Piston,1
JFOX,Landplane,Ultralight,Piston,1
JH7,Landplane,Fighter,Jet,2
JK05,Landplane,_unknown_,Piston,1
JL9,Landplane,Military Trainer,Jet,1
JN76,Landplane,_unknown_,Piston,1
JPM1,Landplane,General Aviation,Piston,1
JPRO,Landplane,Military Trainer,Jet,1
JRC1,Landplane,_unknown_,Piston,1
JRO,Gyrocopter,,Piston,1
JS1,Landplane,Passenger Airliner,Turboprop,2
JS20,Landplane,Passenger Airliner,Turboprop,2
JS3,Landplane,Passenger Airliner,Turboprop,2
JS31,Landplane,Passenger Airliner,Turboprop,2
JS32,Landplane,Passenger Airliner,Turboprop,2
JS41,Landplane,Passenger Airliner,Turboprop,2
JSQA,Landplane,Military Trainer,Jet,1
JSX,LandPlane,,Jet,1
JT2,Landplane,General Aviation,Piston,1
JU52,Landplane,Passenger Airliner,Piston,3
JUNR,Landplane,General Aviation,Piston,1
JUPI,Landplane,General Aviation,Piston,1
K100,LandPlane,,Turboprop/Turboshaft,1
K126,Helicopter,Helicopter,Turboprop,1
K209,Helicopter,Helicopter,Turboprop,1
K226,Helicopter,Helicopter,Turboprop,2
K250,Landplane,Reconnaissance,Piston,1
K35E,Landplane,Military Refueler,Jet,4
K35R,Landplane,Military Refueler,Jet,4
K50,Landplane,Fighter,Jet,1
K51,Landplane,_unknown_,Piston,1
K8,Landplane,Military Trainer,Jet,1
K900,LandPlane,,Turboprop/Turboshaft,1
KA25,Helicopter,Helicopter,Turboprop,2
KA26,Helicopter,Helicopter,Turboprop,2
KA27,Helicopter,Helicopter,Turboprop,2
KA50,Helicopter,Military Helicopter,Turboprop,2
KA52,Helicopter,Military Helicopter,Turboprop,2
KA62,Helicopter,Helicopter,Turboprop,2
KAAN,LandPlane,,Jet,2
KAFI,Landplane,_unknown_,Piston,1
KAK1,Landplane,General Aviation,Piston,1
KAK2,LandPlane,,Piston,1
KAK3,Landplane,General Aviation,Piston,1
KAT3,Landplane,General Aviation,Turboprop,1
KATB,Landplane,_unknown_,Piston,2
KATR,Landplane,_unknown_,Piston,1
KC2,Landplane,Other military,Jet,2
KE3,Landplane,Military Refueler,Jet,4
KEHA,Landplane,_unknown_,Piston,1
KELA,Landplane,General Aviation,Piston,1
KELD,Landplane,General Aviation,Piston,1
KERO,Landplane,General Aviation,Piston,1
KEST,Landplane,General Aviation,Turboprop,1
KF21,LandPlane,,Jet,2
KFAB,LandPlane,,Piston,1
KFAS,LandPlane,,Piston,1
KFIR,Landplane,Fighter,Jet,1
KFIS,Amphibian,General Aviation,Piston,1
KH4,Helicopter,Helicopter,Piston,1
KIS2,Landplane,General Aviation,Piston,1
KIS4,Landplane,General Aviation,Piston,1
KITH,LandPlane,,Piston,1
KITI,Landplane,General Aviation,Piston,1
KIWI,Landplane,_unknown_,Piston,1
KK60,Landplane,General Aviation,Piston,1
KL07,Landplane,General Aviation,Piston,1
KL10,LandPlane,,Piston,1
KL25,Landplane,General Aviation,Piston,1
KL35,Landplane,Military Trainer,Piston,1
KLBR,Landplane,Ultralight,Piston,1
KM2,Landplane,General Aviation,Piston,1
KMAX,Helicopter,Helicopter,Turboprop,1
KNTW,Landplane,General Aviation,Piston,1
KODI,Landplane,General Aviation,Turboprop,1
KOLL,Landplane,_unknown_,Piston,1
KP2,Landplane,Ultralight,Piston,1
KP5,Landplane,Ultralight,Piston,1
KR1,Landplane,Ultralight,Piston,1
KR2,Landplane,Ultralight,Piston,1
KR21,Landplane,General Aviation,Piston,1
KR30,Landplane,Ultralight,Piston,1
KR31,Landplane,General Aviation,Piston,1
KR34,Landplane,General Aviation,Piston,1
KRAG,Landplane,Fighter,Jet,1
KRAH,Landplane,Motor-Glider,Piston,1
KRIC,Landplane,General Aviation,Piston,1
KSTK,Landplane,_unknown_,Piston,2
KT1,Landplane,Military Trainer,Turboprop,1
KTOO,Landplane,Ultralight,Piston,1
KZ2,Landplane,General Aviation,Piston,1
KZ3,Landplane,General Aviation,Piston,1
KZ4,Landplane,General Aviation,Piston,2
KZ7,Landplane,General Aviation,Piston,1
KZ8,Landplane,General Aviation,Piston,1
KZLA,LandPlane,,Jet,1
L10,Landplane,Passenger Airliner,Piston,2
L101,Landplane,Passenger Airliner,Jet,3
L11,Landplane,General Aviation,Piston,1
L11E,Landplane,General Aviation,Piston,1
L12,Landplane,Passenger Airliner,Piston,2
L13,Landplane,Other military,Piston,1
L13M,Landplane,General Aviation,Piston,1
L13S,Landplane,Motor-Glider,Piston,1
L14,Landplane,Passenger Airliner,Piston,2
L15,Landplane,Military Trainer,Jet,2
L159,Landplane,Fighter,Jet,1
L18,Landplane,Passenger Airliner,Piston,2
L181,Landplane,General Aviation,Piston,1
L188,Landplane,Passenger Airliner,Turboprop,4
L200,Landplane,General Aviation,Piston,2
L29,Landplane,Military Trainer,Jet,1
L29A,Landplane,Business Jet,Jet,4
L29B,Landplane,Business Jet,Jet,4
L37,Landplane,Bomber,Piston,2
L380,Landplane,General Aviation,Piston,1
L39,Landplane,Military Trainer,Jet,1
L4,Amphibian,General Aviation,Piston,2
L40,Landplane,General Aviation,Piston,1
L410,Landplane,Passenger Airliner,Turboprop,2
L5,Landplane,Reconnaissance,Piston,1
L59,Landplane,Military Trainer,Jet,1
L6,Amphibian,General Aviation,Piston,2
L60,Landplane,General Aviation,Piston,1
L610,Landplane,Passenger Airliner,Turboprop,2
L70,Landplane,Military Trainer,Piston,1
L8,Landplane,General Aviation,Piston,1
L90,Landplane,Military Trainer,Turboprop,1
LA25,Amphibian,General Aviation,Piston,1
LA4,Amphibian,General Aviation,Piston,1
LA60,Landplane,General Aviation,Piston,1
LA6T,Landplane,General Aviation,Turboprop,1
LA8,Amphibian,General Aviation,Piston,2
LACO,Landplane,_unknown_,Piston,1
LAE1,Landplane,Motor-Glider,Electric,1
LAKR,Landplane,General Aviation,Piston,1
LAKX,Landplane,_unknown_,Piston,1
LAMA,Helicopter,Helicopter,Turboprop,1
LANC,Landplane,Bomber,Piston,4
LAR1,LandPlane,,Jet,1
LARK,Landplane,General Aviation,Piston,1
LAST,Landplane,General Aviation,Piston,1
LBUG,Landplane,General Aviation,Piston,1
LCA,Landplane,Fighter,Jet,1
LCB,Landplane,_unknown_,Piston,1
LCH,Helicopter,,Turboprop/Turboshaft,2
LCR,Landplane,General Aviation,Piston,1
LEG2,Landplane,General Aviation,Piston,1
LEGD,Landplane,General Aviation,Piston,1
LEOP,Landplane,General Aviation,Jet,2
LESP,LandPlane,,Piston,1
LEV2,LandPlane,,Piston,1
LEV4,LandPlane,,Piston,1
LEVI,Landplane,General Aviation,Piston,1
LGEZ,Landplane,General Aviation,Piston,1
LGND,LandPlane,,Piston,1
LH10,Landplane,General Aviation,Piston,1
LIBE,Landplane,_unknown_,Piston,1
LION,Landplane,General Aviation,Piston,1
LJ23,Landplane,Business Jet,Jet,2
LJ24,Landplane,Business Jet,Jet,2
LJ25,Landplane,Business Jet,Jet,2
LJ28,Landplane,Business Jet,Jet,2
LJ31,Landplane,Business Jet,Jet,2
LJ35,Landplane,Business Jet,Jet,2
LJ40,Landplane,Business Jet,Jet,2
LJ45,Landplane,Business Jet,Jet,2
LJ55,Landplane,Business Jet,Jet,2
LJ60,Landplane,Business Jet,Jet,2
LJ70,Landplane,Business Jet,Jet,2
LJ75,Landplane,Business Jet,Jet,2
LJ85,Landplane,Business Jet,Jet,2
LK17,Landplane,Motor-Glider,Piston,1
LK19,Landplane,Motor-Glider,Piston,1
LK20,Landplane,Motor-Glider,Piston,1
LM5,Landplane,General Aviation,Piston,1
LM5X,Landplane,General Aviation,Piston,1
LM7,Landplane,General Aviation,Piston,1
LMC1,LandPlane,,Piston,1
LMK1,Landplane,_unknown_,Piston,1
LN27,Landplane,General Aviation,Piston,1
LN3,Amphibian,General Aviation,Piston,1
LNC2,Landplane,General Aviation,Piston,1
LNC4,Landplane,General Aviation,Piston,1
LNCE,Landplane,General Aviation,Piston,1
LNP4,Landplane,General Aviation,Turboprop,1
LNT4,Landplane,General Aviation,Turboprop,1
LOCA,Landplane,General Aviation,Piston,1
LOVE,Landplane,General Aviation,Piston,1
LP1,Landplane,General Aviation,Piston,1
LR2T,Helicopter,Helicopter,Turboprop,1
LS10,Landplane,Glider,No engine,0
LS2,Landplane,General Aviation,Piston,1
LS8,Landplane,Glider,Piston,1
LS9,Landplane,Motor-Glider,Piston,1
LSTR,Landplane,General Aviation,Piston,1
LTNG,Landplane,Fighter,Jet,2
LUL5,Landplane,General Aviation,Piston,1
LUL6,Landplane,General Aviation,Piston,1
LUL7,Landplane,General Aviation,Piston,1
LUL8,Landplane,General Aviation,Piston,1
LV51,Landplane,_unknown_,Piston,1
LW20,Landplane,General Aviation,Piston,1
LW40,Landplane,General Aviation,Piston,1
LWIN,Landplane,General Aviation,Piston,1
LX32,Landplane,Ultralight,Piston,1
LX34,Landplane,Ultralight,Piston,1
LXR,LandPlane,,Piston,1
LYNX,Helicopter,Helicopter,Turboprop,2
LYSA,Landplane,Reconnaissance,Piston,1
M10,Landplane,General Aviation,Piston,1
M101,Landplane,Passenger Airliner,Turboprop,1
M106,Landplane,Ultralight,Piston,1
M108,Landplane,Ultralight,Piston,1
M110,Landplane,General Aviation,Piston,1
M15,Landplane,Agricultural,Jet,1
M17,Landplane,Reconnaissance,Jet,1
M18,Landplane,Agricultural,Piston,1
M18T,Landplane,Agricultural,Turboprop,1
M1SC,Landplane,_unknown_,Piston,1
M2,Landplane,Ultralight,Piston,1
M200,Landplane,General Aviation,Piston,1
M203,Landplane,_unknown_,Piston,1
M20P,Landplane,General Aviation,Piston,1
M20T,Landplane,General Aviation,Turboprop,1
M21,Landplane,Agricultural,Piston,1
M212,Landplane,General Aviation,Piston,1
M22,Landplane,General Aviation,Piston,1
M24,Landplane,Agricultural,Piston,1
M26,Landplane,General Aviation,Piston,1
M28,Landplane,General Aviation,Turboprop,2
M2HK,Landplane,General Aviation,Piston,1
M308,Landplane,General Aviation,Piston,1
M326,Landplane,Military Trainer,Jet,1
M339,Landplane,Military Trainer,Jet,1
M345,LandPlane,,Jet,1
M346,Landplane,Military Trainer,Jet,2
M360,Landplane,_unknown_,Piston,1
M36J,LandPlane,,Piston,2
M4,Landplane,General Aviation,Piston,1
M404,Landplane,Passenger Airliner,Piston,2
M5,Landplane,General Aviation,Piston,1
M55,Landplane,Reconnaissance,Jet,2
M6,Landplane,General Aviation,Piston,1
M600,LandPlane,,Turboprop/Turboshaft,1
M7,Landplane,General Aviation,Piston,1
M700,LandPlane,,Turboprop/Turboshaft,1
M74,Helicopter,Helicopter,Piston,1
M7T,Landplane,General Aviation,Turboprop,1
M8,Landplane,General Aviation,Piston,1
M9,Landplane,General Aviation,Piston,1
MA1,Landplane,Agricultural,Piston,1
MA5,Landplane,General Aviation,Piston,1
MA60,Landplane,Passenger Airliner,Turboprop,2
MA6H,Landplane,Military Cargo,Turboprop,2
MAGC,Landplane,General Aviation,Piston,1
MAGI,Landplane,Military Trainer,Piston,1
MAGN,Landplane,General Aviation,Piston,1
MAJR,Landplane,General Aviation,Piston,1
MAKO,LandPlane,,Piston,1
MAMB,Landplane,General Aviation,Piston,1
MAME,Landplane,General Aviation,Piston,1
MARS,Seaplane,Military Cargo,Piston,4
MAVR,Landplane,General Aviation,Piston,1
MB70,LandPlane,,Piston,1
MB80,LandPlane,,Piston,1
MC01,LandPlane,,Piston,1
MC10,Landplane,General Aviation,Piston,2
MC23,LandPlane,,Jet,2
MC45,Landplane,General Aviation,Piston,1
MC90,Landplane,General Aviation,Piston,1
MCOU,Landplane,General Aviation,Piston,1
MCOY,Landplane,General Aviation,Piston,1
MCR1,Landplane,General Aviation,Piston,1
MCR4,Landplane,General Aviation,Piston,1
MCRR,Landplane,General Aviation,Piston,1
MCUL,Landplane,General Aviation,Piston,1
MD11,Landplane,Passenger Airliner,Jet,3
MD3,Landplane,General Aviation,Piston,1
MD3R,Landplane,General Aviation,Piston,1
MD52,Helicopter,Helicopter,Turboprop,1
MD60,Helicopter,Helicopter,Turboprop,1
MD81,Landplane,Passenger Airliner,Jet,2
MD82,Landplane,Passenger Airliner,Jet,2
MD83,Landplane,Passenger Airliner,Jet,2
MD87,Landplane,Passenger Airliner,Jet,2
MD88,Landplane,Passenger Airliner,Jet,2
MD90,Landplane,Passenger Airliner,Jet,2
ME08,Landplane,Fighter,Piston,1
ME09,Landplane,Fighter,Piston,1
ME62,Landplane,Fighter,Jet,2
MEAD,Landplane,_unknown_,Piston,1
MEL2,Landplane,General Aviation,Piston,1
MERK,Landplane,_unknown_,Piston,2
MESS,Landplane,General Aviation,Piston,1
METR,Landplane,Fighter,Jet,2
MEXP,Landplane,_unknown_,Piston,1
MF10,Landplane,General Aviation,Piston,1
MF17,Landplane,Military Trainer,Piston,1
MG15,Landplane,Fighter,Jet,1
MG17,Landplane,Fighter,Jet,1
MG19,Landplane,Fighter,Jet,2
MG21,Landplane,Fighter,Jet,1
MG23,Landplane,Fighter,Jet,1
MG25,Landplane,Interceptor,Jet,2
MG29,Landplane,Fighter,Jet,2
MG31,Landplane,Interceptor,Jet,2
MG44,Landplane,Fighter,Jet,2
MGAT,Landplane,Military Trainer,Jet,2
MGIC,Landplane,_unknown_,Piston,1
MGNM,Landplane,_unknown_,Piston,1
MGUL,LandPlane,,Piston,1
MH02,Landplane,Business Jet,Jet,2
MH20,Helicopter,Helicopter,Turboprop,2
MH46,Landplane,Ultralight,Piston,1
MI10,Helicopter,Military Helicopter,Turboprop,2
MI14,Helicopter,Helicopter,Turboprop,2
MI2,Helicopter,Helicopter,Turboprop,2
MI24,Helicopter,Helicopter,Turboprop,2
MI26,Helicopter,Helicopter,Turboprop,2
MI28,Helicopter,Helicopter,Turboprop,2
MI34,Helicopter,Helicopter,Piston,1
MI38,Helicopter,Helicopter,Turboprop,2
MI4,Helicopter,Helicopter,Piston,1
MI6,Landplane,Helicopter,Piston,2
MI8,Helicopter,Helicopter,Turboprop,2
MICO,Landplane,Business Jet,Jet,2
MIDR,Landplane,General Aviation,Piston,1
MIMP,Landplane,General Aviation,Piston,1
MIMU,Landplane,General Aviation,Piston,1
MIR2,Landplane,Fighter,Jet,1
MIRA,Landplane,Fighter,Jet,1
MITE,Landplane,General Aviation,Piston,1
MJ10,Landplane,General Aviation,Piston,1
MJ12,Landplane,General Aviation,Piston,1
MJ1H,Landplane,General Aviation,Piston,1
MJ2,Landplane,General Aviation,Piston,1
MJ3,Landplane,General Aviation,Piston,1
MJ4,Landplane,General Aviation,Piston,1
MJ5,Landplane,General Aviation,Piston,1
MJ51,LandPlane,,Piston,1
MJ53,Landplane,General Aviation,Piston,1
MJ55,Landplane,General Aviation,Piston,1
MJ7,Landplane,General Aviation,Piston,1
MJ77,Landplane,General Aviation,Piston,1
MJ8,Landplane,General Aviation,Piston,1
MJ80,Landplane,General Aviation,Piston,1
MJ9,Landplane,General Aviation,Piston,1
MJ90,Landplane,General Aviation,Piston,1
MLER,Landplane,_unknown_,Piston,1
MM14,Gyrocopter,General Aviation,Piston,1
MM16,Gyrocopter,General Aviation,Piston,1
MM19,Gyrocopter,General Aviation,Piston,1
MM21,Gyrocopter,General Aviation,Piston,1
MM22,Gyrocopter,General Aviation,Piston,1
MM24,Gyrocopter,General Aviation,Piston,1
MMAC,Landplane,General Aviation,Piston,1
MMAX,Gyrocopter,General Aviation,Piston,1
MMUT,Landplane,_unknown_,Piston,1
MNEX,Landplane,General Aviation,Piston,1
MOCU,Landplane,_unknown_,Piston,1
MOGO,Landplane,General Aviation,Piston,1
MOL1,Landplane,General Aviation,Piston,1
MON2,LandPlane,,Piston,1
MONA,Landplane,General Aviation,Piston,1
MONI,Landplane,Ultralight,Piston,1
MOR2,Landplane,General Aviation,Piston,1
MOSP,Landplane,General Aviation,Piston,1
MOSQ,Landplane,Bomber,Piston,2
MOTO,Landplane,Ultralight,Piston,1
MP02,Landplane,Ultralight,Piston,1
MP20,Landplane,General Aviation,Piston,1
MR25,Landplane,General Aviation,Piston,1
MR35,Landplane,General Aviation,Piston,1
MR3T,Landplane,General Aviation,Turboprop,1
MRAI,Landplane,Glider,No engine,0
MRAM,Landplane,General Aviation,Piston,1
MRF1,Landplane,Fighter,Jet,1
MRJ7,Landplane,Passenger Airliner,Jet,2
MRJ9,Landplane,Passenger Airliner,Jet,2
MRMD,Amphibian,Ultralight,Piston,1
MRTN,Landplane,General Aviation,Piston,1
MS1,Landplane,General Aviation,Piston,1
MS18,Landplane,_unknown_,Piston,1
MS23,Landplane,General Aviation,Piston,1
MS25,Landplane,_unknown_,Piston,1
MS30,Landplane,_unknown_,Piston,1
MS31,Landplane,General Aviation,Piston,1
MS73,Landplane,General Aviation,Piston,1
MS76,Landplane,Military Trainer,Jet,2
MSAI,Landplane,Fighter,Piston,1
MSQ2,Landplane,General Aviation,Piston,1
MT,Landplane,Ultralight,Piston,1
MT2,Landplane,Military Trainer,Jet,2
MU2,Landplane,Passenger Airliner,Turboprop,2
MU23,Landplane,Motor-Glider,Piston,1
MU30,Landplane,Business Jet,Jet,2
MUS2,Landplane,General Aviation,Piston,1
MVN1,Landplane,_unknown_,Piston,1
MVRK,Landplane,Ultralight,Piston,1
MX10,Landplane,General Aviation,Piston,1
MX1T,Landplane,General Aviation,Piston,1
MX2,Landplane,General Aviation,Piston,1
MX58,LandPlane,,Piston,1
MX65,Landplane,General Aviation,Piston,1
MX80,Landplane,General Aviation,Piston,1
MXS,Landplane,General Aviation,Piston,1
MY12,Landplane,General Aviation,Piston,1
MY13,Landplane,General Aviation,Piston,1
MYA4,Landplane,Bomber,Jet,4
MYS4,Landplane,Fighter,Jet,1
N110,Landplane,General Aviation,Piston,1
N120,Landplane,General Aviation,Piston,1
N219,LandPlane,,Turboprop/Turboshaft,2
N250,Landplane,Passenger Airliner,Turboprop,2
N260,Landplane,Passenger Airliner,Turboprop,2
N262,Landplane,Passenger Airliner,Turboprop,2
N3,Landplane,General Aviation,Piston,1
N320,Landplane,Military Trainer,Piston,1
N340,Landplane,Reconnaissance,Piston,1
N3N,Landplane,Military Trainer,Piston,1
N5,Landplane,Agricultural,Piston,1
N5A,LandPlane,,Piston,1
N5B,LandPlane,,Turboprop/Turboshaft,1
NA40,Helicopter,Helicopter,Turboprop,2
NAL2,Landplane,_unknown_,Piston,1
NARN,LandPlane,,Piston,1
NAVI,Landplane,Reconnaissance,Piston,1
NC85,Landplane,General Aviation,Piston,1
ND1T,Landplane,Military Trainer,Turboprop,1
NDAC,Landplane,General Aviation,Piston,1
NDAT,Landplane,General Aviation,Piston,1
NDIC,Landplane,Ultralight,Piston,1
NFEX,LandPlane,,Turboprop/Turboshaft,1
NG4,Landplane,General Aviation,Piston,1
NG5,Landplane,General Aviation,Piston,1
NH90,Helicopter,Helicopter,Turboprop,2
NHCO,Landplane,General Aviation,Piston,1
NI28,Landplane,Fighter,Piston,1
NIBB,Landplane,General Aviation,Piston,1
NIMB,Landplane,Glider,No engine,0
NIPR,Landplane,General Aviation,Piston,1
NM5,Landplane,General Aviation,Piston,1
NMCU,Landplane,_unknown_,Piston,1
NNJA,Landplane,Ultralight,Piston,1
NOMA,Landplane,Passenger Airliner,Turboprop,2
NORA,Landplane,Other military,Piston,2
NORS,Landplane,General Aviation,Piston,1
NPOR,Landplane,General Aviation,Piston,1
NST6,LandPlane,,Piston,1
NSTR,Landplane,General Aviation,Piston,1
NT10,Landplane,_unknown_,Piston,1
NXT,Landplane,General Aviation,Piston,1
O1,Landplane,Reconnaissance,Piston,1
O3,Landplane,Reconnaissance,Piston,1
OCNR,LandPlane,,Piston,1
OH1,Helicopter,Military Helicopter,Turboprop,2
OKHO,Gyrocopter,General Aviation,Piston,1
OM1,Landplane,_unknown_,Piston,1
OMAG,Landplane,General Aviation,Piston,1
OMGA,Landplane,_unknown_,Piston,1
OMLA,Landplane,General Aviation,Turboprop,1
OMSD,Amphibian,,Piston,1
ONE,Landplane,General Aviation,Piston,1
ONEX,Landplane,General Aviation,Piston,1
OPCA,Landplane,General Aviation,Piston,1
OR10,Amphibian,General Aviation,Piston,1
OR12,Amphibian,General Aviation,Piston,2
OSCR,Landplane,General Aviation,Piston,1
OUDE,Landplane,General Aviation,Piston,1
OVOD,Landplane,_unknown_,Piston,1
OZZI,Landplane,General Aviation,Piston,1
P06T,Landplane,General Aviation,Piston,2
P1,Landplane,Other military,Jet,4
P100,Landplane,General Aviation,Piston,1
P130,Landplane,General Aviation,Piston,1
P136,Amphibian,General Aviation,Piston,2
P148,Landplane,General Aviation,Piston,1
P149,Landplane,General Aviation,Piston,1
P180,Landplane,General Aviation,Turboprop,2
P18T,Landplane,General Aviation,Turboprop,1
P19,Landplane,General Aviation,Piston,1
P1HH,LandPlane,,Turboprop/Turboshaft,2
P2,Landplane,Other military,Piston,2
P208,Landplane,Ultralight,Piston,1
P210,Landplane,General Aviation,Piston,1
P212,Landplane,General Aviation,Piston,2
P220,Landplane,General Aviation,Piston,1
P230,Landplane,General Aviation,Piston,1
P250,LandPlane,,Piston,1
P25B,LandPlane,,Piston,1
P27,Landplane,General Aviation,Piston,1
P270,Landplane,General Aviation,Piston,1
P28A,Landplane,General Aviation,Piston,1
P28B,Landplane,General Aviation,Piston,1
P28R,Landplane,General Aviation,Piston,1
P28S,Landplane,General Aviation,Piston,1
P28T,Landplane,General Aviation,Piston,1
P28U,Landplane,General Aviation,Piston,1
P3,Landplane,Reconnaissance,Turboprop,4
P32R,Landplane,General Aviation,Piston,1
P32T,Landplane,General Aviation,Piston,1
P337,Landplane,General Aviation,Piston,2
P38,Landplane,Fighter,Piston,2
P39,Landplane,Fighter,Piston,1
P40,Landplane,Fighter,Piston,1
P46T,Landplane,General Aviation,Turboprop,1
P47,Landplane,Fighter,Piston,1
P4Y,Landplane,Bomber,Piston,4
P50,Landplane,General Aviation,Piston,1
P51,Landplane,Fighter,Piston,1
P57,Landplane,General Aviation,Piston,1
P60,Landplane,_unknown_,Piston,1
P61,Landplane,Fighter,Piston,2
P63,Landplane,Fighter,Piston,1
P66P,Landplane,General Aviation,Piston,2
P66T,Landplane,General Aviation,Turboprop,2
P68,Landplane,General Aviation,Piston,2
P68T,Landplane,General Aviation,Turboprop,2
P70,Landplane,General Aviation,Piston,1
P750,Landplane,General Aviation,Turboprop,1
P8,Landplane,Other military,Jet,2
P80,Landplane,General Aviation,Piston,1
P82,Landplane,Fighter,Piston,2
PA11,Landplane,General Aviation,Piston,1
PA12,Landplane,General Aviation,Piston,1
PA14,Landplane,General Aviation,Piston,1
PA15,Landplane,General Aviation,Piston,1
PA16,Landplane,General Aviation,Piston,1
PA17,Landplane,General Aviation,Piston,1
PA18,Landplane,General Aviation,Piston,1
PA20,Landplane,General Aviation,Piston,1
PA22,Landplane,General Aviation,Piston,1
PA23,Landplane,General Aviation,Piston,2
PA24,Landplane,General Aviation,Piston,1
PA25,Landplane,Agricultural,Piston,1
PA27,Landplane,General Aviation,Piston,2
PA30,Landplane,General Aviation,Piston,2
PA31,Landplane,General Aviation,Piston,2
PA32,Landplane,General Aviation,Piston,1
PA34,Landplane,General Aviation,Piston,2
PA36,Landplane,Agricultural,Piston,1
PA38,Landplane,General Aviation,Piston,1
PA44,Landplane,General Aviation,Piston,2
PA46,Landplane,General Aviation,Piston,1
PA47,Landplane,General Aviation,Jet,1
PACE,LandPlane,,Piston,1
PAGO,Landplane,General Aviation,Piston,1
PANT,Landplane,Ultralight,Piston,1
PAR1,Landplane,Ultralight,Piston,1
PAR4,Landplane,Ultralight,Piston,1
PARL,Landplane,General Aviation,Piston,1
PAT2,Landplane,_unknown_,Piston,1
PAT4,Landplane,General Aviation,Turboprop,2
PAUL,Landplane,Military Trainer,Piston,1
PAV4,Gyrocopter,General Aviation,Piston,1
PAY1,Landplane,General Aviation,Turboprop,2
PAY2,Landplane,General Aviation,Turboprop,2
PAY3,Landplane,General Aviation,Turboprop,2
PAY4,Landplane,General Aviation,Turboprop,2
PC12,Landplane,Passenger Airliner,Turboprop,1
PC21,Landplane,General Aviation,Turboprop,1
PC24,Landplane,General Aviation,Jet,2
PC6P,Landplane,General Aviation,Piston,1
PC6T,Landplane,Passenger Airliner,Turboprop,1
PC7,Landplane,Military Trainer,Turboprop,1
PC9,Landplane,Military Trainer,Turboprop,1
PCA2,Gyrocopter,General Aviation,Piston,1
PDIG,Landplane,_unknown_,Piston,2
PECR,Landplane,Ultralight,Piston,1
PEGA,Landplane,General Aviation,Piston,2
PEGZ,Landplane,Ultralight,Piston,1
PELI,Landplane,Ultralight,Piston,1
PEMB,Landplane,Other military,Piston,2
PETL,Landplane,_unknown_,Piston,1
PETR,Amphibian,General Aviation,Piston,1
PGEE,Landplane,General Aviation,Piston,1
PGK1,Landplane,General Aviation,Piston,1
PHIL,Helicopter,Helicopter,Piston,1
PHIX,Gyrocopter,Ultralight,Piston,1
PHNX,Landplane,Ultralight,Piston,1
PIAE,Landplane,General Aviation,Electric,1
PIAT,Landplane,General Aviation,Piston,1
PICO,Landplane,General Aviation,Piston,1
PILL,Landplane,Military Trainer,Piston,1
PINO,Landplane,General Aviation,Piston,1
PIPA,Landplane,General Aviation,Piston,1
PISI,Landplane,Glider,No engine,0
PIT4,Landplane,General Aviation,Electric,1
PITA,Landplane,Ultralight,Piston,1
PITE,Landplane,Ultralight,Electric,1
PIVE,LandPlane,,Electric,1
PIVI,Landplane,Ultralight,Piston,1
PK11,Landplane,General Aviation,Piston,1
PK15,Landplane,General Aviation,Piston,1
PK18,Landplane,Motor-Glider,Piston,1
PK19,Landplane,General Aviation,Piston,1
PK20,Landplane,Glider,No engine,0
PK21,Landplane,General Aviation,Piston,1
PK23,Landplane,General Aviation,Piston,1
PK25,Landplane,General Aviation,Piston,1
PKAN,Landplane,General Aviation,Piston,1
PL1,Landplane,General Aviation,Piston,1
PL12,Landplane,Agricultural,Piston,1
PL2,Landplane,General Aviation,Piston,1
PL4,Landplane,General Aviation,Piston,1
PL9,Landplane,General Aviation,Piston,1
PLUS,Landplane,General Aviation,Piston,1
PNR2,Landplane,Ultralight,Piston,1
PNR3,Landplane,Ultralight,Piston,1
PNR4,Landplane,Ultralight,Piston,1
PNTH,LandPlane,,Piston,1
PO2,Landplane,General Aviation,Piston,1
PO60,Landplane,General Aviation,Piston,1
POLI,Landplane,General Aviation,Piston,1
PONY,Amphibian,_unknown_,Piston,1
PP2,Landplane,Military Trainer,Piston,1
PP3,Landplane,Military Trainer,Piston,1
PPRO,Landplane,Military Trainer,Piston,1
PRBP,Landplane,General Aviation,Piston,1
PRBR,Landplane,General Aviation,Piston,1
PRCE,Landplane,General Aviation,Piston,2
PREN,Landplane,Military Trainer,Piston,1
PRET,Landplane,Ultralight,Piston,1
PREX,Landplane,General Aviation,Piston,1
PRIM,LandPlane,,Piston,1
PRM1,Landplane,Business Jet,Jet,2
PROC,Landplane,Military Trainer,Piston,1
PROT,Landplane,Ultralight,Piston,1
PROW,Landplane,General Aviation,Piston,1
PRPR,Landplane,General Aviation,Piston,1
PRTS,Landplane,General Aviation,Jet,2
PRXT,Landplane,General Aviation,Piston,1
PSTM,Landplane,_unknown_,Piston,1
PSW4,Helicopter,Helicopter,Turboprop,1
PT21,Landplane,General Aviation,Piston,1
PT22,Landplane,Military Trainer,Piston,1
PT70,Landplane,General Aviation,Piston,1
PT80,Landplane,General Aviation,Piston,1
PTMS,Landplane,_unknown_,Piston,1
PTRL,Landplane,General Aviation,Piston,1
PTS1,Landplane,General Aviation,Piston,1
PTS2,Landplane,General Aviation,Piston,1
PTSS,Landplane,General Aviation,Piston,1
PUL6,Landplane,General Aviation,Piston,1
PULR,LandPlane,,Piston,1
PULS,Landplane,General Aviation,Piston,1
PUMA,Helicopter,Helicopter,Turboprop,2
PUP,Landplane,General Aviation,Piston,1
PURS,Landplane,General Aviation,Piston,1
PUSH,Landplane,General Aviation,Piston,1
PVTR,Amphibian,,Turboprop/Turboshaft,1
PW4,Landplane,General Aviation,Piston,1
PZ01,Landplane,General Aviation,Piston,1
PZ02,Landplane,General Aviation,Piston,1
PZ04,Landplane,General Aviation,Piston,1
PZ05,Landplane,General Aviation,Piston,1
PZ06,Landplane,Agricultural,Piston,1
PZ12,Landplane,General Aviation,Piston,1
PZ26,Landplane,Agricultural,Piston,1
PZ3T,Landplane,General Aviation,Turboprop,1
PZ4M,Landplane,General Aviation,Piston,1
PZ6T,Landplane,Agricultural,Turboprop,1
Q01,LandPlane,,Piston,1
Q1,LandPlane,,Piston,1
Q25,LandPlane,,Jet,1
Q28,LandPlane,,Jet,1
Q4,LandPlane,,Jet,1
Q5,Landplane,Other military,Jet,2
Q58,LandPlane,,Jet,1
Q9,LandPlane,,Turboprop/Turboshaft,1
QAIL,Landplane,Ultralight,Piston,1
QALT,Landplane,Ultralight,Piston,1
QEST,Landplane,_unknown_,Piston,1
QIC2,Landplane,General Aviation,Piston,1
QR01,Landplane,_unknown_,Piston,1
QUAS,Landplane,General Aviation,Piston,1
QUIC,Landplane,Ultralight,Piston,1
R100,Landplane,General Aviation,Piston,1
R109,Landplane,_unknown_,Piston,1
R11,Landplane,_unknown_,Piston,1
R12,LandPlane,,Piston,1
R135,Landplane,Reconnaissance,Jet,4
R185,Landplane,General Aviation,Piston,1
R2,Seaplane,_unknown_,Piston,1
R200,Landplane,General Aviation,Piston,1
R22,Helicopter,Helicopter,Piston,1
R300,Landplane,General Aviation,Piston,1
R4,Helicopter,Helicopter,Turboprop,1
R44,Helicopter,Helicopter,Piston,1
R66,Helicopter,Helicopter,Piston,1
R721,Landplane,Passenger Airliner,Jet,3
R722,Landplane,Passenger Airliner,Jet,3
R90F,Landplane,General Aviation,Piston,1
R90R,Landplane,General Aviation,Piston,1
R90T,Landplane,General Aviation,Turboprop,1
RA14,Landplane,General Aviation,Piston,1
RA17,Landplane,Agricultural,Piston,1
RAF2,Gyrocopter,General Aviation,Piston,1
RAID,Landplane,Ultralight,Piston,1
RAIL,Landplane,Ultralight,Piston,1
RALL,Landplane,General Aviation,Piston,1
RANG,Landplane,General Aviation,Piston,1
RARO,Landplane,_unknown_,Piston,1
RAV3,Landplane,General Aviation,Piston,1
RAV5,Landplane,General Aviation,Piston,1
RAZM,Landplane,Ultralight,Piston,1
RBEL,Landplane,General Aviation,Piston,1
RC3,Amphibian,General Aviation,Piston,1
RC70,Landplane,General Aviation,Piston,2
RCAL,LandPlane,,Piston,1
RD03,Landplane,General Aviation,Piston,1
RD20,Landplane,_unknown_,Piston,1
RDH2,Landplane,General Aviation,Piston,1
RELI,Landplane,General Aviation,Piston,1
RENE,Landplane,General Aviation,Piston,1
REV6,Gyrocopter,General Aviation,Turboprop,1
RF10,Landplane,Motor-Glider,Piston,1
RF3,Landplane,Motor-Glider,Piston,1
RF4,Landplane,Motor-Glider,Piston,1
RF47,Landplane,General Aviation,Piston,1
RF5,Landplane,General Aviation,Piston,1
RF6,Landplane,General Aviation,Piston,1
RF9,Landplane,Motor-Glider,Piston,1
RFAL,Landplane,Fighter,Jet,2
RGNT,Landplane,General Aviation,Piston,1
RISN,LandPlane,,Piston,1
RJ03,Landplane,General Aviation,Piston,1
RJ1H,Landplane,Passenger Airliner,Jet,4
RJ70,Landplane,Passenger Airliner,Jet,4
RJ85,Landplane,Passenger Airliner,Jet,4
RK5,Landplane,General Aviation,Piston,1
RLU1,Landplane,General Aviation,Piston,1
RMOU,Helicopter,Helicopter,Turboprop,1
RNGR,Landplane,_unknown_,Piston,1
ROAR,Landplane,General Aviation,Rocket,1
RODS,Landplane,General Aviation,Piston,1
ROND,Landplane,General Aviation,Piston,1
ROSE,Landplane,Motor-Glider,Piston,1
RP1,Helicopter,Helicopter,Turboprop,2
RPUP,Gyrocopter,General Aviation,Piston,1
RS12,Landplane,General Aviation,Piston,1
RS18,Landplane,General Aviation,Piston,1
RS20,LandPlane,,Piston,1
RS21,LandPlane,,Piston,1
RTA4,Landplane,_unknown_,Piston,1
RUBI,Landplane,General Aviation,Piston,1
RV10,Landplane,General Aviation,Piston,1
RV12,Landplane,General Aviation,Piston,1
RV14,Landplane,General Aviation,Piston,1
RV15,LandPlane,,Piston,1
RV3,Landplane,General Aviation,Piston,1
RV4,Landplane,General Aviation,Piston,1
RV4T,Landplane,General Aviation,Turboprop,1
RV6,Landplane,General Aviation,Piston,1
RV7,Landplane,General Aviation,Piston,1
RV8,Landplane,General Aviation,Piston,1
RV9,Landplane,General Aviation,Piston,1
RVAL,Helicopter,Military Helicopter,Turboprop,2
RVST,LandPlane,,Piston,1
RW19,Landplane,General Aviation,Piston,1
RW20,Landplane,General Aviation,Piston,1
RW22,Landplane,General Aviation,Piston,1
RW26,Landplane,General Aviation,Piston,1
RW3,Landplane,General Aviation,Piston,1
RYSA,LandPlane,,Turboprop/Turboshaft,2
RYST,Landplane,Military Trainer,Piston,1
S05F,Landplane,Military Trainer,Piston,1
S05R,Landplane,Military Trainer,Piston,1
S1,Landplane,General Aviation,Piston,1
S10,Landplane,General Aviation,Piston,1
S107,Seaplane,General Aviation,Piston,1
S108,Landplane,General Aviation,Piston,1
S10S,Landplane,_unknown_,Piston,1
S11,Landplane,Military Trainer,Piston,1
S12,Amphibian,General Aviation,Piston,1
S122,LandPlane,,Piston,2
S15S,LandPlane,,Piston,1
S15U,LandPlane,,Piston,1
S160,LandPlane,,Piston,1
S200,Landplane,General Aviation,Jet,1
S202,Amphibian,_unknown_,Piston,2
S208,Landplane,Military Trainer,Piston,1
S21,Landplane,General Aviation,Piston,1
S210,Landplane,Passenger Airliner,Jet,2
S211,Landplane,Military Trainer,Jet,1
S223,Landplane,General Aviation,Piston,1
S22T,Landplane,General Aviation,Piston,1
S274,Helicopter,Military Helicopter,Turboprop,1
S278,Helicopter,Military Helicopter,Turboprop,1
S285,Helicopter,Military Helicopter,Turboprop,1
S2P,Landplane,Other military,Piston,2
S2T,Landplane,Other military,Turboprop,2
S3,Landplane,Reconnaissance,Jet,2
S330,Helicopter,Helicopter,Turboprop,1
S355,LandPlane,,Piston,1
S360,Helicopter,Helicopter,Turboprop,1
S37,Landplane,Fighter,Jet,2
S38,Amphibian,General Aviation,Piston,2
S39,Amphibian,General Aviation,Piston,1
S4,Landplane,_unknown_,Piston,1
S400,Seaplane,_unknown_,Piston,2
S401,LandPlane,,Jet,1
S434,Helicopter,Helicopter,Turboprop,1
S45,Landplane,General Aviation,Piston,1
S450,Landplane,Ultralight,Piston,1
S51,Helicopter,Helicopter,Piston,1
S51D,Landplane,General Aviation,Piston,1
S52,Helicopter,Helicopter,Piston,1
S522,LandPlane,,Piston,1
S55P,Helicopter,Helicopter,Piston,1
S55T,Helicopter,Helicopter,Turboprop,1
S58P,Helicopter,Military Helicopter,Piston,1
S58T,Helicopter,Military Helicopter,Turboprop,2
S6,Landplane,Motor-Glider,Piston,1
S601,Landplane,Business Jet,Jet,2
S61,Helicopter,Helicopter,Turboprop,2
S61R,Helicopter,Military Helicopter,Turboprop,2
S62,Helicopter,Helicopter,Turboprop,1
S64,Helicopter,Helicopter,Turboprop,2
S65C,Helicopter,Helicopter,Turboprop,2
S716,LandPlane,,Jet,1
S76,Helicopter,Helicopter,Turboprop,2
S900,Landplane,General Aviation,Piston,1
S92,Helicopter,Helicopter,Turboprop,2
S97,Helicopter,,Turboprop/Turboshaft,1
SA02,Landplane,General Aviation,Piston,1
SA03,Landplane,General Aviation,Piston,1
SA04,Landplane,General Aviation,Piston,1
SA05,Landplane,General Aviation,Piston,1
SA10,Landplane,General Aviation,Piston,1
SA11,Landplane,General Aviation,Piston,1
SA2,Landplane,General Aviation,Piston,1
SA20,Amphibian,General Aviation,Piston,1
SA3,Landplane,General Aviation,Piston,1
SA30,Landplane,General Aviation,Piston,1
SA37,Landplane,Reconnaissance,Piston,1
SA38,Landplane,Reconnaissance,Piston,2
SA50,Landplane,General Aviation,Piston,1
SA6,Landplane,General Aviation,Piston,1
SA6E,Landplane,_unknown_,Turboprop,1
SA7,Landplane,General Aviation,Piston,1
SA70,Landplane,General Aviation,Piston,1
SA75,Landplane,General Aviation,Piston,1
SA8T,Landplane,Reconnaissance,Turboprop,2
SAB2,Landplane,General Aviation,Piston,1
SABA,Landplane,_unknown_,Piston,1
SABW,LandPlane,,Piston,1
SACE,Landplane,General Aviation,Piston,1
SACR,Landplane,_unknown_,Piston,1
SAFF,Landplane,General Aviation,Piston,1
SAH1,Landplane,General Aviation,Piston,1
SAKO,Landplane,General Aviation,Piston,1
SALB,Landplane,_unknown_,Piston,1
SAM,Landplane,General Aviation,Piston,1
SAND,Seaplane,Passenger Airliner,Piston,4
SAPH,Landplane,General Aviation,Piston,1
SASH,Landplane,General Aviation,Piston,1
SASP,Landplane,General Aviation,Piston,1
SASY,Landplane,_unknown_,Piston,1
SATA,Landplane,Military Trainer,Jet,2
SAVA,Landplane,General Aviation,Piston,1
SAVG,Landplane,General Aviation,Piston,1
SB05,Landplane,Military Trainer,Jet,2
SB1,Helicopter,,Turboprop/Turboshaft,2
SB20,Landplane,Passenger Airliner,Turboprop,2
SB29,Landplane,Fighter,Jet,1
SB32,Landplane,Fighter,Jet,1
SB35,Landplane,Fighter,Jet,1
SB37,Landplane,Fighter,Jet,1
SB39,Landplane,Fighter,Jet,1
SB7,Landplane,General Aviation,Piston,1
SB91,Landplane,Military Trainer,Piston,1
SBD,Landplane,Bomber,Piston,1
SBLS,Landplane,General Aviation,Piston,2
SBM3,Landplane,_unknown_,Piston,1
SBOY,Landplane,General Aviation,Piston,1
SBR1,Landplane,Business Jet,Jet,2
SBR2,Landplane,Business Jet,Jet,2
SC01,Landplane,General Aviation,Piston,1
SC7,Landplane,Passenger Airliner,Turboprop,2
SCAM,Landplane,General Aviation,Piston,1
SCEP,Landplane,General Aviation,Piston,1
SCII,Gyrocopter,General Aviation,Piston,1
SCOM,Landplane,_unknown_,Piston,1
SCOR,Helicopter,Helicopter,Piston,1
SCOU,Helicopter,Military Helicopter,Turboprop,1
SCRO,Landplane,General Aviation,Piston,1
SCTR,Landplane,General Aviation,Piston,1
SCUB,Landplane,General Aviation,Piston,1
SCW1,Landplane,_unknown_,Piston,1
SD2,LandPlane,,Piston,1
SD26,Landplane,General Aviation,Piston,1
SD4,Landplane,Ultralight,Piston,1
SDUS,Landplane,General Aviation,Piston,1
SE1,LandPlane,,Piston,1
SE5A,Landplane,Fighter,Piston,1
SE5R,Landplane,General Aviation,Piston,1
SEAT,Amphibian,General Aviation,Turboprop,1
SEAW,Amphibian,General Aviation,Piston,1
SERA,Landplane,Agricultural,Piston,1
SEST,Amphibian,General Aviation,Turboprop,1
SF2,Landplane,General Aviation,Piston,1
SF23,Landplane,General Aviation,Piston,1
SF24,Landplane,Motor-Glider,Piston,1
SF25,Landplane,Motor-Glider,Piston,1
SF27,Landplane,Glider,No engine,0
SF28,Landplane,Motor-Glider,Piston,1
SF31,Landplane,Motor-Glider,Piston,1
SF32,Landplane,_unknown_,Piston,1
SF34,Landplane,Passenger Airliner,Turboprop,2
SF35,Landplane,_unknown_,Piston,1
SF36,Landplane,Motor-Glider,Piston,1
SF50,Landplane,Business Jet,Jet,1
SG37,Landplane,General Aviation,Piston,1
SG70,Landplane,_unknown_,Piston,1
SG92,Landplane,General Aviation,Turboprop,1
SGCD,LandPlane,,Jet,1
SGEF,LandPlane,,Jet,1
SGRA,Landplane,General Aviation,Piston,1
SGUP,Landplane,Cargo Airliner,Turboprop,4
SH09,Helicopter,,Turboprop/Turboshaft,1
SH33,Landplane,Passenger Airliner,Turboprop,2
SH36,Landplane,Passenger Airliner,Turboprop,2
SH4,Helicopter,Helicopter,Piston,1
SH5,Seaplane,General Aviation,Turboprop,4
SHAC,Landplane,Reconnaissance,Piston,4
SHAK,Amphibian,_unknown_,Piston,1
SHAW,Landplane,Fighter,Jet,1
SHEA,Amphibian,_unknown_,Piston,1
SHEK,Landplane,General Aviation,Piston,1
SHER,Landplane,_unknown_,Piston,1
SHOE,Landplane,General Aviation,Piston,1
SHOP,Landplane,General Aviation,Piston,1
SHOR,Landplane,General Aviation,Piston,1
SHRA,LandPlane,,Piston,1
SHRK,Landplane,General Aviation,Piston,1
SHRT,Landplane,General Aviation,Turboprop,1
SIDE,Landplane,General Aviation,Piston,1
SIGM,Landplane,General Aviation,Piston,1
SILH,Landplane,General Aviation,Piston,1
SIR2,Landplane,Motor-Glider,Piston,1
SIRA,Landplane,General Aviation,Piston,1
SJ30,Landplane,Business Jet,Jet,2
SJET,Landplane,General Aviation,Jet,1
SK10,Landplane,General Aviation,Piston,1
SK70,Landplane,_unknown_,Piston,2
SKAR,Landplane,_unknown_,Piston,1
SKIF,Amphibian,General Aviation,Piston,1
SKIM,Amphibian,General Aviation,Piston,1
SKRA,Landplane,Ultralight,Piston,1
SKYC,Landplane,General Aviation,Piston,2
SKYO,Landplane,General Aviation,Piston,1
SKYR,Landplane,General Aviation,Piston,1
SL1,Landplane,_unknown_,Piston,1
SL39,Landplane,_unknown_,Piston,1
SL90,Landplane,_unknown_,Piston,1
SLCH,LandPlane,,Jet,6
SLG2,Landplane,General Aviation,Piston,1
SLG4,Landplane,General Aviation,Piston,1
SLH4,LandPlane,,Piston,1
SLK3,Landplane,General Aviation,Piston,1
SLK5,Landplane,General Aviation,Piston,1
SM01,Landplane,_unknown_,Piston,1
SM19,Landplane,Reconnaissance,Turboprop,1
SM20,Landplane,General Aviation,Turboprop,1
SM60,Landplane,Passenger Airliner,Piston,3
SM92,Landplane,General Aviation,Piston,1
SMAX,Amphibian,General Aviation,Piston,1
SMB2,Landplane,Fighter,Jet,1
SNAD,Gyrocopter,General Aviation,Piston,1
SNAP,Landplane,Ultralight,Piston,1
SNGY,Landplane,Ultralight,Piston,1
SNOS,Landplane,General Aviation,Piston,1
SNS2,Landplane,General Aviation,Piston,1
SNS7,Landplane,General Aviation,Piston,1
SNS9,Landplane,General Aviation,Piston,1
SNTA,Landplane,Motor-Glider,Piston,1
SOK2,Landplane,_unknown_,Piston,1
SOKL,Landplane,General Aviation,Piston,1
SOL1,Landplane,General Aviation,Electric,4
SOL2,Landplane,General Aviation,Electric,4
SOLI,Landplane,General Aviation,Piston,1
SONX,Landplane,Ultralight,Piston,1
SORA,Landplane,General Aviation,Piston,1
SP20,Landplane,General Aviation,Piston,1
SP33,Landplane,Business Jet,Jet,2
SP55,Landplane,General Aviation,Piston,1
SP6E,Landplane,General Aviation,Piston,1
SP7,Landplane,General Aviation,Piston,1
SP91,Landplane,General Aviation,Piston,1
SP95,Landplane,General Aviation,Piston,1
SPA2,Landplane,_unknown_,Piston,1
SPAR,Landplane,_unknown_,Piston,1
SPC2,Landplane,_unknown_,Piston,1
SPDR,Landplane,General Aviation,Piston,1
SPEL,Landplane,_unknown_,Piston,1
SPGY,Gyrocopter,General Aviation,Piston,1
SPHA,Gyrocopter,General Aviation,Piston,1
SPIR,Landplane,General Aviation,Piston,1
SPIT,Landplane,Fighter,Piston,1
SPKR,LandPlane,,Piston,1
SPOR,Landplane,General Aviation,Piston,1
SPR2,Landplane,General Aviation,Piston,1
SPRT,Landplane,General Aviation,Piston,1
SPST,Landplane,General Aviation,Piston,1
SPT1,Helicopter,Helicopter,Piston,1
SPUP,LandPlane,,Piston,1
SQ2T,Landplane,General Aviation,Piston,1
SQES,Landplane,General Aviation,Piston,2
SR01,Landplane,General Aviation,Piston,1
SR20,Landplane,General Aviation,Piston,1
SR22,Landplane,General Aviation,Piston,1
SR71,Landplane,Reconnaissance,Jet,2
SRAC,Landplane,_unknown_,Piston,1
SRAI,Landplane,General Aviation,Piston,1
SRAS,Landplane,General Aviation,Piston,1
SRAY,Amphibian,_unknown_,Piston,1
SREY,Amphibian,General Aviation,Piston,1
SS2,Landplane,General Aviation,Rocket,1
SS2P,Landplane,Agricultural,Piston,1
SS2T,Landplane,Agricultural,Turboprop,1
SSAB,Landplane,Fighter,Jet,1
SSC,Gyrocopter,Ultralight,Piston,1
SSTL,LandPlane,,Piston,1
SSTM,Amphibian,General Aviation,Piston,1
ST1,Landplane,General Aviation,Piston,2
ST10,Landplane,General Aviation,Piston,1
ST3,LandPlane,,Piston,1
ST30,Landplane,General Aviation,Piston,1
ST4,LandPlane,,Piston,1
ST50,Landplane,General Aviation,Turboprop,1
ST6,LandPlane,,Piston,1
ST60,Landplane,_unknown_,Piston,1
ST75,Landplane,General Aviation,Piston,1
ST87,Landplane,_unknown_,Piston,1
STAL,Landplane,General Aviation,Piston,1
STAR,Landplane,Passenger Airliner,Turboprop,2
STAT,Landplane,General Aviation,Turboprop,1
STCH,Landplane,Ultralight,Piston,1
STFF,Landplane,_unknown_,Piston,1
STG2,LandPlane,,Piston,1
STIL,Landplane,General Aviation,Piston,1
STLN,Landplane,General Aviation,Turboprop,1
STOR,Landplane,General Aviation,Piston,1
STR2,Landplane,General Aviation,Piston,1
STRA,Landplane,Ultralight,Piston,1
STRE,Landplane,General Aviation,Piston,1
STRI,Landplane,General Aviation,Piston,1
STRK,Landplane,Military Trainer,Jet,1
STRM,Landplane,General Aviation,Piston,1
STST,Landplane,Ultralight,Piston,1
SU15,Landplane,Interceptor,Jet,2
SU17,Landplane,Fighter,Jet,1
SU24,Landplane,Other military,Jet,2
SU25,Landplane,Other military,Jet,2
SU26,Landplane,General Aviation,Piston,1
SU27,Landplane,Fighter,Jet,2
SU29,Landplane,General Aviation,Piston,1
SU31,Landplane,General Aviation,Piston,1
SU38,Landplane,Agricultural,Piston,1
SU57,LandPlane,,Jet,2
SU7,Landplane,Fighter,Jet,1
SU80,Landplane,Passenger Airliner,Turboprop,2
SU95,Landplane,Passenger Airliner,Jet,2
SUBA,Landplane,General Aviation,Piston,1
SUCO,Helicopter,Military Helicopter,Turboprop,2
SUNB,Landplane,General Aviation,Piston,1
SUNV,Landplane,Passenger Airliner,Piston,1
SURN,Helicopter,Helicopter,Turboprop,2
SURU,Landplane,General Aviation,Piston,1
SUSO,Landplane,General Aviation,Piston,1
SV4,Landplane,Military Trainer,Piston,1
SVNH,Landplane,General Aviation,Piston,1
SW18,Landplane,General Aviation,Piston,1
SW2,Landplane,General Aviation,Turboprop,2
SW3,Landplane,General Aviation,Turboprop,2
SW4,Landplane,General Aviation,Turboprop,2
SWAK,Landplane,_unknown_,Piston,1
SWAT,Landplane,General Aviation,Piston,1
SWFT,LandPlane,,Jet,1
SWIF,Landplane,Fighter,Jet,1
SWIN,Landplane,General Aviation,Piston,1
SWOR,Landplane,Bomber,Piston,1
SX30,Landplane,General Aviation,Piston,1
SYCA,Helicopter,Military Helicopter,Piston,1
SYMP,Landplane,General Aviation,Piston,1
SYNC,Landplane,General Aviation,Piston,1
SZ45,Landplane,General Aviation,Piston,1
SZ9M,Landplane,Glider,Piston,1
T1,Landplane,Military Trainer,Jet,1
T10,Landplane,General Aviation,Piston,1
T101,Landplane,_unknown_,Turboprop,1
T134,Landplane,Passenger Airliner,Jet,2
T144,Landplane,Passenger Airliner,Jet,4
T154,Landplane,Passenger Airliner,Jet,3
T160,Landplane,Bomber,Jet,4
T18,Landplane,General Aviation,Piston,1
T19,Landplane,General Aviation,Piston,1
T2,Landplane,Military Trainer,Jet,2
T204,Landplane,Passenger Airliner,Jet,2
T206,Landplane,General Aviation,Piston,1
T210,Landplane,General Aviation,Piston,1
T211,Landplane,General Aviation,Piston,1
T22M,Landplane,Bomber,Jet,2
T250,Landplane,General Aviation,Piston,1
T28,Landplane,Military Trainer,Piston,1
T30,Landplane,General Aviation,Piston,1
T33,Landplane,Other military,Jet,1
T334,Landplane,Passenger Airliner,Jet,2
T34P,Landplane,Military Trainer,Piston,1
T34T,Landplane,Military Trainer,Turboprop,1
T35,Landplane,Military Trainer,Piston,1
T37,Landplane,Military Trainer,Jet,2
T38,Landplane,Military Trainer,Jet,2
T4,Landplane,Military Trainer,Jet,2
T40,Landplane,General Aviation,Piston,1
T411,Landplane,General Aviation,Piston,1
T415,Landplane,General Aviation,Piston,1
T419,Landplane,General Aviation,Piston,1
T5,Landplane,Military Trainer,Turboprop,1
T50,Landplane,Other military,Piston,2
T50S,Landplane,Fighter,Jet,2
T51,Landplane,General Aviation,Piston,1
T5YY,LandPlane,,Jet,2
T6,Landplane,Military Trainer,Piston,1
T7,Landplane,Military Trainer,Turboprop,1
TA15,Landplane,General Aviation,Piston,1
TA16,Amphibian,General Aviation,Piston,1
TA20,Landplane,General Aviation,Piston,1
TAA1,Landplane,General Aviation,Piston,1
TAGO,Landplane,General Aviation,Piston,1
TAIL,Landplane,General Aviation,Piston,1
TAMP,Landplane,General Aviation,Piston,1
TARO,Landplane,Agricultural,Piston,1
TARR,Landplane,Ultralight,Piston,1
TAYA,Landplane,General Aviation,Piston,1
TAYB,Landplane,General Aviation,Piston,1
TAYD,Landplane,Reconnaissance,Piston,1
TB05,Landplane,_unknown_,Piston,1
TB20,Landplane,General Aviation,Piston,1
TB21,Landplane,General Aviation,Piston,1
TB30,Landplane,Military Trainer,Piston,1
TB31,Landplane,Military Trainer,Turboprop,1
TBEE,Amphibian,General Aviation,Piston,2
TBM,Landplane,Bomber,Piston,1
TBM7,Landplane,General Aviation,Turboprop,1
TBM8,Landplane,General Aviation,Turboprop,1
TBM9,Landplane,General Aviation,Turboprop,1
TBR3,Landplane,Ultralight,Piston,1
TC2,Landplane,General Aviation,Piston,1
TCAT,Landplane,Fighter,Piston,2
TCOU,Landplane,General Aviation,Piston,2
TD1,Landplane,Ultralight,Piston,1
TD2,Landplane,_unknown_,Turboprop,1
TD3,Landplane,Ultralight,Piston,1
TEAL,Amphibian,General Aviation,Piston,1
TERM,Landplane,General Aviation,Piston,1
TERR,Landplane,General Aviation,Piston,1
TEX2,Landplane,Military Trainer,Turboprop,1
TEXA,Landplane,Ultralight,Piston,1
TF19,Landplane,General Aviation,Piston,1
TF21,Landplane,General Aviation,Piston,1
TF22,Landplane,General Aviation,Piston,1
TFK2,Landplane,Motor-Glider,Piston,1
TFOC,Landplane,General Aviation,Piston,1
TFUN,Landplane,Motor-Glider,Piston,1
TGRS,Landplane,General Aviation,Piston,1
TIAD,LandPlane,,Piston,1
TIGR,Helicopter,Helicopter,Turboprop,2
TIJU,Landplane,General Aviation,Piston,1
TIPB,Landplane,General Aviation,Piston,1
TJET,Landplane,General Aviation,Jet,2
TL20,Landplane,Ultralight,Piston,1
TL30,Landplane,Ultralight,Piston,1
TLEG,Landplane,General Aviation,Turboprop,1
TM5,Landplane,_unknown_,Piston,1
TMOT,Landplane,General Aviation,Piston,1
TMUS,Landplane,General Aviation,Piston,1
TNAV,Landplane,General Aviation,Piston,2
TNDR,Landplane,General Aviation,Piston,1
TOBA,Landplane,General Aviation,Piston,1
TOOT,Landplane,General Aviation,Piston,1
TOR,Landplane,Interceptor,Jet,2
TOUR,Landplane,General Aviation,Piston,1
TOXO,Landplane,General Aviation,Piston,1
TP40,Landplane,_unknown_,Piston,1
TPIL,Landplane,Military Trainer,Turboprop,1
TPIN,Landplane,General Aviation,Piston,2
TR1,Amphibian,General Aviation,Piston,1
TR20,Landplane,General Aviation,Piston,1
TR26,Landplane,_unknown_,Piston,1
TR55,Landplane,General Aviation,Piston,1
TRAL,Landplane,Ultralight,Piston,1
TRAP,Landplane,General Aviation,Piston,1
TRBA,Landplane,_unknown_,Piston,1
TRDO,Landplane,Ultralight,Piston,1
TRF1,Landplane,General Aviation,Piston,1
TRIM,Landplane,Passenger Airliner,Piston,3
TRIS,Landplane,Passenger Airliner,Piston,3
TRMA,Landplane,Passenger Airliner,Piston,3
TRWN,Landplane,_unknown_,Piston,2
TS11,Landplane,Military Trainer,Jet,1
TS14,Landplane,General Aviation,Piston,1
TS1J,Landplane,Motor-Glider,Jet,1
TS8,Landplane,General Aviation,Piston,1
TSPT,Landplane,General Aviation,Piston,1
TSTN,Landplane,General Aviation,Piston,1
TSTR,Gyrocopter,General Aviation,Piston,1
TT62,Landplane,_unknown_,Piston,2
TTRS,Landplane,Ultralight,Piston,1
TTWO,Landplane,General Aviation,Piston,1
TU16,Landplane,Bomber,Jet,2
TU22,Landplane,Bomber,Jet,2
TU4,Landplane,Bomber,Turboprop,4
TU95,Landplane,Bomber,Turboprop,4
TUCA,Landplane,Military Trainer,Turboprop,1
TUCR,LandPlane,,Piston,1
TUCT,LandPlane,,Turboprop/Turboshaft,1
TUL3,Landplane,_unknown_,Piston,1
TUTR,Landplane,Military Trainer,Piston,1
TVL4,Landplane,General Aviation,Piston,1
TVLB,Landplane,General Aviation,Piston,1
TWEN,Landplane,General Aviation,Piston,1
TWIR,Landplane,General Aviation,Piston,2
TWSP,Landplane,General Aviation,Piston,1
TWST,LandPlane,,Piston,1
TZRV,Landplane,Military Trainer,Jet,1
U15,Landplane,General Aviation,Piston,1
U16,Amphibian,Other military,Piston,2
U2,Landplane,Reconnaissance,Jet,1
U21,Landplane,Other military,Turboprop,2
U22,Landplane,Other military,Piston,1
UBAT,Landplane,_unknown_,Piston,1
UF10,Landplane,General Aviation,Piston,1
UF13,Landplane,Motor-Glider,Piston,1
UFHT,Gyrocopter,General Aviation,Piston,1
UH1,Helicopter,Military Helicopter,Turboprop,1
UH12,Helicopter,Helicopter,Piston,1
UH1Y,Helicopter,Military Helicopter,Turboprop,2
UHEL,Helicopter,Helicopter,_unknown_,null
UL10,Landplane,General Aviation,Piston,1
UL20,Landplane,General Aviation,Piston,1
UL2F,Landplane,Ultralight,Piston,1
UL39,LandPlane,,Piston,1
UL45,Landplane,General Aviation,Piston,1
ULAC,Landplane,Ultralight,Piston,1
ULPA,Landplane,General Aviation,Piston,1
ULTR,LandPlane,,Piston,2
ULTS,Helicopter,Helicopter,Piston,1
UM18,Gyrocopter,General Aviation,Piston,1
UNIV,Landplane,General Aviation,Piston,1
URRA,Landplane,_unknown_,Piston,1
US1,Amphibian,Other military,Turboprop,4
US2,Amphibian,Other military,Turboprop,4
UT60,Landplane,General Aviation,Piston,1
UT65,Landplane,General Aviation,Piston,1
UT66,Landplane,General Aviation,Piston,1
UT75,Landplane,General Aviation,Piston,1
UU12,Landplane,General Aviation,Piston,1
V1,Landplane,Reconnaissance,Turboprop,2
V10,Landplane,Reconnaissance,Turboprop,2
V22,Tilt-wing,Other military,Turboprop,2
V221,LandPlane,,Piston,1
V252,Landplane,General Aviation,Piston,1
V280,Tiltrotor,,Turboprop/Turboshaft,2
V322,Landplane,General Aviation,Piston,1
V351,Landplane,General Aviation,Piston,1
V452,Landplane,General Aviation,Turboprop,1
V500,Helicopter,Helicopter,Piston,1
V8SP,Landplane,_unknown_,Piston,1
VALI,Landplane,Military Trainer,Piston,1
VAMP,Landplane,Fighter,Jet,1
VANT,Landplane,Business Jet,Jet,1
VAUT,Landplane,Bomber,Jet,2
VC10,Landplane,Passenger Airliner,Jet,4
VELO,Landplane,General Aviation,Piston,1
VELT,LandPlane,,Piston,2
VENT,Landplane,Glider,No engine,0
VEZE,Landplane,General Aviation,Piston,1
VF14,Landplane,Passenger Airliner,Jet,2
VF2,Landplane,_unknown_,Piston,1
VF35,Landplane,Fighter,Jet,1
VF60,Landplane,_unknown_,Turboprop,1
VG3T,Landplane,General Aviation,Piston,1
VGUL,Landplane,General Aviation,Piston,1
VIMA,Landplane,Military Trainer,Piston,1
VIMY,Landplane,Bomber,Piston,2
VIPJ,Landplane,General Aviation,Jet,1
VIPR,Landplane,General Aviation,Piston,1
VISC,Landplane,Passenger Airliner,Turboprop,4
VISI,Landplane,General Aviation,Piston,1
VIVA,Landplane,General Aviation,Piston,1
VIX,Landplane,Ultralight,Piston,1
VIXN,Landplane,General Aviation,Piston,1
VJ22,Amphibian,General Aviation,Piston,1
VK3P,Landplane,General Aviation,Piston,1
VK3T,LandPlane,,Turboprop/Turboshaft,1
VL3,Landplane,Ultralight,Piston,1
VL3T,LandPlane,,Turboprop/Turboshaft,1
VLOT,LandPlane,,Turboprop/Turboshaft,1
VLTT,LandPlane,,Turboprop/Turboshaft,2
VM1,Landplane,Ultralight,Piston,1
VMT,Landplane,Cargo Airliner,Jet,4
VNOM,Landplane,Fighter,Jet,1
VNTR,LandPlane,,Piston,1
VO10,Landplane,General Aviation,Piston,1
VOL2,Landplane,_unknown_,Piston,1
VP2,Landplane,General Aviation,Piston,1
VR20,Landplane,_unknown_,Piston,1
VR7,LandPlane,,Piston,1
VSON,Landplane,_unknown_,Piston,1
VTOR,Landplane,General Aviation,Turboprop,2
VTRA,Landplane,General Aviation,Piston,1
VTUR,Landplane,General Aviation,Piston,1
VULC,Landplane,Bomber,Jet,4
VUT1,Landplane,General Aviation,Piston,1
VVIG,Landplane,General Aviation,Piston,1
VW10,Landplane,Ultralight,Piston,1
VWIT,Landplane,General Aviation,Piston,1
W11,Landplane,General Aviation,Piston,1
W135,LandPlane,,Jet,4
W201,Landplane,Agricultural,Piston,1
W3,Helicopter,Helicopter,Turboprop,2
W5BC,LandPlane,,Piston,1
W62T,Landplane,Agricultural,Turboprop,1
WA40,Landplane,General Aviation,Piston,1
WA41,Landplane,General Aviation,Piston,1
WA42,Landplane,General Aviation,Piston,1
WA50,Landplane,General Aviation,Piston,1
WA80,Landplane,General Aviation,Piston,1
WAC9,Landplane,General Aviation,Piston,1
WACA,Landplane,General Aviation,Piston,1
WACC,Landplane,General Aviation,Piston,1
WACD,Landplane,General Aviation,Piston,1
WACE,Landplane,General Aviation,Piston,1
WACF,Landplane,General Aviation,Piston,1
WACG,Landplane,General Aviation,Piston,1
WACM,Landplane,General Aviation,Piston,1
WACN,Landplane,General Aviation,Piston,1
WACO,Landplane,General Aviation,Piston,1
WACT,Landplane,General Aviation,Piston,1
WAIX,Landplane,Ultralight,Piston,1
WASP,Helicopter,Military Helicopter,Turboprop,1
WB57,Landplane,Reconnaissance,Jet,2
WBOO,Landplane,General Aviation,Piston,1
WCAT,Landplane,Fighter,Piston,1
WDEX,Landplane,Motor-Glider,Piston,1
WESX,Helicopter,Military Helicopter,Turboprop,2
WF4U,Landplane,General Aviation,Piston,1
WFOC,Landplane,General Aviation,Piston,1
WFUR,Landplane,General Aviation,Piston,1
WG30,Helicopter,Helicopter,Turboprop,2
WH1,Landplane,General Aviation,Piston,1
WH4,LandPlane,,Turboprop/Turboshaft,1
WHAT,Landplane,_unknown_,Piston,1
WHIL,Landplane,General Aviation,Piston,1
WHIS,Landplane,_unknown_,Piston,1
WHIT,Landplane,General Aviation,Piston,1
WHK2,Landplane,General Aviation,Jet,4
WHKN,Landplane,General Aviation,Jet,2
WICH,Landplane,General Aviation,Piston,1
WILT,Landplane,_unknown_,Piston,1
WIND,Landplane,General Aviation,Piston,1
WINE,Landplane,General Aviation,Piston,1
WIRR,Landplane,Military Trainer,Piston,1
WISP,Landplane,_unknown_,Piston,1
WLBY,LandPlane,,Piston,1
WM2,Landplane,General Aviation,Piston,1
WOPU,Landplane,General Aviation,Piston,1
WP40,Landplane,General Aviation,Piston,1
WP47,Landplane,General Aviation,Piston,1
WS22,Landplane,_unknown_,Piston,1
WSP,Landplane,_unknown_,Piston,1
WT10,LandPlane,,Piston,1
WT9,Landplane,Ultralight,Piston,1
WUSH,Amphibian,General Aviation,Piston,1
WW1,Landplane,_unknown_,Piston,1
WW23,Landplane,Business Jet,Jet,2
WW24,Landplane,Business Jet,Jet,2
WX35,LandPlane,,Piston,1
WZ10,Helicopter,Military Helicopter,Turboprop,2
WZER,Landplane,General Aviation,Piston,1
X2,Helicopter,Helicopter,Turboprop,1
X29,Landplane,General Aviation,Jet,1
X3,Helicopter,Helicopter,Turboprop,2
X32,Landplane,Fighter,Jet,1
X4,Landplane,General Aviation,Piston,1
X47B,LandPlane,,Jet,1
X49,Helicopter,Helicopter,Turboprop,2
X55,Landplane,Military Cargo,Jet,2
X59,LandPlane,,Jet,1
XA41,Landplane,General Aviation,Piston,1
XA42,Landplane,General Aviation,Piston,1
XA85,Landplane,General Aviation,Piston,1
XAIR,Landplane,Ultralight,Piston,1
XB1,LandPlane,,Jet,3
XL2,Landplane,General Aviation,Piston,1
XNON,Gyrocopter,General Aviation,Piston,1
XNOS,Landplane,Ultralight,Piston,1
XV15,Tilt-wing,Helicopter,Turboprop,2
Y11,Landplane,Passenger Airliner,Turboprop,2
Y112,Landplane,General Aviation,Piston,1
Y12,Landplane,Passenger Airliner,Turboprop,2
Y12F,Landplane,Passenger Airliner,Turboprop,2
Y130,Landplane,Military Trainer,Jet,2
Y141,Landplane,Fighter,Jet,3
Y18T,Landplane,General Aviation,Piston,1
Y20,LandPlane,,Jet,4
YA1,LandPlane,,Piston,1
YAK3,Landplane,Fighter,Piston,1
YAK9,Landplane,Fighter,Piston,1
YALE,Landplane,Military Trainer,Piston,1
YARR,Landplane,_unknown_,Piston,1
YAST,Landplane,_unknown_,Piston,1
YC12,Landplane,General Aviation,Piston,1
YK11,Landplane,Military Trainer,Piston,1
YK12,Landplane,General Aviation,Piston,1
YK18,Landplane,Military Trainer,Piston,1
YK28,Landplane,Bomber,Jet,2
YK30,Landplane,Military Trainer,Jet,1
YK38,Landplane,Other military,Jet,3
YK40,Landplane,Passenger Airliner,Jet,3
YK42,Landplane,Passenger Airliner,Jet,3
YK50,Landplane,General Aviation,Piston,1
YK52,Landplane,Military Trainer,Piston,1
YK53,Landplane,General Aviation,Piston,1
YK54,Landplane,General Aviation,Piston,1
YK55,Landplane,General Aviation,Piston,1
YK58,Landplane,General Aviation,Piston,1
YL15,LandPlane,,Piston,1
YNHL,Helicopter,Helicopter,Piston,2
YS11,Landplane,Passenger Airliner,Turboprop,2
YUKN,LandPlane,,Piston,1
YUNO,Landplane,General Aviation,Piston,1
YURO,Landplane,Fighter,Jet,2
Z22,Landplane,General Aviation,Piston,1
Z26,Landplane,General Aviation,Piston,1
Z37P,Landplane,Agricultural,Piston,1
Z37T,Landplane,Agricultural,Turboprop,1
Z42,Landplane,General Aviation,Piston,1
Z43,Landplane,General Aviation,Piston,1
Z50,Landplane,General Aviation,Piston,1
ZA6,Helicopter,Helicopter,Piston,1
ZEFR,Helicopter,,Turboprop/Turboshaft,1
ZEP2,Landplane,_unknown_,Piston,1
ZEPH,Landplane,Ultralight,Piston,1
ZERO,Landplane,Fighter,Piston,1
ZIA,Landplane,Motor-Glider,Piston,1
ZIU,Landplane,_unknown_,Piston,1
ZULU,Landplane,_unknown_,Piston,1
ZZZZ,_unknown_,_unknown_,_unknown_,_unknown_
jun1,Landplane,General Aviation,Piston,1
jun2,Landplane,General Aviation,Piston,1